0 verbose cli /usr/local/bin/node /Users/sg/.npm-global/bin/npm
1 info using npm@10.9.1
2 info using node@v23.8.0
3 silly config load:file:/Users/sg/.npm-global/lib/node_modules/npm/npmrc
4 silly config load:file:/Users/sg/SavageGentlemen/backend_test/.npmrc
5 silly config load:file:/Users/sg/.npmrc
6 silly config load:file:/usr/local/etc/npmrc
7 verbose title npm install
8 verbose argv "install" "--no-fund" "--cache" "/Users/sg/SavageGentlemen/.npm-cache2"
9 verbose logfile logs-max:10 dir:/Users/sg/SavageGentlemen/.npm-cache2/_logs/2026-02-20T20_10_15_226Z-
10 verbose logfile /Users/sg/SavageGentlemen/.npm-cache2/_logs/2026-02-20T20_10_15_226Z-debug-0.log
11 silly logfile done cleaning log files
12 silly packumentCache heap:4345298944 maxSize:1086324736 maxEntrySize:543162368
13 silly idealTree buildDeps
14 silly fetch manifest @hookform/resolvers@^3.10.0
15 silly packumentCache full:https://registry.npmjs.org/@hookform%2fresolvers cache-miss
16 http fetch GET 200 https://registry.npmjs.org/npm 159ms
17 http fetch GET 200 https://registry.npmjs.org/@hookform%2fresolvers 121ms (cache miss)
18 silly packumentCache full:https://registry.npmjs.org/@hookform%2fresolvers set size:undefined disposed:false
19 silly fetch manifest react-hook-form@^7.55.0
20 silly packumentCache full:https://registry.npmjs.org/react-hook-form cache-miss
21 http fetch GET 200 https://registry.npmjs.org/react-hook-form 86ms (cache miss)
22 silly packumentCache full:https://registry.npmjs.org/react-hook-form set size:undefined disposed:false
23 silly fetch manifest react@^18.3.1
24 silly packumentCache full:https://registry.npmjs.org/react cache-miss
25 http fetch GET 200 https://registry.npmjs.org/react 177ms (cache miss)
26 silly packumentCache full:https://registry.npmjs.org/react set size:undefined disposed:false
27 silly fetch manifest @jridgewell/trace-mapping@^0.3.25
28 silly packumentCache full:https://registry.npmjs.org/@jridgewell%2ftrace-mapping cache-miss
29 http fetch GET 200 https://registry.npmjs.org/@jridgewell%2ftrace-mapping 65ms (cache miss)
30 silly packumentCache full:https://registry.npmjs.org/@jridgewell%2ftrace-mapping set size:undefined disposed:false
31 silly fetch manifest @neondatabase/serverless@^0.10.4
32 silly packumentCache full:https://registry.npmjs.org/@neondatabase%2fserverless cache-miss
33 http fetch GET 200 https://registry.npmjs.org/@neondatabase%2fserverless 69ms (cache miss)
34 silly packumentCache full:https://registry.npmjs.org/@neondatabase%2fserverless set size:undefined disposed:false
35 silly fetch manifest @paypal/paypal-server-sdk@^1.0.0
36 silly packumentCache full:https://registry.npmjs.org/@paypal%2fpaypal-server-sdk cache-miss
37 http fetch GET 200 https://registry.npmjs.org/@paypal%2fpaypal-server-sdk 55ms (cache miss)
38 silly packumentCache full:https://registry.npmjs.org/@paypal%2fpaypal-server-sdk set size:undefined disposed:false
39 silly fetch manifest @radix-ui/react-accordion@^1.2.4
40 silly packumentCache full:https://registry.npmjs.org/@radix-ui%2freact-accordion cache-miss
41 http fetch GET 200 https://registry.npmjs.org/@radix-ui%2freact-accordion 138ms (cache miss)
42 silly packumentCache full:https://registry.npmjs.org/@radix-ui%2freact-accordion set size:undefined disposed:false
43 silly fetch manifest @types/react@^18.3.11
44 silly packumentCache full:https://registry.npmjs.org/@types%2freact cache-miss
45 http fetch GET 200 https://registry.npmjs.org/@types%2freact 63ms (cache miss)
46 silly packumentCache full:https://registry.npmjs.org/@types%2freact set size:undefined disposed:false
47 silly fetch manifest @types/react-dom@^18.3.1
48 silly packumentCache full:https://registry.npmjs.org/@types%2freact-dom cache-miss
49 http fetch GET 200 https://registry.npmjs.org/@types%2freact-dom 50ms (cache miss)
50 silly packumentCache full:https://registry.npmjs.org/@types%2freact-dom set size:undefined disposed:false
51 silly fetch manifest react-dom@^18.3.1
52 silly packumentCache full:https://registry.npmjs.org/react-dom cache-miss
53 http fetch GET 200 https://registry.npmjs.org/react-dom 131ms (cache miss)
54 silly packumentCache full:https://registry.npmjs.org/react-dom set size:undefined disposed:false
55 silly fetch manifest @radix-ui/react-alert-dialog@^1.1.7
56 silly packumentCache full:https://registry.npmjs.org/@radix-ui%2freact-alert-dialog cache-miss
57 http fetch GET 200 https://registry.npmjs.org/@radix-ui%2freact-alert-dialog 125ms (cache miss)
58 silly packumentCache full:https://registry.npmjs.org/@radix-ui%2freact-alert-dialog set size:undefined disposed:false
59 silly fetch manifest @radix-ui/react-aspect-ratio@^1.1.3
60 silly packumentCache full:https://registry.npmjs.org/@radix-ui%2freact-aspect-ratio cache-miss
61 http fetch GET 200 https://registry.npmjs.org/@radix-ui%2freact-aspect-ratio 67ms (cache miss)
62 silly packumentCache full:https://registry.npmjs.org/@radix-ui%2freact-aspect-ratio set size:undefined disposed:false
63 silly fetch manifest @radix-ui/react-avatar@^1.1.4
64 silly packumentCache full:https://registry.npmjs.org/@radix-ui%2freact-avatar cache-miss
65 http fetch GET 200 https://registry.npmjs.org/@radix-ui%2freact-avatar 505ms (cache miss)
66 silly packumentCache full:https://registry.npmjs.org/@radix-ui%2freact-avatar set size:undefined disposed:false
67 silly fetch manifest @radix-ui/react-checkbox@^1.1.5
68 silly packumentCache full:https://registry.npmjs.org/@radix-ui%2freact-checkbox cache-miss
69 http fetch GET 200 https://registry.npmjs.org/@radix-ui%2freact-checkbox 80ms (cache miss)
70 silly packumentCache full:https://registry.npmjs.org/@radix-ui%2freact-checkbox set size:undefined disposed:false
71 silly fetch manifest @radix-ui/react-collapsible@^1.1.4
72 silly packumentCache full:https://registry.npmjs.org/@radix-ui%2freact-collapsible cache-miss
73 http fetch GET 200 https://registry.npmjs.org/@radix-ui%2freact-collapsible 53ms (cache miss)
74 silly packumentCache full:https://registry.npmjs.org/@radix-ui%2freact-collapsible set size:undefined disposed:false
75 silly fetch manifest @radix-ui/react-context-menu@^2.2.7
76 silly packumentCache full:https://registry.npmjs.org/@radix-ui%2freact-context-menu cache-miss
77 http fetch GET 200 https://registry.npmjs.org/@radix-ui%2freact-context-menu 62ms (cache miss)
78 silly packumentCache full:https://registry.npmjs.org/@radix-ui%2freact-context-menu set size:undefined disposed:false
79 silly fetch manifest @radix-ui/react-dialog@^1.1.7
80 silly packumentCache full:https://registry.npmjs.org/@radix-ui%2freact-dialog cache-miss
81 http fetch GET 200 https://registry.npmjs.org/@radix-ui%2freact-dialog 72ms (cache miss)
82 silly packumentCache full:https://registry.npmjs.org/@radix-ui%2freact-dialog set size:undefined disposed:false
83 silly fetch manifest @radix-ui/react-dropdown-menu@^2.1.7
84 silly packumentCache full:https://registry.npmjs.org/@radix-ui%2freact-dropdown-menu cache-miss
85 http fetch GET 200 https://registry.npmjs.org/@radix-ui%2freact-dropdown-menu 293ms (cache miss)
86 silly packumentCache full:https://registry.npmjs.org/@radix-ui%2freact-dropdown-menu set size:undefined disposed:false
87 silly fetch manifest @radix-ui/react-hover-card@^1.1.7
88 silly packumentCache full:https://registry.npmjs.org/@radix-ui%2freact-hover-card cache-miss
89 http fetch GET 200 https://registry.npmjs.org/@radix-ui%2freact-hover-card 55ms (cache miss)
90 silly packumentCache full:https://registry.npmjs.org/@radix-ui%2freact-hover-card set size:undefined disposed:false
91 silly fetch manifest @radix-ui/react-label@^2.1.3
92 silly packumentCache full:https://registry.npmjs.org/@radix-ui%2freact-label cache-miss
93 http fetch GET 200 https://registry.npmjs.org/@radix-ui%2freact-label 226ms (cache miss)
94 silly packumentCache full:https://registry.npmjs.org/@radix-ui%2freact-label set size:undefined disposed:false
95 silly fetch manifest @radix-ui/react-menubar@^1.1.7
96 silly packumentCache full:https://registry.npmjs.org/@radix-ui%2freact-menubar cache-miss
97 http fetch GET 200 https://registry.npmjs.org/@radix-ui%2freact-menubar 48ms (cache miss)
98 silly packumentCache full:https://registry.npmjs.org/@radix-ui%2freact-menubar set size:undefined disposed:false
99 silly fetch manifest @radix-ui/react-navigation-menu@^1.2.6
100 silly packumentCache full:https://registry.npmjs.org/@radix-ui%2freact-navigation-menu cache-miss
101 http fetch GET 200 https://registry.npmjs.org/@radix-ui%2freact-navigation-menu 66ms (cache miss)
102 silly packumentCache full:https://registry.npmjs.org/@radix-ui%2freact-navigation-menu set size:undefined disposed:false
103 silly fetch manifest @radix-ui/react-popover@^1.1.7
104 silly packumentCache full:https://registry.npmjs.org/@radix-ui%2freact-popover cache-miss
105 http fetch GET 200 https://registry.npmjs.org/@radix-ui%2freact-popover 55ms (cache miss)
106 silly packumentCache full:https://registry.npmjs.org/@radix-ui%2freact-popover set size:undefined disposed:false
107 silly fetch manifest @radix-ui/react-progress@^1.1.3
108 silly packumentCache full:https://registry.npmjs.org/@radix-ui%2freact-progress cache-miss
109 http fetch GET 200 https://registry.npmjs.org/@radix-ui%2freact-progress 78ms (cache miss)
110 silly packumentCache full:https://registry.npmjs.org/@radix-ui%2freact-progress set size:undefined disposed:false
111 silly fetch manifest @radix-ui/react-radio-group@^1.2.4
112 silly packumentCache full:https://registry.npmjs.org/@radix-ui%2freact-radio-group cache-miss
113 http fetch GET 200 https://registry.npmjs.org/@radix-ui%2freact-radio-group 50ms (cache miss)
114 silly packumentCache full:https://registry.npmjs.org/@radix-ui%2freact-radio-group set size:undefined disposed:false
115 silly fetch manifest @radix-ui/react-scroll-area@^1.2.4
116 silly packumentCache full:https://registry.npmjs.org/@radix-ui%2freact-scroll-area cache-miss
117 http fetch GET 200 https://registry.npmjs.org/@radix-ui%2freact-scroll-area 64ms (cache miss)
118 silly packumentCache full:https://registry.npmjs.org/@radix-ui%2freact-scroll-area set size:undefined disposed:false
119 silly fetch manifest @radix-ui/react-select@^2.1.7
120 silly packumentCache full:https://registry.npmjs.org/@radix-ui%2freact-select cache-miss
121 http fetch GET 200 https://registry.npmjs.org/@radix-ui%2freact-select 54ms (cache miss)
122 silly packumentCache full:https://registry.npmjs.org/@radix-ui%2freact-select set size:undefined disposed:false
123 silly fetch manifest @radix-ui/react-separator@^1.1.3
124 silly packumentCache full:https://registry.npmjs.org/@radix-ui%2freact-separator cache-miss
125 http fetch GET 200 https://registry.npmjs.org/@radix-ui%2freact-separator 61ms (cache miss)
126 silly packumentCache full:https://registry.npmjs.org/@radix-ui%2freact-separator set size:undefined disposed:false
127 silly fetch manifest @radix-ui/react-slider@^1.2.4
128 silly packumentCache full:https://registry.npmjs.org/@radix-ui%2freact-slider cache-miss
129 http fetch GET 200 https://registry.npmjs.org/@radix-ui%2freact-slider 120ms (cache miss)
130 silly packumentCache full:https://registry.npmjs.org/@radix-ui%2freact-slider set size:undefined disposed:false
131 silly fetch manifest @radix-ui/react-slot@^1.2.0
132 silly packumentCache full:https://registry.npmjs.org/@radix-ui%2freact-slot cache-miss
133 http fetch GET 200 https://registry.npmjs.org/@radix-ui%2freact-slot 68ms (cache miss)
134 silly packumentCache full:https://registry.npmjs.org/@radix-ui%2freact-slot set size:undefined disposed:false
135 silly fetch manifest @radix-ui/react-switch@^1.1.4
136 silly packumentCache full:https://registry.npmjs.org/@radix-ui%2freact-switch cache-miss
137 http fetch GET 200 https://registry.npmjs.org/@radix-ui%2freact-switch 67ms (cache miss)
138 silly packumentCache full:https://registry.npmjs.org/@radix-ui%2freact-switch set size:undefined disposed:false
139 silly fetch manifest @radix-ui/react-tabs@^1.1.4
140 silly packumentCache full:https://registry.npmjs.org/@radix-ui%2freact-tabs cache-miss
141 http fetch GET 200 https://registry.npmjs.org/@radix-ui%2freact-tabs 78ms (cache miss)
142 silly packumentCache full:https://registry.npmjs.org/@radix-ui%2freact-tabs set size:undefined disposed:false
143 silly fetch manifest @radix-ui/react-toast@^1.2.7
144 silly packumentCache full:https://registry.npmjs.org/@radix-ui%2freact-toast cache-miss
145 http fetch GET 200 https://registry.npmjs.org/@radix-ui%2freact-toast 61ms (cache miss)
146 silly packumentCache full:https://registry.npmjs.org/@radix-ui%2freact-toast set size:undefined disposed:false
147 silly fetch manifest @radix-ui/react-toggle@^1.1.3
148 silly packumentCache full:https://registry.npmjs.org/@radix-ui%2freact-toggle cache-miss
149 http fetch GET 200 https://registry.npmjs.org/@radix-ui%2freact-toggle 54ms (cache miss)
150 silly packumentCache full:https://registry.npmjs.org/@radix-ui%2freact-toggle set size:undefined disposed:false
151 silly fetch manifest @radix-ui/react-toggle-group@^1.1.3
152 silly packumentCache full:https://registry.npmjs.org/@radix-ui%2freact-toggle-group cache-miss
153 http fetch GET 200 https://registry.npmjs.org/@radix-ui%2freact-toggle-group 496ms (cache miss)
154 silly packumentCache full:https://registry.npmjs.org/@radix-ui%2freact-toggle-group set size:undefined disposed:false
155 silly fetch manifest @radix-ui/react-tooltip@^1.2.0
156 silly packumentCache full:https://registry.npmjs.org/@radix-ui%2freact-tooltip cache-miss
157 http fetch GET 200 https://registry.npmjs.org/@radix-ui%2freact-tooltip 67ms (cache miss)
158 silly packumentCache full:https://registry.npmjs.org/@radix-ui%2freact-tooltip set size:undefined disposed:false
159 silly fetch manifest @sendgrid/mail@^8.1.5
160 silly packumentCache full:https://registry.npmjs.org/@sendgrid%2fmail cache-miss
161 http fetch GET 200 https://registry.npmjs.org/@sendgrid%2fmail 76ms (cache miss)
162 silly packumentCache full:https://registry.npmjs.org/@sendgrid%2fmail set size:undefined disposed:false
163 silly fetch manifest @stripe/react-stripe-js@^3.7.0
164 silly packumentCache full:https://registry.npmjs.org/@stripe%2freact-stripe-js cache-miss
165 http fetch GET 200 https://registry.npmjs.org/@stripe%2freact-stripe-js 58ms (cache miss)
166 silly packumentCache full:https://registry.npmjs.org/@stripe%2freact-stripe-js set size:undefined disposed:false
167 silly fetch manifest @stripe/stripe-js@^7.3.1
168 silly packumentCache full:https://registry.npmjs.org/@stripe%2fstripe-js cache-miss
169 http fetch GET 200 https://registry.npmjs.org/@stripe%2fstripe-js 128ms (cache miss)
170 silly packumentCache full:https://registry.npmjs.org/@stripe%2fstripe-js set size:undefined disposed:false
171 silly fetch manifest @tanstack/react-query@^5.60.5
172 silly packumentCache full:https://registry.npmjs.org/@tanstack%2freact-query cache-miss
173 http fetch GET 200 https://registry.npmjs.org/@tanstack%2freact-query 63ms (cache miss)
174 silly packumentCache full:https://registry.npmjs.org/@tanstack%2freact-query set size:undefined disposed:false
175 silly fetch manifest @types/cookie@^0.6.0
176 silly packumentCache full:https://registry.npmjs.org/@types%2fcookie cache-miss
177 http fetch GET 200 https://registry.npmjs.org/@types%2fcookie 43ms (cache miss)
178 silly packumentCache full:https://registry.npmjs.org/@types%2fcookie set size:undefined disposed:false
179 silly fetch manifest @types/cors@^2.8.18
180 silly packumentCache full:https://registry.npmjs.org/@types%2fcors cache-miss
181 http fetch GET 200 https://registry.npmjs.org/@types%2fcors 49ms (cache miss)
182 silly packumentCache full:https://registry.npmjs.org/@types%2fcors set size:undefined disposed:false
183 silly fetch manifest @types/file-saver@^2.0.7
184 silly packumentCache full:https://registry.npmjs.org/@types%2ffile-saver cache-miss
185 http fetch GET 200 https://registry.npmjs.org/@types%2ffile-saver 54ms (cache miss)
186 silly packumentCache full:https://registry.npmjs.org/@types%2ffile-saver set size:undefined disposed:false
187 silly fetch manifest @types/memoizee@^0.4.12
188 silly packumentCache full:https://registry.npmjs.org/@types%2fmemoizee cache-miss
189 http fetch GET 200 https://registry.npmjs.org/@types%2fmemoizee 39ms (cache miss)
190 silly packumentCache full:https://registry.npmjs.org/@types%2fmemoizee set size:undefined disposed:false
191 silly fetch manifest @types/multer@^1.4.12
192 silly packumentCache full:https://registry.npmjs.org/@types%2fmulter cache-miss
193 http fetch GET 200 https://registry.npmjs.org/@types%2fmulter 37ms (cache miss)
194 silly packumentCache full:https://registry.npmjs.org/@types%2fmulter set size:undefined disposed:false
195 silly fetch manifest @types/nodemailer@^7.0.1
196 silly packumentCache full:https://registry.npmjs.org/@types%2fnodemailer cache-miss
197 http fetch GET 200 https://registry.npmjs.org/@types%2fnodemailer 49ms (cache miss)
198 silly packumentCache full:https://registry.npmjs.org/@types%2fnodemailer set size:undefined disposed:false
199 silly fetch manifest @types/qrcode@^1.5.5
200 silly packumentCache full:https://registry.npmjs.org/@types%2fqrcode cache-miss
201 http fetch GET 200 https://registry.npmjs.org/@types%2fqrcode 33ms (cache miss)
202 silly packumentCache full:https://registry.npmjs.org/@types%2fqrcode set size:undefined disposed:false
203 silly fetch manifest @types/react-helmet@^6.1.11
204 silly packumentCache full:https://registry.npmjs.org/@types%2freact-helmet cache-miss
205 http fetch GET 200 https://registry.npmjs.org/@types%2freact-helmet 59ms (cache miss)
206 silly packumentCache full:https://registry.npmjs.org/@types%2freact-helmet set size:undefined disposed:false
207 silly fetch manifest @types/uuid@^10.0.0
208 silly packumentCache full:https://registry.npmjs.org/@types%2fuuid cache-miss
209 http fetch GET 200 https://registry.npmjs.org/@types%2fuuid 43ms (cache miss)
210 silly packumentCache full:https://registry.npmjs.org/@types%2fuuid set size:undefined disposed:false
211 silly fetch manifest class-variance-authority@^0.7.1
212 silly packumentCache full:https://registry.npmjs.org/class-variance-authority cache-miss
213 http fetch GET 200 https://registry.npmjs.org/class-variance-authority 37ms (cache miss)
214 silly packumentCache full:https://registry.npmjs.org/class-variance-authority set size:undefined disposed:false
215 silly fetch manifest clsx@^2.1.1
216 silly packumentCache full:https://registry.npmjs.org/clsx cache-miss
217 http fetch GET 200 https://registry.npmjs.org/clsx 29ms (cache miss)
218 silly packumentCache full:https://registry.npmjs.org/clsx set size:undefined disposed:false
219 silly fetch manifest cmdk@^1.1.1
220 silly packumentCache full:https://registry.npmjs.org/cmdk cache-miss
221 http fetch GET 200 https://registry.npmjs.org/cmdk 46ms (cache miss)
222 silly packumentCache full:https://registry.npmjs.org/cmdk set size:undefined disposed:false
223 silly fetch manifest connect-pg-simple@^10.0.0
224 silly packumentCache full:https://registry.npmjs.org/connect-pg-simple cache-miss
225 http fetch GET 200 https://registry.npmjs.org/connect-pg-simple 31ms (cache miss)
226 silly packumentCache full:https://registry.npmjs.org/connect-pg-simple set size:undefined disposed:false
227 silly fetch manifest cors@^2.8.5
228 silly packumentCache full:https://registry.npmjs.org/cors cache-miss
229 http fetch GET 200 https://registry.npmjs.org/cors 37ms (cache miss)
230 silly packumentCache full:https://registry.npmjs.org/cors set size:undefined disposed:false
231 silly fetch manifest csv-parse@^5.6.0
232 silly packumentCache full:https://registry.npmjs.org/csv-parse cache-miss
233 http fetch GET 200 https://registry.npmjs.org/csv-parse 43ms (cache miss)
234 silly packumentCache full:https://registry.npmjs.org/csv-parse set size:undefined disposed:false
235 silly fetch manifest csv-stringify@^6.5.2
236 silly packumentCache full:https://registry.npmjs.org/csv-stringify cache-miss
237 http fetch GET 200 https://registry.npmjs.org/csv-stringify 32ms (cache miss)
238 silly packumentCache full:https://registry.npmjs.org/csv-stringify set size:undefined disposed:false
239 silly fetch manifest date-fns@^3.6.0
240 silly packumentCache full:https://registry.npmjs.org/date-fns cache-miss
241 http fetch GET 200 https://registry.npmjs.org/date-fns 226ms (cache miss)
242 silly packumentCache full:https://registry.npmjs.org/date-fns set size:undefined disposed:false
243 silly fetch manifest dotenv@^17.2.3
244 silly packumentCache full:https://registry.npmjs.org/dotenv cache-miss
245 http fetch GET 200 https://registry.npmjs.org/dotenv 34ms (cache miss)
246 silly packumentCache full:https://registry.npmjs.org/dotenv set size:undefined disposed:false
247 silly fetch manifest drizzle-orm@^0.39.1
248 silly packumentCache full:https://registry.npmjs.org/drizzle-orm cache-miss
249 http fetch GET 200 https://registry.npmjs.org/drizzle-orm 3359ms (cache miss)
250 silly packumentCache full:https://registry.npmjs.org/drizzle-orm set size:undefined disposed:false
251 silly fetch manifest @aws-sdk/client-rds-data@>=3
252 silly packumentCache full:https://registry.npmjs.org/@aws-sdk%2fclient-rds-data cache-miss
253 http fetch GET 200 https://registry.npmjs.org/@aws-sdk%2fclient-rds-data 287ms (cache miss)
254 silly packumentCache full:https://registry.npmjs.org/@aws-sdk%2fclient-rds-data set size:undefined disposed:false
255 silly fetch manifest @cloudflare/workers-types@>=4
256 silly packumentCache full:https://registry.npmjs.org/@cloudflare%2fworkers-types cache-miss
257 http fetch GET 200 https://registry.npmjs.org/@cloudflare%2fworkers-types 48ms (cache miss)
258 silly packumentCache full:https://registry.npmjs.org/@cloudflare%2fworkers-types set size:undefined disposed:false
259 silly fetch manifest @electric-sql/pglite@>=0.2.0
260 silly packumentCache full:https://registry.npmjs.org/@electric-sql%2fpglite cache-miss
261 http fetch GET 200 https://registry.npmjs.org/@electric-sql%2fpglite 57ms (cache miss)
262 silly packumentCache full:https://registry.npmjs.org/@electric-sql%2fpglite set size:undefined disposed:false
263 silly fetch manifest @libsql/client@>=0.10.0
264 silly packumentCache full:https://registry.npmjs.org/@libsql%2fclient cache-miss
265 http fetch GET 200 https://registry.npmjs.org/@libsql%2fclient 47ms (cache miss)
266 silly packumentCache full:https://registry.npmjs.org/@libsql%2fclient set size:undefined disposed:false
267 silly fetch manifest @libsql/client-wasm@>=0.10.0
268 silly packumentCache full:https://registry.npmjs.org/@libsql%2fclient-wasm cache-miss
269 http fetch GET 200 https://registry.npmjs.org/@libsql%2fclient-wasm 50ms (cache miss)
270 silly packumentCache full:https://registry.npmjs.org/@libsql%2fclient-wasm set size:undefined disposed:false
271 silly fetch manifest @op-engineering/op-sqlite@>=2
272 silly packumentCache full:https://registry.npmjs.org/@op-engineering%2fop-sqlite cache-miss
273 http fetch GET 200 https://registry.npmjs.org/@op-engineering%2fop-sqlite 50ms (cache miss)
274 silly packumentCache full:https://registry.npmjs.org/@op-engineering%2fop-sqlite set size:undefined disposed:false
275 silly fetch manifest react-native@*
276 silly packumentCache full:https://registry.npmjs.org/react-native cache-miss
277 http fetch GET 200 https://registry.npmjs.org/react-native 209ms (cache miss)
278 silly packumentCache full:https://registry.npmjs.org/react-native set size:undefined disposed:false
279 silly fetch manifest @types/react@^19.1.1
280 silly packumentCache full:https://registry.npmjs.org/@types%2freact cache-miss
281 http cache https://registry.npmjs.org/@types%2freact 23ms (cache hit)
282 silly packumentCache full:https://registry.npmjs.org/@types%2freact set size:2588986 disposed:false
283 silly fetch manifest react@^19.2.3
284 silly packumentCache full:https://registry.npmjs.org/react cache-miss
285 http cache https://registry.npmjs.org/react 28ms (cache hit)
286 silly packumentCache full:https://registry.npmjs.org/react set size:6504076 disposed:false
287 silly fetch manifest @opentelemetry/api@^1.4.1
288 silly packumentCache full:https://registry.npmjs.org/@opentelemetry%2fapi cache-miss
289 http fetch GET 200 https://registry.npmjs.org/@opentelemetry%2fapi 55ms (cache miss)
290 silly packumentCache full:https://registry.npmjs.org/@opentelemetry%2fapi set size:undefined disposed:false
291 silly fetch manifest @planetscale/database@>=1
292 silly packumentCache full:https://registry.npmjs.org/@planetscale%2fdatabase cache-miss
293 http fetch GET 200 https://registry.npmjs.org/@planetscale%2fdatabase 56ms (cache miss)
294 silly packumentCache full:https://registry.npmjs.org/@planetscale%2fdatabase set size:undefined disposed:false
295 silly fetch manifest @prisma/client@*
296 silly packumentCache full:https://registry.npmjs.org/@prisma%2fclient cache-miss
297 http fetch GET 200 https://registry.npmjs.org/@prisma%2fclient 758ms (cache miss)
298 silly packumentCache full:https://registry.npmjs.org/@prisma%2fclient set size:undefined disposed:false
299 silly fetch manifest prisma@*
300 silly packumentCache full:https://registry.npmjs.org/prisma cache-miss
301 http fetch GET 200 https://registry.npmjs.org/prisma 519ms (cache miss)
302 silly packumentCache full:https://registry.npmjs.org/prisma set size:undefined disposed:false
303 silly fetch manifest typescript@5.6.3
304 silly packumentCache full:https://registry.npmjs.org/typescript cache-miss
305 http fetch GET 200 https://registry.npmjs.org/typescript 147ms (cache miss)
306 silly packumentCache full:https://registry.npmjs.org/typescript set size:undefined disposed:false
307 silly fetch manifest @tidbcloud/serverless@*
308 silly packumentCache full:https://registry.npmjs.org/@tidbcloud%2fserverless cache-miss
309 http fetch GET 200 https://registry.npmjs.org/@tidbcloud%2fserverless 52ms (cache miss)
310 silly packumentCache full:https://registry.npmjs.org/@tidbcloud%2fserverless set size:undefined disposed:false
311 silly fetch manifest @types/better-sqlite3@*
312 silly packumentCache full:https://registry.npmjs.org/@types%2fbetter-sqlite3 cache-miss
313 http fetch GET 200 https://registry.npmjs.org/@types%2fbetter-sqlite3 125ms (cache miss)
314 silly packumentCache full:https://registry.npmjs.org/@types%2fbetter-sqlite3 set size:undefined disposed:false
315 silly fetch manifest @types/pg@*
316 silly packumentCache full:https://registry.npmjs.org/@types%2fpg cache-miss
317 http fetch GET 200 https://registry.npmjs.org/@types%2fpg 38ms (cache miss)
318 silly packumentCache full:https://registry.npmjs.org/@types%2fpg set size:undefined disposed:false
319 silly fetch manifest @types/sql.js@*
320 silly packumentCache full:https://registry.npmjs.org/@types%2fsql.js cache-miss
321 http fetch GET 200 https://registry.npmjs.org/@types%2fsql.js 35ms (cache miss)
322 silly packumentCache full:https://registry.npmjs.org/@types%2fsql.js set size:undefined disposed:false
323 silly fetch manifest @vercel/postgres@>=0.8.0
324 silly packumentCache full:https://registry.npmjs.org/@vercel%2fpostgres cache-miss
325 http fetch GET 200 https://registry.npmjs.org/@vercel%2fpostgres 49ms (cache miss)
326 silly packumentCache full:https://registry.npmjs.org/@vercel%2fpostgres set size:undefined disposed:false
327 silly fetch manifest @xata.io/client@*
328 silly packumentCache full:https://registry.npmjs.org/@xata.io%2fclient cache-miss
329 http fetch GET 200 https://registry.npmjs.org/@xata.io%2fclient 227ms (cache miss)
330 silly packumentCache full:https://registry.npmjs.org/@xata.io%2fclient set size:undefined disposed:false
331 silly fetch manifest better-sqlite3@>=7
332 silly packumentCache full:https://registry.npmjs.org/better-sqlite3 cache-miss
333 http fetch GET 200 https://registry.npmjs.org/better-sqlite3 50ms (cache miss)
334 silly packumentCache full:https://registry.npmjs.org/better-sqlite3 set size:undefined disposed:false
335 silly fetch manifest bun-types@*
336 silly packumentCache full:https://registry.npmjs.org/bun-types cache-miss
337 http fetch GET 200 https://registry.npmjs.org/bun-types 56ms (cache miss)
338 silly packumentCache full:https://registry.npmjs.org/bun-types set size:undefined disposed:false
339 silly fetch manifest expo-sqlite@>=14.0.0
340 silly packumentCache full:https://registry.npmjs.org/expo-sqlite cache-miss
341 http fetch GET 200 https://registry.npmjs.org/expo-sqlite 43ms (cache miss)
342 silly packumentCache full:https://registry.npmjs.org/expo-sqlite set size:undefined disposed:false
343 silly fetch manifest expo@*
344 silly packumentCache full:https://registry.npmjs.org/expo cache-miss
345 http fetch GET 200 https://registry.npmjs.org/expo 73ms (cache miss)
346 silly packumentCache full:https://registry.npmjs.org/expo set size:undefined disposed:false
347 silly fetch manifest @expo/dom-webview@*
348 silly packumentCache full:https://registry.npmjs.org/@expo%2fdom-webview cache-miss
349 http fetch GET 200 https://registry.npmjs.org/@expo%2fdom-webview 128ms (cache miss)
350 silly packumentCache full:https://registry.npmjs.org/@expo%2fdom-webview set size:undefined disposed:false
351 silly fetch manifest @expo/metro-runtime@*
352 silly packumentCache full:https://registry.npmjs.org/@expo%2fmetro-runtime cache-miss
353 http fetch GET 200 https://registry.npmjs.org/@expo%2fmetro-runtime 102ms (cache miss)
354 silly packumentCache full:https://registry.npmjs.org/@expo%2fmetro-runtime set size:undefined disposed:false
355 silly fetch manifest react-native-webview@*
356 silly packumentCache full:https://registry.npmjs.org/react-native-webview cache-miss
357 http fetch GET 200 https://registry.npmjs.org/react-native-webview 68ms (cache miss)
358 silly packumentCache full:https://registry.npmjs.org/react-native-webview set size:undefined disposed:false
359 silly fetch manifest knex@*
360 silly packumentCache full:https://registry.npmjs.org/knex cache-miss
361 http fetch GET 200 https://registry.npmjs.org/knex 43ms (cache miss)
362 silly packumentCache full:https://registry.npmjs.org/knex set size:undefined disposed:false
363 silly fetch manifest kysely@*
364 silly packumentCache full:https://registry.npmjs.org/kysely cache-miss
365 http fetch GET 200 https://registry.npmjs.org/kysely 45ms (cache miss)
366 silly packumentCache full:https://registry.npmjs.org/kysely set size:undefined disposed:false
367 silly fetch manifest mysql2@>=2
368 silly packumentCache full:https://registry.npmjs.org/mysql2 cache-miss
369 http fetch GET 200 https://registry.npmjs.org/mysql2 33ms (cache miss)
370 silly packumentCache full:https://registry.npmjs.org/mysql2 set size:undefined disposed:false
371 silly fetch manifest pg@>=8
372 silly packumentCache full:https://registry.npmjs.org/pg cache-miss
373 http fetch GET 200 https://registry.npmjs.org/pg 61ms (cache miss)
374 silly packumentCache full:https://registry.npmjs.org/pg set size:undefined disposed:false
375 silly fetch manifest pg-native@>=3.0.1
376 silly packumentCache full:https://registry.npmjs.org/pg-native cache-miss
377 http fetch GET 200 https://registry.npmjs.org/pg-native 35ms (cache miss)
378 silly packumentCache full:https://registry.npmjs.org/pg-native set size:undefined disposed:false
379 silly fetch manifest postgres@>=3
380 silly packumentCache full:https://registry.npmjs.org/postgres cache-miss
381 http fetch GET 200 https://registry.npmjs.org/postgres 34ms (cache miss)
382 silly packumentCache full:https://registry.npmjs.org/postgres set size:undefined disposed:false
383 silly fetch manifest sql.js@>=1
384 silly packumentCache full:https://registry.npmjs.org/sql.js cache-miss
385 http fetch GET 200 https://registry.npmjs.org/sql.js 31ms (cache miss)
386 silly packumentCache full:https://registry.npmjs.org/sql.js set size:undefined disposed:false
387 silly fetch manifest sqlite3@>=5
388 silly packumentCache full:https://registry.npmjs.org/sqlite3 cache-miss
389 http fetch GET 200 https://registry.npmjs.org/sqlite3 41ms (cache miss)
390 silly packumentCache full:https://registry.npmjs.org/sqlite3 set size:undefined disposed:false
391 silly fetch manifest drizzle-zod@^0.7.0
392 silly packumentCache full:https://registry.npmjs.org/drizzle-zod cache-miss
393 http fetch GET 200 https://registry.npmjs.org/drizzle-zod 210ms (cache miss)
394 silly packumentCache full:https://registry.npmjs.org/drizzle-zod set size:undefined disposed:false
395 silly fetch manifest zod@^3.24.2
396 silly packumentCache full:https://registry.npmjs.org/zod cache-miss
397 http fetch GET 200 https://registry.npmjs.org/zod 73ms (cache miss)
398 silly packumentCache full:https://registry.npmjs.org/zod set size:undefined disposed:false
399 silly fetch manifest embla-carousel-react@^8.6.0
400 silly packumentCache full:https://registry.npmjs.org/embla-carousel-react cache-miss
401 http fetch GET 200 https://registry.npmjs.org/embla-carousel-react 42ms (cache miss)
402 silly packumentCache full:https://registry.npmjs.org/embla-carousel-react set size:undefined disposed:false
403 silly fetch manifest express@^4.21.2
404 silly packumentCache full:https://registry.npmjs.org/express cache-miss
405 http fetch GET 200 https://registry.npmjs.org/express 43ms (cache miss)
406 silly packumentCache full:https://registry.npmjs.org/express set size:undefined disposed:false
407 silly fetch manifest express-rate-limit@^7.5.0
408 silly packumentCache full:https://registry.npmjs.org/express-rate-limit cache-miss
409 http fetch GET 200 https://registry.npmjs.org/express-rate-limit 38ms (cache miss)
410 silly packumentCache full:https://registry.npmjs.org/express-rate-limit set size:undefined disposed:false
411 silly fetch manifest express-session@^1.18.1
412 silly packumentCache full:https://registry.npmjs.org/express-session cache-miss
413 http fetch GET 200 https://registry.npmjs.org/express-session 43ms (cache miss)
414 silly packumentCache full:https://registry.npmjs.org/express-session set size:undefined disposed:false
415 silly fetch manifest file-saver@^2.0.5
416 silly packumentCache full:https://registry.npmjs.org/file-saver cache-miss
417 http fetch GET 200 https://registry.npmjs.org/file-saver 28ms (cache miss)
418 silly packumentCache full:https://registry.npmjs.org/file-saver set size:undefined disposed:false
419 silly fetch manifest firebase@^11.7.1
420 silly packumentCache full:https://registry.npmjs.org/firebase cache-miss
421 http fetch GET 200 https://registry.npmjs.org/firebase 341ms (cache miss)
422 silly packumentCache full:https://registry.npmjs.org/firebase set size:undefined disposed:false
423 silly fetch manifest firebase-admin@^13.3.0
424 silly packumentCache full:https://registry.npmjs.org/firebase-admin cache-miss
425 http fetch GET 200 https://registry.npmjs.org/firebase-admin 56ms (cache miss)
426 silly packumentCache full:https://registry.npmjs.org/firebase-admin set size:undefined disposed:false
427 silly fetch manifest framer-motion@^11.13.1
428 silly packumentCache full:https://registry.npmjs.org/framer-motion cache-miss
429 http fetch GET 200 https://registry.npmjs.org/framer-motion 135ms (cache miss)
430 silly packumentCache full:https://registry.npmjs.org/framer-motion set size:undefined disposed:false
431 silly fetch manifest @emotion/is-prop-valid@*
432 silly packumentCache full:https://registry.npmjs.org/@emotion%2fis-prop-valid cache-miss
433 http fetch GET 200 https://registry.npmjs.org/@emotion%2fis-prop-valid 61ms (cache miss)
434 silly packumentCache full:https://registry.npmjs.org/@emotion%2fis-prop-valid set size:undefined disposed:false
435 silly fetch manifest gsap@^3.14.2
436 silly packumentCache full:https://registry.npmjs.org/gsap cache-miss
437 http fetch GET 200 https://registry.npmjs.org/gsap 46ms (cache miss)
438 silly packumentCache full:https://registry.npmjs.org/gsap set size:undefined disposed:false
439 silly fetch manifest helmet@^8.1.0
440 silly packumentCache full:https://registry.npmjs.org/helmet cache-miss
441 http fetch GET 200 https://registry.npmjs.org/helmet 38ms (cache miss)
442 silly packumentCache full:https://registry.npmjs.org/helmet set size:undefined disposed:false
443 silly fetch manifest html-to-image@^1.11.13
444 silly packumentCache full:https://registry.npmjs.org/html-to-image cache-miss
445 http fetch GET 200 https://registry.npmjs.org/html-to-image 45ms (cache miss)
446 silly packumentCache full:https://registry.npmjs.org/html-to-image set size:undefined disposed:false
447 silly fetch manifest html5-qrcode@^2.3.8
448 silly packumentCache full:https://registry.npmjs.org/html5-qrcode cache-miss
449 http fetch GET 200 https://registry.npmjs.org/html5-qrcode 36ms (cache miss)
450 silly packumentCache full:https://registry.npmjs.org/html5-qrcode set size:undefined disposed:false
451 silly fetch manifest ics@^3.8.1
452 silly packumentCache full:https://registry.npmjs.org/ics cache-miss
453 http fetch GET 200 https://registry.npmjs.org/ics 35ms (cache miss)
454 silly packumentCache full:https://registry.npmjs.org/ics set size:undefined disposed:false
455 silly fetch manifest input-otp@^1.4.2
456 silly packumentCache full:https://registry.npmjs.org/input-otp cache-miss
457 http fetch GET 200 https://registry.npmjs.org/input-otp 32ms (cache miss)
458 silly packumentCache full:https://registry.npmjs.org/input-otp set size:undefined disposed:false
459 silly fetch manifest lucide-react@^0.453.0
460 silly packumentCache full:https://registry.npmjs.org/lucide-react cache-miss
461 http fetch GET 200 https://registry.npmjs.org/lucide-react 54ms (cache miss)
462 silly packumentCache full:https://registry.npmjs.org/lucide-react set size:undefined disposed:false
463 silly fetch manifest matter-js@^0.20.0
464 silly packumentCache full:https://registry.npmjs.org/matter-js cache-miss
465 http fetch GET 200 https://registry.npmjs.org/matter-js 119ms (cache miss)
466 silly packumentCache full:https://registry.npmjs.org/matter-js set size:undefined disposed:false
467 silly fetch manifest memoizee@^0.4.17
468 silly packumentCache full:https://registry.npmjs.org/memoizee cache-miss
469 http fetch GET 200 https://registry.npmjs.org/memoizee 42ms (cache miss)
470 silly packumentCache full:https://registry.npmjs.org/memoizee set size:undefined disposed:false
471 silly fetch manifest memorystore@^1.6.7
472 silly packumentCache full:https://registry.npmjs.org/memorystore cache-miss
473 http fetch GET 200 https://registry.npmjs.org/memorystore 39ms (cache miss)
474 silly packumentCache full:https://registry.npmjs.org/memorystore set size:undefined disposed:false
475 silly fetch manifest multer@^2.0.1
476 silly packumentCache full:https://registry.npmjs.org/multer cache-miss
477 http fetch GET 200 https://registry.npmjs.org/multer 30ms (cache miss)
478 silly packumentCache full:https://registry.npmjs.org/multer set size:undefined disposed:false
479 silly fetch manifest next-themes@^0.4.6
480 silly packumentCache full:https://registry.npmjs.org/next-themes cache-miss
481 http fetch GET 200 https://registry.npmjs.org/next-themes 35ms (cache miss)
482 silly packumentCache full:https://registry.npmjs.org/next-themes set size:undefined disposed:false
483 silly fetch manifest node-fetch@^3.3.2
484 silly packumentCache full:https://registry.npmjs.org/node-fetch cache-miss
485 http fetch GET 200 https://registry.npmjs.org/node-fetch 43ms (cache miss)
486 silly packumentCache full:https://registry.npmjs.org/node-fetch set size:undefined disposed:false
487 silly fetch manifest nodemailer@^7.0.5
488 silly packumentCache full:https://registry.npmjs.org/nodemailer cache-miss
489 http fetch GET 200 https://registry.npmjs.org/nodemailer 61ms (cache miss)
490 silly packumentCache full:https://registry.npmjs.org/nodemailer set size:undefined disposed:false
491 silly fetch manifest nodemailer-smtp-transport@^2.7.4
492 silly packumentCache full:https://registry.npmjs.org/nodemailer-smtp-transport cache-miss
493 http fetch GET 200 https://registry.npmjs.org/nodemailer-smtp-transport 37ms (cache miss)
494 silly packumentCache full:https://registry.npmjs.org/nodemailer-smtp-transport set size:undefined disposed:false
495 silly fetch manifest openid-client@^6.5.1
496 silly packumentCache full:https://registry.npmjs.org/openid-client cache-miss
497 http fetch GET 200 https://registry.npmjs.org/openid-client 34ms (cache miss)
498 silly packumentCache full:https://registry.npmjs.org/openid-client set size:undefined disposed:false
499 silly fetch manifest passport@^0.7.0
500 silly packumentCache full:https://registry.npmjs.org/passport cache-miss
501 http fetch GET 200 https://registry.npmjs.org/passport 38ms (cache miss)
502 silly packumentCache full:https://registry.npmjs.org/passport set size:undefined disposed:false
503 silly fetch manifest passport-local@^1.0.0
504 silly packumentCache full:https://registry.npmjs.org/passport-local cache-miss
505 http fetch GET 200 https://registry.npmjs.org/passport-local 39ms (cache miss)
506 silly packumentCache full:https://registry.npmjs.org/passport-local set size:undefined disposed:false
507 silly fetch manifest qr-scanner@^1.4.2
508 silly packumentCache full:https://registry.npmjs.org/qr-scanner cache-miss
509 http fetch GET 200 https://registry.npmjs.org/qr-scanner 32ms (cache miss)
510 silly packumentCache full:https://registry.npmjs.org/qr-scanner set size:undefined disposed:false
511 silly fetch manifest qrcode@^1.5.4
512 silly packumentCache full:https://registry.npmjs.org/qrcode cache-miss
513 http fetch GET 200 https://registry.npmjs.org/qrcode 35ms (cache miss)
514 silly packumentCache full:https://registry.npmjs.org/qrcode set size:undefined disposed:false
515 silly fetch manifest react-day-picker@^8.10.1
516 silly packumentCache full:https://registry.npmjs.org/react-day-picker cache-miss
517 http fetch GET 200 https://registry.npmjs.org/react-day-picker 43ms (cache miss)
518 silly packumentCache full:https://registry.npmjs.org/react-day-picker set size:undefined disposed:false
519 silly fetch manifest react-helmet@^6.1.0
520 silly packumentCache full:https://registry.npmjs.org/react-helmet cache-miss
521 http fetch GET 200 https://registry.npmjs.org/react-helmet 34ms (cache miss)
522 silly packumentCache full:https://registry.npmjs.org/react-helmet set size:undefined disposed:false
523 silly fetch manifest react-icons@^5.4.0
524 silly packumentCache full:https://registry.npmjs.org/react-icons cache-miss
525 http fetch GET 200 https://registry.npmjs.org/react-icons 107ms (cache miss)
526 silly packumentCache full:https://registry.npmjs.org/react-icons set size:undefined disposed:false
527 silly fetch manifest react-qr-scanner@^1.0.0-alpha.11
528 silly packumentCache full:https://registry.npmjs.org/react-qr-scanner cache-miss
529 http fetch GET 200 https://registry.npmjs.org/react-qr-scanner 37ms (cache miss)
530 silly packumentCache full:https://registry.npmjs.org/react-qr-scanner set size:undefined disposed:false
531 silly fetch manifest react-resizable-panels@^2.1.7
532 silly packumentCache full:https://registry.npmjs.org/react-resizable-panels cache-miss
533 http fetch GET 200 https://registry.npmjs.org/react-resizable-panels 38ms (cache miss)
534 silly packumentCache full:https://registry.npmjs.org/react-resizable-panels set size:undefined disposed:false
535 silly fetch manifest recharts@^2.15.2
536 silly packumentCache full:https://registry.npmjs.org/recharts cache-miss
537 http fetch GET 200 https://registry.npmjs.org/recharts 46ms (cache miss)
538 silly packumentCache full:https://registry.npmjs.org/recharts set size:undefined disposed:false
539 silly fetch manifest stripe@^18.2.1
540 silly packumentCache full:https://registry.npmjs.org/stripe cache-miss
541 http fetch GET 200 https://registry.npmjs.org/stripe 62ms (cache miss)
542 silly packumentCache full:https://registry.npmjs.org/stripe set size:undefined disposed:false
543 silly fetch manifest @types/node@20.16.11
544 silly packumentCache full:https://registry.npmjs.org/@types%2fnode cache-miss
545 http fetch GET 200 https://registry.npmjs.org/@types%2fnode 152ms (cache miss)
546 silly packumentCache full:https://registry.npmjs.org/@types%2fnode set size:undefined disposed:false
547 silly fetch manifest tailwind-merge@^2.6.0
548 silly packumentCache full:https://registry.npmjs.org/tailwind-merge cache-miss
549 http fetch GET 200 https://registry.npmjs.org/tailwind-merge 52ms (cache miss)
550 silly packumentCache full:https://registry.npmjs.org/tailwind-merge set size:undefined disposed:false
551 silly fetch manifest tailwindcss-animate@^1.0.7
552 silly packumentCache full:https://registry.npmjs.org/tailwindcss-animate cache-miss
553 http fetch GET 200 https://registry.npmjs.org/tailwindcss-animate 42ms (cache miss)
554 silly packumentCache full:https://registry.npmjs.org/tailwindcss-animate set size:undefined disposed:false
555 silly fetch manifest tailwindcss@^3.4.17
556 silly packumentCache full:https://registry.npmjs.org/tailwindcss cache-miss
557 http fetch GET 200 https://registry.npmjs.org/tailwindcss 167ms (cache miss)
558 silly packumentCache full:https://registry.npmjs.org/tailwindcss set size:undefined disposed:false
559 silly fetch manifest tw-animate-css@^1.2.5
560 silly packumentCache full:https://registry.npmjs.org/tw-animate-css cache-miss
561 http fetch GET 200 https://registry.npmjs.org/tw-animate-css 39ms (cache miss)
562 silly packumentCache full:https://registry.npmjs.org/tw-animate-css set size:undefined disposed:false
563 silly fetch manifest uuid@^11.1.0
564 silly packumentCache full:https://registry.npmjs.org/uuid cache-miss
565 http fetch GET 200 https://registry.npmjs.org/uuid 33ms (cache miss)
566 silly packumentCache full:https://registry.npmjs.org/uuid set size:undefined disposed:false
567 silly fetch manifest vaul@^1.1.2
568 silly packumentCache full:https://registry.npmjs.org/vaul cache-miss
569 http fetch GET 200 https://registry.npmjs.org/vaul 39ms (cache miss)
570 silly packumentCache full:https://registry.npmjs.org/vaul set size:undefined disposed:false
571 silly fetch manifest wouter@^3.3.5
572 silly packumentCache full:https://registry.npmjs.org/wouter cache-miss
573 http fetch GET 200 https://registry.npmjs.org/wouter 43ms (cache miss)
574 silly packumentCache full:https://registry.npmjs.org/wouter set size:undefined disposed:false
575 silly fetch manifest ws@^8.18.0
576 silly packumentCache full:https://registry.npmjs.org/ws cache-miss
577 http fetch GET 200 https://registry.npmjs.org/ws 53ms (cache miss)
578 silly packumentCache full:https://registry.npmjs.org/ws set size:undefined disposed:false
579 silly fetch manifest bufferutil@^4.0.8
580 silly packumentCache full:https://registry.npmjs.org/bufferutil cache-miss
581 http fetch GET 200 https://registry.npmjs.org/bufferutil 31ms (cache miss)
582 silly packumentCache full:https://registry.npmjs.org/bufferutil set size:undefined disposed:false
583 silly fetch manifest utf-8-validate@>=5.0.2
584 silly packumentCache full:https://registry.npmjs.org/utf-8-validate cache-miss
585 http fetch GET 200 https://registry.npmjs.org/utf-8-validate 36ms (cache miss)
586 silly packumentCache full:https://registry.npmjs.org/utf-8-validate set size:undefined disposed:false
587 silly fetch manifest zod-validation-error@^3.4.0
588 silly packumentCache full:https://registry.npmjs.org/zod-validation-error cache-miss
589 http fetch GET 200 https://registry.npmjs.org/zod-validation-error 35ms (cache miss)
590 silly packumentCache full:https://registry.npmjs.org/zod-validation-error set size:undefined disposed:false
591 silly fetch manifest @tailwindcss/typography@^0.5.15
592 silly packumentCache full:https://registry.npmjs.org/@tailwindcss%2ftypography cache-miss
593 http fetch GET 200 https://registry.npmjs.org/@tailwindcss%2ftypography 51ms (cache miss)
594 silly packumentCache full:https://registry.npmjs.org/@tailwindcss%2ftypography set size:undefined disposed:false
595 silly fetch manifest @tailwindcss/vite@^4.1.3
596 silly packumentCache full:https://registry.npmjs.org/@tailwindcss%2fvite cache-miss
597 http fetch GET 200 https://registry.npmjs.org/@tailwindcss%2fvite 193ms (cache miss)
598 silly packumentCache full:https://registry.npmjs.org/@tailwindcss%2fvite set size:undefined disposed:false
599 silly fetch manifest vite@^5.4.15
600 silly packumentCache full:https://registry.npmjs.org/vite cache-miss
601 http fetch GET 200 https://registry.npmjs.org/vite 681ms (cache miss)
602 silly packumentCache full:https://registry.npmjs.org/vite set size:undefined disposed:false
603 silly fetch manifest less@*
604 silly packumentCache full:https://registry.npmjs.org/less cache-miss
605 http fetch GET 200 https://registry.npmjs.org/less 53ms (cache miss)
606 silly packumentCache full:https://registry.npmjs.org/less set size:undefined disposed:false
607 silly fetch manifest lightningcss@^1.21.0
608 silly packumentCache full:https://registry.npmjs.org/lightningcss cache-miss
609 http fetch GET 200 https://registry.npmjs.org/lightningcss 31ms (cache miss)
610 silly packumentCache full:https://registry.npmjs.org/lightningcss set size:undefined disposed:false
611 silly fetch manifest sass@*
612 silly packumentCache full:https://registry.npmjs.org/sass cache-miss
613 http fetch GET 200 https://registry.npmjs.org/sass 120ms (cache miss)
614 silly packumentCache full:https://registry.npmjs.org/sass set size:undefined disposed:false
615 silly fetch manifest sass-embedded@*
616 silly packumentCache full:https://registry.npmjs.org/sass-embedded cache-miss
617 http fetch GET 200 https://registry.npmjs.org/sass-embedded 111ms (cache miss)
618 silly packumentCache full:https://registry.npmjs.org/sass-embedded set size:undefined disposed:false
619 silly fetch manifest stylus@*
620 silly packumentCache full:https://registry.npmjs.org/stylus cache-miss
621 http fetch GET 200 https://registry.npmjs.org/stylus 45ms (cache miss)
622 silly packumentCache full:https://registry.npmjs.org/stylus set size:undefined disposed:false
623 silly fetch manifest sugarss@*
624 silly packumentCache full:https://registry.npmjs.org/sugarss cache-miss
625 http fetch GET 200 https://registry.npmjs.org/sugarss 31ms (cache miss)
626 silly packumentCache full:https://registry.npmjs.org/sugarss set size:undefined disposed:false
627 silly fetch manifest postcss@^8.4.47
628 silly packumentCache full:https://registry.npmjs.org/postcss cache-miss
629 http fetch GET 200 https://registry.npmjs.org/postcss 66ms (cache miss)
630 silly packumentCache full:https://registry.npmjs.org/postcss set size:undefined disposed:false
631 silly fetch manifest terser@^5.4.0
632 silly packumentCache full:https://registry.npmjs.org/terser cache-miss
633 http fetch GET 200 https://registry.npmjs.org/terser 44ms (cache miss)
634 silly packumentCache full:https://registry.npmjs.org/terser set size:undefined disposed:false
635 silly fetch manifest @types/connect-pg-simple@^7.0.3
636 silly packumentCache full:https://registry.npmjs.org/@types%2fconnect-pg-simple cache-miss
637 http fetch GET 200 https://registry.npmjs.org/@types%2fconnect-pg-simple 46ms (cache miss)
638 silly packumentCache full:https://registry.npmjs.org/@types%2fconnect-pg-simple set size:undefined disposed:false
639 silly fetch manifest @types/express@4.17.21
640 silly packumentCache full:https://registry.npmjs.org/@types%2fexpress cache-miss
641 http fetch GET 200 https://registry.npmjs.org/@types%2fexpress 46ms (cache miss)
642 silly packumentCache full:https://registry.npmjs.org/@types%2fexpress set size:undefined disposed:false
643 silly fetch manifest @types/express-session@^1.18.0
644 silly packumentCache full:https://registry.npmjs.org/@types%2fexpress-session cache-miss
645 http fetch GET 200 https://registry.npmjs.org/@types%2fexpress-session 54ms (cache miss)
646 silly packumentCache full:https://registry.npmjs.org/@types%2fexpress-session set size:undefined disposed:false
647 silly fetch manifest @types/matter-js@^0.20.2
648 silly packumentCache full:https://registry.npmjs.org/@types%2fmatter-js cache-miss
649 http fetch GET 200 https://registry.npmjs.org/@types%2fmatter-js 39ms (cache miss)
650 silly packumentCache full:https://registry.npmjs.org/@types%2fmatter-js set size:undefined disposed:false
651 silly fetch manifest @types/passport@^1.0.16
652 silly packumentCache full:https://registry.npmjs.org/@types%2fpassport cache-miss
653 http fetch GET 200 https://registry.npmjs.org/@types%2fpassport 46ms (cache miss)
654 silly packumentCache full:https://registry.npmjs.org/@types%2fpassport set size:undefined disposed:false
655 silly fetch manifest @types/passport-local@^1.0.38
656 silly packumentCache full:https://registry.npmjs.org/@types%2fpassport-local cache-miss
657 http fetch GET 200 https://registry.npmjs.org/@types%2fpassport-local 50ms (cache miss)
658 silly packumentCache full:https://registry.npmjs.org/@types%2fpassport-local set size:undefined disposed:false
659 silly fetch manifest @types/ws@^8.5.13
660 silly packumentCache full:https://registry.npmjs.org/@types%2fws cache-miss
661 http fetch GET 200 https://registry.npmjs.org/@types%2fws 47ms (cache miss)
662 silly packumentCache full:https://registry.npmjs.org/@types%2fws set size:undefined disposed:false
663 silly fetch manifest @vitejs/plugin-react@^4.3.2
664 silly packumentCache full:https://registry.npmjs.org/@vitejs%2fplugin-react cache-miss
665 http fetch GET 200 https://registry.npmjs.org/@vitejs%2fplugin-react 46ms (cache miss)
666 silly packumentCache full:https://registry.npmjs.org/@vitejs%2fplugin-react set size:undefined disposed:false
667 silly fetch manifest autoprefixer@^10.4.20
668 silly packumentCache full:https://registry.npmjs.org/autoprefixer cache-miss
669 http fetch GET 200 https://registry.npmjs.org/autoprefixer 67ms (cache miss)
670 silly packumentCache full:https://registry.npmjs.org/autoprefixer set size:undefined disposed:false
671 silly fetch manifest drizzle-kit@^0.30.4
672 silly packumentCache full:https://registry.npmjs.org/drizzle-kit cache-miss
673 http fetch GET 200 https://registry.npmjs.org/drizzle-kit 259ms (cache miss)
674 silly packumentCache full:https://registry.npmjs.org/drizzle-kit set size:undefined disposed:false
675 silly fetch manifest esbuild@^0.25.0
676 silly packumentCache full:https://registry.npmjs.org/esbuild cache-miss
677 http fetch GET 200 https://registry.npmjs.org/esbuild 78ms (cache miss)
678 silly packumentCache full:https://registry.npmjs.org/esbuild set size:undefined disposed:false
679 silly fetch manifest tsx@^4.19.1
680 silly packumentCache full:https://registry.npmjs.org/tsx cache-miss
681 http fetch GET 200 https://registry.npmjs.org/tsx 34ms (cache miss)
682 silly packumentCache full:https://registry.npmjs.org/tsx set size:undefined disposed:false
683 silly placeDep ROOT @hookform/resolvers@3.10.0 OK for: rest-express@1.0.0 want: ^3.10.0
684 silly placeDep ROOT react-hook-form@7.71.1 OK for: @hookform/resolvers@3.10.0 want: ^7.0.0
685 silly placeDep ROOT react@18.3.1 OK for: react-hook-form@7.71.1 want: ^16.8.0 || ^17 || ^18 || ^19
686 silly placeDep ROOT @jridgewell/trace-mapping@0.3.31 OK for: rest-express@1.0.0 want: ^0.3.25
687 silly placeDep ROOT @neondatabase/serverless@0.10.4 OK for: rest-express@1.0.0 want: ^0.10.4
688 silly placeDep ROOT @paypal/paypal-server-sdk@1.1.0 OK for: rest-express@1.0.0 want: ^1.0.0
689 silly placeDep ROOT @radix-ui/react-accordion@1.2.12 OK for: rest-express@1.0.0 want: ^1.2.4
690 silly placeDep ROOT react-dom@18.3.1 OK for: @radix-ui/react-accordion@1.2.12 want: ^16.8 || ^17.0 || ^18.0 || ^19.0 || ^19.0.0-rc
691 silly placeDep ROOT @radix-ui/react-alert-dialog@1.1.15 OK for: rest-express@1.0.0 want: ^1.1.7
692 silly placeDep ROOT @radix-ui/react-aspect-ratio@1.1.8 OK for: rest-express@1.0.0 want: ^1.1.3
693 silly placeDep ROOT @radix-ui/react-avatar@1.1.11 OK for: rest-express@1.0.0 want: ^1.1.4
694 silly placeDep ROOT @radix-ui/react-checkbox@1.3.3 OK for: rest-express@1.0.0 want: ^1.1.5
695 silly placeDep ROOT @radix-ui/react-collapsible@1.1.12 OK for: rest-express@1.0.0 want: ^1.1.4
696 silly placeDep ROOT @radix-ui/react-context-menu@2.2.16 OK for: rest-express@1.0.0 want: ^2.2.7
697 silly placeDep ROOT @radix-ui/react-dialog@1.1.15 OK for: rest-express@1.0.0 want: ^1.1.7
698 silly placeDep ROOT @radix-ui/react-dropdown-menu@2.1.16 OK for: rest-express@1.0.0 want: ^2.1.7
699 silly placeDep ROOT @radix-ui/react-hover-card@1.1.15 OK for: rest-express@1.0.0 want: ^1.1.7
700 silly placeDep ROOT @radix-ui/react-label@2.1.8 OK for: rest-express@1.0.0 want: ^2.1.3
701 silly placeDep ROOT @radix-ui/react-menubar@1.1.16 OK for: rest-express@1.0.0 want: ^1.1.7
702 silly placeDep ROOT @radix-ui/react-navigation-menu@1.2.14 OK for: rest-express@1.0.0 want: ^1.2.6
703 silly placeDep ROOT @radix-ui/react-popover@1.1.15 OK for: rest-express@1.0.0 want: ^1.1.7
704 silly placeDep ROOT @radix-ui/react-progress@1.1.8 OK for: rest-express@1.0.0 want: ^1.1.3
705 silly placeDep ROOT @radix-ui/react-radio-group@1.3.8 OK for: rest-express@1.0.0 want: ^1.2.4
706 silly placeDep ROOT @radix-ui/react-scroll-area@1.2.10 OK for: rest-express@1.0.0 want: ^1.2.4
707 silly placeDep ROOT @radix-ui/react-select@2.2.6 OK for: rest-express@1.0.0 want: ^2.1.7
708 silly placeDep ROOT @radix-ui/react-separator@1.1.8 OK for: rest-express@1.0.0 want: ^1.1.3
709 silly placeDep ROOT @radix-ui/react-slider@1.3.6 OK for: rest-express@1.0.0 want: ^1.2.4
710 silly placeDep ROOT @radix-ui/react-slot@1.2.4 OK for: rest-express@1.0.0 want: ^1.2.0
711 silly placeDep ROOT @radix-ui/react-switch@1.2.6 OK for: rest-express@1.0.0 want: ^1.1.4
712 silly placeDep ROOT @radix-ui/react-tabs@1.1.13 OK for: rest-express@1.0.0 want: ^1.1.4
713 silly placeDep ROOT @radix-ui/react-toast@1.2.15 OK for: rest-express@1.0.0 want: ^1.2.7
714 silly placeDep ROOT @radix-ui/react-toggle@1.1.10 OK for: rest-express@1.0.0 want: ^1.1.3
715 silly placeDep ROOT @radix-ui/react-toggle-group@1.1.11 OK for: rest-express@1.0.0 want: ^1.1.3
716 silly placeDep ROOT @radix-ui/react-tooltip@1.2.8 OK for: rest-express@1.0.0 want: ^1.2.0
717 silly placeDep ROOT @sendgrid/mail@8.1.6 OK for: rest-express@1.0.0 want: ^8.1.5
718 silly placeDep ROOT @stripe/react-stripe-js@3.10.0 OK for: rest-express@1.0.0 want: ^3.7.0
719 silly placeDep ROOT @stripe/stripe-js@7.9.0 OK for: @stripe/react-stripe-js@3.10.0 want: >=1.44.1 <8.0.0
720 silly placeDep ROOT @tailwindcss/typography@0.5.19 OK for: rest-express@1.0.0 want: ^0.5.15
721 silly placeDep ROOT tailwindcss@3.4.19 OK for: @tailwindcss/typography@0.5.19 want: >=3.0.0 || insiders || >=4.0.0-alpha.20 || >=4.0.0-beta.1
722 silly placeDep ROOT @tailwindcss/vite@4.2.0 OK for: rest-express@1.0.0 want: ^4.1.3
723 silly placeDep ROOT vite@5.4.21 OK for: @tailwindcss/vite@4.2.0 want: ^5.2.0 || ^6 || ^7
724 silly placeDep ROOT @tanstack/react-query@5.90.21 OK for: rest-express@1.0.0 want: ^5.60.5
725 silly placeDep ROOT @types/connect-pg-simple@7.0.3 OK for: rest-express@1.0.0 want: ^7.0.3
726 silly placeDep ROOT @types/cookie@0.6.0 OK for: rest-express@1.0.0 want: ^0.6.0
727 silly placeDep ROOT @types/cors@2.8.19 OK for: rest-express@1.0.0 want: ^2.8.18
728 silly placeDep ROOT @types/express@4.17.21 OK for: rest-express@1.0.0 want: 4.17.21
729 silly placeDep ROOT @types/express-session@1.18.2 OK for: rest-express@1.0.0 want: ^1.18.0
730 silly placeDep ROOT @types/file-saver@2.0.7 OK for: rest-express@1.0.0 want: ^2.0.7
731 silly placeDep ROOT @types/matter-js@0.20.2 OK for: rest-express@1.0.0 want: ^0.20.2
732 silly placeDep ROOT @types/memoizee@0.4.12 OK for: rest-express@1.0.0 want: ^0.4.12
733 silly placeDep ROOT @types/multer@1.4.13 OK for: rest-express@1.0.0 want: ^1.4.12
734 silly placeDep ROOT @types/node@20.16.11 OK for: rest-express@1.0.0 want: 20.16.11
735 silly placeDep ROOT @types/nodemailer@7.0.11 OK for: rest-express@1.0.0 want: ^7.0.1
736 silly placeDep ROOT @types/passport@1.0.17 OK for: rest-express@1.0.0 want: ^1.0.16
737 silly placeDep ROOT @types/passport-local@1.0.38 OK for: rest-express@1.0.0 want: ^1.0.38
738 silly placeDep ROOT @types/qrcode@1.5.6 OK for: rest-express@1.0.0 want: ^1.5.5
739 silly placeDep ROOT @types/react@18.3.28 OK for: rest-express@1.0.0 want: ^18.3.11
740 silly placeDep ROOT @types/react-dom@18.3.7 OK for: rest-express@1.0.0 want: ^18.3.1
741 silly placeDep ROOT @types/react-helmet@6.1.11 OK for: rest-express@1.0.0 want: ^6.1.11
742 silly placeDep ROOT @types/uuid@10.0.0 OK for: rest-express@1.0.0 want: ^10.0.0
743 silly placeDep ROOT @types/ws@8.18.1 OK for: rest-express@1.0.0 want: ^8.5.13
744 silly placeDep ROOT @vitejs/plugin-react@4.7.0 OK for: rest-express@1.0.0 want: ^4.3.2
745 silly placeDep ROOT autoprefixer@10.4.24 OK for: rest-express@1.0.0 want: ^10.4.20
746 silly placeDep ROOT postcss@8.5.6 OK for: autoprefixer@10.4.24 want: ^8.1.0
747 silly placeDep ROOT bufferutil@4.1.0 OK for: rest-express@1.0.0 want: ^4.0.8
748 silly placeDep ROOT class-variance-authority@0.7.1 OK for: rest-express@1.0.0 want: ^0.7.1
749 silly placeDep ROOT clsx@2.1.1 OK for: rest-express@1.0.0 want: ^2.1.1
750 silly placeDep ROOT cmdk@1.1.1 OK for: rest-express@1.0.0 want: ^1.1.1
751 silly placeDep ROOT connect-pg-simple@10.0.0 OK for: rest-express@1.0.0 want: ^10.0.0
752 silly placeDep ROOT cors@2.8.6 OK for: rest-express@1.0.0 want: ^2.8.5
753 silly placeDep ROOT csv-parse@5.6.0 OK for: rest-express@1.0.0 want: ^5.6.0
754 silly placeDep ROOT csv-stringify@6.6.0 OK for: rest-express@1.0.0 want: ^6.5.2
755 silly placeDep ROOT date-fns@3.6.0 OK for: rest-express@1.0.0 want: ^3.6.0
756 silly placeDep ROOT dotenv@17.3.1 OK for: rest-express@1.0.0 want: ^17.2.3
757 silly placeDep ROOT drizzle-kit@0.30.6 OK for: rest-express@1.0.0 want: ^0.30.4
758 silly placeDep ROOT drizzle-orm@0.39.3 OK for: rest-express@1.0.0 want: ^0.39.1
759 silly placeDep ROOT drizzle-zod@0.7.1 OK for: rest-express@1.0.0 want: ^0.7.0
760 silly placeDep ROOT zod@3.25.76 OK for: drizzle-zod@0.7.1 want: >=3.0.0
761 silly placeDep ROOT embla-carousel-react@8.6.0 OK for: rest-express@1.0.0 want: ^8.6.0
762 silly placeDep ROOT esbuild@0.25.12 OK for: rest-express@1.0.0 want: ^0.25.0
763 silly placeDep ROOT express@4.22.1 OK for: rest-express@1.0.0 want: ^4.21.2
764 silly placeDep ROOT express-rate-limit@7.5.1 OK for: rest-express@1.0.0 want: ^7.5.0
765 silly placeDep ROOT express-session@1.19.0 OK for: rest-express@1.0.0 want: ^1.18.1
766 silly placeDep ROOT file-saver@2.0.5 OK for: rest-express@1.0.0 want: ^2.0.5
767 silly placeDep ROOT firebase@11.10.0 OK for: rest-express@1.0.0 want: ^11.7.1
768 silly placeDep ROOT firebase-admin@13.6.1 OK for: rest-express@1.0.0 want: ^13.3.0
769 silly placeDep ROOT framer-motion@11.18.2 OK for: rest-express@1.0.0 want: ^11.13.1
770 silly placeDep ROOT gsap@3.14.2 OK for: rest-express@1.0.0 want: ^3.14.2
771 silly placeDep ROOT helmet@8.1.0 OK for: rest-express@1.0.0 want: ^8.1.0
772 silly placeDep ROOT html-to-image@1.11.13 OK for: rest-express@1.0.0 want: ^1.11.13
773 silly placeDep ROOT html5-qrcode@2.3.8 OK for: rest-express@1.0.0 want: ^2.3.8
774 silly placeDep ROOT ics@3.8.1 OK for: rest-express@1.0.0 want: ^3.8.1
775 silly placeDep ROOT input-otp@1.4.2 OK for: rest-express@1.0.0 want: ^1.4.2
776 silly placeDep ROOT lucide-react@0.453.0 OK for: rest-express@1.0.0 want: ^0.453.0
777 silly placeDep ROOT matter-js@0.20.0 OK for: rest-express@1.0.0 want: ^0.20.0
778 silly placeDep ROOT memoizee@0.4.17 OK for: rest-express@1.0.0 want: ^0.4.17
779 silly placeDep ROOT memorystore@1.6.7 OK for: rest-express@1.0.0 want: ^1.6.7
780 silly placeDep ROOT multer@2.0.2 OK for: rest-express@1.0.0 want: ^2.0.1
781 silly placeDep ROOT next-themes@0.4.6 OK for: rest-express@1.0.0 want: ^0.4.6
782 silly placeDep ROOT node-fetch@3.3.2 OK for: rest-express@1.0.0 want: ^3.3.2
783 silly placeDep ROOT nodemailer@7.0.13 OK for: rest-express@1.0.0 want: ^7.0.5
784 silly placeDep ROOT nodemailer-smtp-transport@2.7.4 OK for: rest-express@1.0.0 want: ^2.7.4
785 silly placeDep ROOT openid-client@6.8.2 OK for: rest-express@1.0.0 want: ^6.5.1
786 silly placeDep ROOT passport@0.7.0 OK for: rest-express@1.0.0 want: ^0.7.0
787 silly placeDep ROOT passport-local@1.0.0 OK for: rest-express@1.0.0 want: ^1.0.0
788 silly placeDep ROOT qr-scanner@1.4.2 OK for: rest-express@1.0.0 want: ^1.4.2
789 silly placeDep ROOT qrcode@1.5.4 OK for: rest-express@1.0.0 want: ^1.5.4
790 silly placeDep ROOT react-day-picker@8.10.1 OK for: rest-express@1.0.0 want: ^8.10.1
791 silly placeDep ROOT react-helmet@6.1.0 OK for: rest-express@1.0.0 want: ^6.1.0
792 silly placeDep ROOT react-icons@5.5.0 OK for: rest-express@1.0.0 want: ^5.4.0
793 silly placeDep ROOT react-qr-scanner@1.0.0-alpha.11 OK for: rest-express@1.0.0 want: ^1.0.0-alpha.11
794 silly placeDep ROOT react-resizable-panels@2.1.9 OK for: rest-express@1.0.0 want: ^2.1.7
795 silly placeDep ROOT recharts@2.15.4 OK for: rest-express@1.0.0 want: ^2.15.2
796 silly placeDep ROOT stripe@18.5.0 OK for: rest-express@1.0.0 want: ^18.2.1
797 silly placeDep ROOT tailwind-merge@2.6.1 OK for: rest-express@1.0.0 want: ^2.6.0
798 silly placeDep ROOT tailwindcss-animate@1.0.7 OK for: rest-express@1.0.0 want: ^1.0.7
799 silly placeDep ROOT tsx@4.21.0 OK for: rest-express@1.0.0 want: ^4.19.1
800 silly placeDep ROOT tw-animate-css@1.4.0 OK for: rest-express@1.0.0 want: ^1.2.5
801 silly placeDep ROOT typescript@5.6.3 OK for: rest-express@1.0.0 want: 5.6.3
802 silly placeDep ROOT uuid@11.1.0 OK for: rest-express@1.0.0 want: ^11.1.0
803 silly placeDep ROOT vaul@1.1.2 OK for: rest-express@1.0.0 want: ^1.1.2
804 silly placeDep ROOT wouter@3.9.0 OK for: rest-express@1.0.0 want: ^3.3.5
805 silly placeDep ROOT ws@8.19.0 OK for: rest-express@1.0.0 want: ^8.18.0
806 silly placeDep ROOT zod-validation-error@3.5.4 OK for: rest-express@1.0.0 want: ^3.4.0
807 silly fetch manifest loose-envify@^1.1.0
808 silly packumentCache full:https://registry.npmjs.org/loose-envify cache-miss
809 silly fetch manifest @jridgewell/resolve-uri@^3.1.0
810 silly packumentCache full:https://registry.npmjs.org/@jridgewell%2fresolve-uri cache-miss
811 silly fetch manifest @jridgewell/sourcemap-codec@^1.4.14
812 silly packumentCache full:https://registry.npmjs.org/@jridgewell%2fsourcemap-codec cache-miss
813 silly fetch manifest @types/pg@8.11.6
814 silly packumentCache full:https://registry.npmjs.org/@types%2fpg cache-miss
815 silly fetch manifest @apimatic/core@^0.10.16
816 silly packumentCache full:https://registry.npmjs.org/@apimatic%2fcore cache-miss
817 silly fetch manifest @apimatic/schema@^0.7.14
818 silly packumentCache full:https://registry.npmjs.org/@apimatic%2fschema cache-miss
819 silly fetch manifest @apimatic/oauth-adapters@^0.4.8
820 silly packumentCache full:https://registry.npmjs.org/@apimatic%2foauth-adapters cache-miss
821 http cache https://registry.npmjs.org/@types%2fpg 61ms (cache hit)
822 silly packumentCache full:https://registry.npmjs.org/@types%2fpg set size:191651 disposed:false
823 silly fetch manifest @apimatic/axios-client-adapter@^0.3.7
824 silly packumentCache full:https://registry.npmjs.org/@apimatic%2faxios-client-adapter cache-miss
825 http fetch GET 200 https://registry.npmjs.org/loose-envify 71ms (cache miss)
826 silly packumentCache full:https://registry.npmjs.org/loose-envify set size:undefined disposed:false
827 silly fetch manifest @apimatic/authentication-adapters@^0.5.4
828 silly packumentCache full:https://registry.npmjs.org/@apimatic%2fauthentication-adapters cache-miss
829 http fetch GET 200 https://registry.npmjs.org/@jridgewell%2fresolve-uri 73ms (cache miss)
830 silly packumentCache full:https://registry.npmjs.org/@jridgewell%2fresolve-uri set size:undefined disposed:false
831 silly fetch manifest @radix-ui/react-id@1.1.1
832 silly packumentCache full:https://registry.npmjs.org/@radix-ui%2freact-id cache-miss
833 http fetch GET 200 https://registry.npmjs.org/@jridgewell%2fsourcemap-codec 96ms (cache miss)
834 silly packumentCache full:https://registry.npmjs.org/@jridgewell%2fsourcemap-codec set size:undefined disposed:false
835 silly fetch manifest @radix-ui/primitive@1.1.3
836 silly packumentCache full:https://registry.npmjs.org/@radix-ui%2fprimitive cache-miss
837 http fetch GET 200 https://registry.npmjs.org/@radix-ui%2fprimitive 46ms (cache miss)
838 silly packumentCache full:https://registry.npmjs.org/@radix-ui%2fprimitive set size:undefined disposed:false
839 silly fetch manifest @radix-ui/react-context@1.1.2
840 silly packumentCache full:https://registry.npmjs.org/@radix-ui%2freact-context cache-miss
841 http fetch GET 200 https://registry.npmjs.org/@radix-ui%2freact-id 83ms (cache miss)
842 silly packumentCache full:https://registry.npmjs.org/@radix-ui%2freact-id set size:undefined disposed:false
843 silly fetch manifest @radix-ui/react-direction@1.1.1
844 silly packumentCache full:https://registry.npmjs.org/@radix-ui%2freact-direction cache-miss
845 http fetch GET 200 https://registry.npmjs.org/@radix-ui%2freact-context 51ms (cache miss)
846 silly packumentCache full:https://registry.npmjs.org/@radix-ui%2freact-context set size:undefined disposed:false
847 silly fetch manifest @radix-ui/react-primitive@2.1.3
848 silly packumentCache full:https://registry.npmjs.org/@radix-ui%2freact-primitive cache-miss
849 http fetch GET 200 https://registry.npmjs.org/@radix-ui%2freact-primitive 63ms (cache miss)
850 silly packumentCache full:https://registry.npmjs.org/@radix-ui%2freact-primitive set size:undefined disposed:false
851 silly fetch manifest @radix-ui/react-collection@1.1.7
852 silly packumentCache full:https://registry.npmjs.org/@radix-ui%2freact-collection cache-miss
853 http fetch GET 200 https://registry.npmjs.org/@radix-ui%2freact-direction 118ms (cache miss)
854 silly packumentCache full:https://registry.npmjs.org/@radix-ui%2freact-direction set size:undefined disposed:false
855 silly fetch manifest @radix-ui/react-collapsible@1.1.12
856 silly packumentCache full:https://registry.npmjs.org/@radix-ui%2freact-collapsible cache-miss
857 http fetch GET 200 https://registry.npmjs.org/@apimatic%2fauthentication-adapters 211ms (cache miss)
858 silly packumentCache full:https://registry.npmjs.org/@apimatic%2fauthentication-adapters set size:undefined disposed:false
859 silly fetch manifest @radix-ui/react-compose-refs@1.1.2
860 silly packumentCache full:https://registry.npmjs.org/@radix-ui%2freact-compose-refs cache-miss
861 http cache https://registry.npmjs.org/@radix-ui%2freact-collapsible 9ms (cache hit)
862 silly packumentCache full:https://registry.npmjs.org/@radix-ui%2freact-collapsible set size:801871 disposed:false
863 silly fetch manifest @radix-ui/react-use-controllable-state@1.2.2
864 silly packumentCache full:https://registry.npmjs.org/@radix-ui%2freact-use-controllable-state cache-miss
865 http fetch GET 200 https://registry.npmjs.org/@apimatic%2fcore 317ms (cache miss)
866 silly packumentCache full:https://registry.npmjs.org/@apimatic%2fcore set size:undefined disposed:false
867 silly fetch manifest scheduler@^0.23.2
868 silly packumentCache full:https://registry.npmjs.org/scheduler cache-miss
869 http fetch GET 200 https://registry.npmjs.org/@radix-ui%2freact-collection 55ms (cache miss)
870 silly packumentCache full:https://registry.npmjs.org/@radix-ui%2freact-collection set size:undefined disposed:false
871 silly fetch manifest @radix-ui/react-slot@1.2.3
872 silly packumentCache full:https://registry.npmjs.org/@radix-ui%2freact-slot cache-miss
873 http cache https://registry.npmjs.org/@radix-ui%2freact-slot 6ms (cache hit)
874 silly packumentCache full:https://registry.npmjs.org/@radix-ui%2freact-slot set size:387271 disposed:false
875 silly fetch manifest @radix-ui/react-dialog@1.1.15
876 silly packumentCache full:https://registry.npmjs.org/@radix-ui%2freact-dialog cache-miss
877 http cache https://registry.npmjs.org/@radix-ui%2freact-dialog 9ms (cache hit)
878 silly packumentCache full:https://registry.npmjs.org/@radix-ui%2freact-dialog set size:1036325 disposed:false
879 silly fetch manifest @radix-ui/react-compose-refs@1.1.2
880 silly packumentCache full:https://registry.npmjs.org/@radix-ui%2freact-compose-refs cache-miss
881 http fetch GET 200 https://registry.npmjs.org/@apimatic%2faxios-client-adapter 306ms (cache miss)
882 silly packumentCache full:https://registry.npmjs.org/@apimatic%2faxios-client-adapter set size:undefined disposed:false
883 silly fetch manifest @radix-ui/react-primitive@2.1.4
884 silly packumentCache full:https://registry.npmjs.org/@radix-ui%2freact-primitive cache-miss
885 http fetch GET 200 https://registry.npmjs.org/@apimatic%2fschema 371ms (cache miss)
886 silly packumentCache full:https://registry.npmjs.org/@apimatic%2fschema set size:undefined disposed:false
887 silly fetch manifest @radix-ui/react-context@1.1.3
888 silly packumentCache full:https://registry.npmjs.org/@radix-ui%2freact-context cache-miss
889 http fetch GET 200 https://registry.npmjs.org/@radix-ui%2freact-compose-refs 91ms (cache miss)
890 silly packumentCache full:https://registry.npmjs.org/@radix-ui%2freact-compose-refs set size:undefined disposed:false
891 silly fetch manifest @radix-ui/react-primitive@2.1.4
892 silly packumentCache full:https://registry.npmjs.org/@radix-ui%2freact-primitive cache-miss
893 http cache https://registry.npmjs.org/@radix-ui%2freact-context 13ms (cache hit)
894 silly packumentCache full:https://registry.npmjs.org/@radix-ui%2freact-context set size:266557 disposed:false
895 silly fetch manifest @radix-ui/react-use-is-hydrated@0.1.0
896 silly packumentCache full:https://registry.npmjs.org/@radix-ui%2freact-use-is-hydrated cache-miss
897 http cache https://registry.npmjs.org/@radix-ui%2freact-primitive 18ms (cache hit)
898 silly packumentCache full:https://registry.npmjs.org/@radix-ui%2freact-primitive set size:595809 disposed:false
899 silly fetch manifest @radix-ui/react-use-callback-ref@1.1.1
900 silly packumentCache full:https://registry.npmjs.org/@radix-ui%2freact-use-callback-ref cache-miss
901 http cache https://registry.npmjs.org/@radix-ui%2freact-primitive 27ms (cache hit)
902 silly packumentCache full:https://registry.npmjs.org/@radix-ui%2freact-primitive set size:595809 disposed:false
903 silly packumentCache full:https://registry.npmjs.org/@radix-ui%2freact-primitive dispose
904 silly fetch manifest @radix-ui/react-use-layout-effect@1.1.1
905 silly packumentCache full:https://registry.npmjs.org/@radix-ui%2freact-use-layout-effect cache-miss
906 http fetch GET 200 https://registry.npmjs.org/@radix-ui%2freact-compose-refs 68ms (cache miss)
907 silly packumentCache full:https://registry.npmjs.org/@radix-ui%2freact-compose-refs set size:undefined disposed:false
908 silly fetch manifest @radix-ui/react-presence@1.1.5
909 silly packumentCache full:https://registry.npmjs.org/@radix-ui%2freact-presence cache-miss
910 http fetch GET 200 https://registry.npmjs.org/@radix-ui%2freact-use-controllable-state 132ms (cache miss)
911 silly packumentCache full:https://registry.npmjs.org/@radix-ui%2freact-use-controllable-state set size:undefined disposed:false
912 silly fetch manifest @radix-ui/react-use-size@1.1.1
913 silly packumentCache full:https://registry.npmjs.org/@radix-ui%2freact-use-size cache-miss
914 http fetch GET 200 https://registry.npmjs.org/@radix-ui%2freact-use-is-hydrated 59ms (cache miss)
915 silly packumentCache full:https://registry.npmjs.org/@radix-ui%2freact-use-is-hydrated set size:undefined disposed:false
916 silly fetch manifest @radix-ui/react-use-previous@1.1.1
917 silly packumentCache full:https://registry.npmjs.org/@radix-ui%2freact-use-previous cache-miss
918 http fetch GET 200 https://registry.npmjs.org/@radix-ui%2freact-use-callback-ref 56ms (cache miss)
919 silly packumentCache full:https://registry.npmjs.org/@radix-ui%2freact-use-callback-ref set size:undefined disposed:false
920 silly fetch manifest @radix-ui/react-presence@1.1.5
921 silly packumentCache full:https://registry.npmjs.org/@radix-ui%2freact-presence cache-miss
922 http fetch GET 200 https://registry.npmjs.org/@apimatic%2foauth-adapters 481ms (cache miss)
923 silly packumentCache full:https://registry.npmjs.org/@apimatic%2foauth-adapters set size:undefined disposed:false
924 silly fetch manifest @radix-ui/react-use-layout-effect@1.1.1
925 silly packumentCache full:https://registry.npmjs.org/@radix-ui%2freact-use-layout-effect cache-miss
926 http fetch GET 200 https://registry.npmjs.org/@radix-ui%2freact-use-layout-effect 76ms (cache miss)
927 silly packumentCache full:https://registry.npmjs.org/@radix-ui%2freact-use-layout-effect set size:undefined disposed:false
928 silly fetch manifest @radix-ui/react-menu@2.1.16
929 silly packumentCache full:https://registry.npmjs.org/@radix-ui%2freact-menu cache-miss
930 http fetch GET 200 https://registry.npmjs.org/@radix-ui%2freact-use-size 67ms (cache miss)
931 silly packumentCache full:https://registry.npmjs.org/@radix-ui%2freact-use-size set size:undefined disposed:false
932 silly fetch manifest aria-hidden@^1.2.4
933 silly packumentCache full:https://registry.npmjs.org/aria-hidden cache-miss
934 http cache https://registry.npmjs.org/@radix-ui%2freact-use-layout-effect 19ms (cache hit)
935 silly packumentCache full:https://registry.npmjs.org/@radix-ui%2freact-use-layout-effect set size:213388 disposed:false
936 silly fetch manifest react-remove-scroll@^2.6.3
937 silly packumentCache full:https://registry.npmjs.org/react-remove-scroll cache-miss
938 http fetch GET 200 https://registry.npmjs.org/@radix-ui%2freact-presence 84ms (cache miss)
939 silly packumentCache full:https://registry.npmjs.org/@radix-ui%2freact-presence set size:undefined disposed:false
940 silly fetch manifest @radix-ui/react-portal@1.1.9
941 silly packumentCache full:https://registry.npmjs.org/@radix-ui%2freact-portal cache-miss
942 http fetch GET 200 https://registry.npmjs.org/@radix-ui%2freact-use-previous 76ms (cache miss)
943 silly packumentCache full:https://registry.npmjs.org/@radix-ui%2freact-use-previous set size:undefined disposed:false
944 silly fetch manifest @radix-ui/react-focus-scope@1.1.7
945 silly packumentCache full:https://registry.npmjs.org/@radix-ui%2freact-focus-scope cache-miss
946 http fetch GET 200 https://registry.npmjs.org/@radix-ui%2freact-presence 77ms (cache miss)
947 silly packumentCache full:https://registry.npmjs.org/@radix-ui%2freact-presence set size:undefined disposed:false
948 silly fetch manifest @radix-ui/react-focus-guards@1.1.3
949 silly packumentCache full:https://registry.npmjs.org/@radix-ui%2freact-focus-guards cache-miss
950 http fetch GET 200 https://registry.npmjs.org/aria-hidden 44ms (cache miss)
951 silly packumentCache full:https://registry.npmjs.org/aria-hidden set size:undefined disposed:false
952 silly fetch manifest @radix-ui/react-dismissable-layer@1.1.11
953 silly packumentCache full:https://registry.npmjs.org/@radix-ui%2freact-dismissable-layer cache-miss
954 http fetch GET 200 https://registry.npmjs.org/react-remove-scroll 44ms (cache miss)
955 silly packumentCache full:https://registry.npmjs.org/react-remove-scroll set size:undefined disposed:false
956 silly fetch manifest @radix-ui/react-menu@2.1.16
957 silly packumentCache full:https://registry.npmjs.org/@radix-ui%2freact-menu cache-miss
958 http fetch GET 200 https://registry.npmjs.org/scheduler 249ms (cache miss)
959 silly packumentCache full:https://registry.npmjs.org/scheduler set size:undefined disposed:false
960 silly fetch manifest @radix-ui/react-popper@1.2.8
961 silly packumentCache full:https://registry.npmjs.org/@radix-ui%2freact-popper cache-miss
962 http fetch GET 200 https://registry.npmjs.org/@radix-ui%2freact-focus-guards 129ms (cache miss)
963 silly packumentCache full:https://registry.npmjs.org/@radix-ui%2freact-focus-guards set size:undefined disposed:false
964 silly fetch manifest @radix-ui/react-portal@1.1.9
965 silly packumentCache full:https://registry.npmjs.org/@radix-ui%2freact-portal cache-miss
966 http fetch GET 200 https://registry.npmjs.org/@radix-ui%2freact-focus-scope 141ms (cache miss)
967 silly packumentCache full:https://registry.npmjs.org/@radix-ui%2freact-focus-scope set size:undefined disposed:false
968 silly fetch manifest @radix-ui/react-dismissable-layer@1.1.11
969 silly packumentCache full:https://registry.npmjs.org/@radix-ui%2freact-dismissable-layer cache-miss
970 http fetch GET 200 https://registry.npmjs.org/@radix-ui%2freact-menu 190ms (cache miss)
971 silly packumentCache full:https://registry.npmjs.org/@radix-ui%2freact-menu set size:undefined disposed:false
972 silly fetch manifest @radix-ui/react-roving-focus@1.1.11
973 silly packumentCache full:https://registry.npmjs.org/@radix-ui%2freact-roving-focus cache-miss
974 http fetch GET 200 https://registry.npmjs.org/@radix-ui%2freact-dismissable-layer 150ms (cache miss)
975 silly packumentCache full:https://registry.npmjs.org/@radix-ui%2freact-dismissable-layer set size:undefined disposed:false
976 silly fetch manifest @radix-ui/react-visually-hidden@1.2.3
977 silly packumentCache full:https://registry.npmjs.org/@radix-ui%2freact-visually-hidden cache-miss
978 http fetch GET 200 https://registry.npmjs.org/@radix-ui%2freact-portal 196ms (cache miss)
979 silly packumentCache full:https://registry.npmjs.org/@radix-ui%2freact-portal set size:undefined disposed:false
980 silly fetch manifest @radix-ui/react-popper@1.2.8
981 silly packumentCache full:https://registry.npmjs.org/@radix-ui%2freact-popper cache-miss
982 http fetch GET 200 https://registry.npmjs.org/@radix-ui%2freact-menu 166ms (cache miss)
983 silly packumentCache full:https://registry.npmjs.org/@radix-ui%2freact-menu set size:undefined disposed:false
984 silly fetch manifest @radix-ui/react-roving-focus@1.1.11
985 silly packumentCache full:https://registry.npmjs.org/@radix-ui%2freact-roving-focus cache-miss
986 http fetch GET 200 https://registry.npmjs.org/@radix-ui%2freact-popper 129ms (cache miss)
987 silly packumentCache full:https://registry.npmjs.org/@radix-ui%2freact-popper set size:undefined disposed:false
988 silly fetch manifest @radix-ui/number@1.1.1
989 silly packumentCache full:https://registry.npmjs.org/@radix-ui%2fnumber cache-miss
990 http fetch GET 200 https://registry.npmjs.org/@radix-ui%2freact-portal 109ms (cache miss)
991 silly packumentCache full:https://registry.npmjs.org/@radix-ui%2freact-portal set size:undefined disposed:false
992 silly fetch manifest @radix-ui/number@1.1.1
993 silly packumentCache full:https://registry.npmjs.org/@radix-ui%2fnumber cache-miss
994 http fetch GET 200 https://registry.npmjs.org/@radix-ui%2freact-visually-hidden 88ms (cache miss)
995 silly packumentCache full:https://registry.npmjs.org/@radix-ui%2freact-visually-hidden set size:undefined disposed:false
996 silly fetch manifest @radix-ui/number@1.1.1
997 silly packumentCache full:https://registry.npmjs.org/@radix-ui%2fnumber cache-miss
998 http fetch GET 200 https://registry.npmjs.org/@radix-ui%2freact-dismissable-layer 122ms (cache miss)
999 silly packumentCache full:https://registry.npmjs.org/@radix-ui%2freact-dismissable-layer set size:undefined disposed:false
1000 silly fetch manifest @radix-ui/react-roving-focus@1.1.11
1001 silly packumentCache full:https://registry.npmjs.org/@radix-ui%2freact-roving-focus cache-miss
1002 http fetch GET 200 https://registry.npmjs.org/@radix-ui%2freact-roving-focus 128ms (cache miss)
1003 silly packumentCache full:https://registry.npmjs.org/@radix-ui%2freact-roving-focus set size:undefined disposed:false
1004 silly fetch manifest @sendgrid/client@^8.1.5
1005 silly packumentCache full:https://registry.npmjs.org/@sendgrid%2fclient cache-miss
1006 http fetch GET 200 https://registry.npmjs.org/@radix-ui%2fnumber 65ms (cache miss)
1007 silly packumentCache full:https://registry.npmjs.org/@radix-ui%2fnumber set size:undefined disposed:false
1008 silly fetch manifest @sendgrid/helpers@^8.0.0
1009 silly packumentCache full:https://registry.npmjs.org/@sendgrid%2fhelpers cache-miss
1010 http fetch GET 200 https://registry.npmjs.org/@radix-ui%2freact-popper 116ms (cache miss)
1011 silly packumentCache full:https://registry.npmjs.org/@radix-ui%2freact-popper set size:undefined disposed:false
1012 silly fetch manifest prop-types@^15.7.2
1013 silly packumentCache full:https://registry.npmjs.org/prop-types cache-miss
1014 http fetch GET 200 https://registry.npmjs.org/@radix-ui%2freact-roving-focus 111ms (cache miss)
1015 silly packumentCache full:https://registry.npmjs.org/@radix-ui%2freact-roving-focus set size:undefined disposed:false
1016 silly fetch manifest postcss-selector-parser@6.0.10
1017 silly packumentCache full:https://registry.npmjs.org/postcss-selector-parser cache-miss
1018 http fetch GET 200 https://registry.npmjs.org/@radix-ui%2fnumber 64ms (cache miss)
1019 silly packumentCache full:https://registry.npmjs.org/@radix-ui%2fnumber set size:undefined disposed:false
1020 silly fetch manifest arg@^5.0.2
1021 silly packumentCache full:https://registry.npmjs.org/arg cache-miss
1022 http fetch GET 200 https://registry.npmjs.org/@radix-ui%2fnumber 50ms (cache miss)
1023 silly packumentCache full:https://registry.npmjs.org/@radix-ui%2fnumber set size:undefined disposed:false
1024 silly fetch manifest dlv@^1.1.3
1025 silly packumentCache full:https://registry.npmjs.org/dlv cache-miss
1026 http fetch GET 200 https://registry.npmjs.org/@sendgrid%2fclient 41ms (cache miss)
1027 silly packumentCache full:https://registry.npmjs.org/@sendgrid%2fclient set size:undefined disposed:false
1028 silly fetch manifest jiti@^1.21.7
1029 silly packumentCache full:https://registry.npmjs.org/jiti cache-miss
1030 http fetch GET 200 https://registry.npmjs.org/prop-types 34ms (cache miss)
1031 silly packumentCache full:https://registry.npmjs.org/prop-types set size:undefined disposed:false
1032 silly fetch manifest is-glob@^4.0.3
1033 silly packumentCache full:https://registry.npmjs.org/is-glob cache-miss
1034 http fetch GET 200 https://registry.npmjs.org/dlv 27ms (cache miss)
1035 silly packumentCache full:https://registry.npmjs.org/dlv set size:undefined disposed:false
1036 silly fetch manifest resolve@^1.22.8
1037 silly packumentCache full:https://registry.npmjs.org/resolve cache-miss
1038 http fetch GET 200 https://registry.npmjs.org/arg 37ms (cache miss)
1039 silly packumentCache full:https://registry.npmjs.org/arg set size:undefined disposed:false
1040 silly fetch manifest sucrase@^3.35.0
1041 silly packumentCache full:https://registry.npmjs.org/sucrase cache-miss
1042 http fetch GET 200 https://registry.npmjs.org/postcss-selector-parser 49ms (cache miss)
1043 silly packumentCache full:https://registry.npmjs.org/postcss-selector-parser set size:undefined disposed:false
1044 silly fetch manifest chokidar@^3.6.0
1045 silly packumentCache full:https://registry.npmjs.org/chokidar cache-miss
1046 http fetch GET 200 https://registry.npmjs.org/@sendgrid%2fhelpers 70ms (cache miss)
1047 silly packumentCache full:https://registry.npmjs.org/@sendgrid%2fhelpers set size:undefined disposed:false
1048 silly fetch manifest fast-glob@^3.3.2
1049 silly packumentCache full:https://registry.npmjs.org/fast-glob cache-miss
1050 http fetch GET 200 https://registry.npmjs.org/jiti 42ms (cache miss)
1051 silly packumentCache full:https://registry.npmjs.org/jiti set size:undefined disposed:false
1052 silly fetch manifest lilconfig@^3.1.3
1053 silly packumentCache full:https://registry.npmjs.org/lilconfig cache-miss
1054 http fetch GET 200 https://registry.npmjs.org/is-glob 42ms (cache miss)
1055 silly packumentCache full:https://registry.npmjs.org/is-glob set size:undefined disposed:false
1056 silly fetch manifest didyoumean@^1.2.2
1057 silly packumentCache full:https://registry.npmjs.org/didyoumean cache-miss
1058 http fetch GET 200 https://registry.npmjs.org/resolve 40ms (cache miss)
1059 silly packumentCache full:https://registry.npmjs.org/resolve set size:undefined disposed:false
1060 silly fetch manifest micromatch@^4.0.8
1061 silly packumentCache full:https://registry.npmjs.org/micromatch cache-miss
1062 http fetch GET 200 https://registry.npmjs.org/chokidar 36ms (cache miss)
1063 silly packumentCache full:https://registry.npmjs.org/chokidar set size:undefined disposed:false
1064 silly fetch manifest picocolors@^1.1.1
1065 silly packumentCache full:https://registry.npmjs.org/picocolors cache-miss
1066 http fetch GET 200 https://registry.npmjs.org/didyoumean 26ms (cache miss)
1067 silly packumentCache full:https://registry.npmjs.org/didyoumean set size:undefined disposed:false
1068 silly fetch manifest postcss-js@^4.0.1
1069 silly packumentCache full:https://registry.npmjs.org/postcss-js cache-miss
1070 http fetch GET 200 https://registry.npmjs.org/lilconfig 31ms (cache miss)
1071 silly packumentCache full:https://registry.npmjs.org/lilconfig set size:undefined disposed:false
1072 silly fetch manifest glob-parent@^6.0.2
1073 silly packumentCache full:https://registry.npmjs.org/glob-parent cache-miss
1074 http fetch GET 200 https://registry.npmjs.org/fast-glob 44ms (cache miss)
1075 silly packumentCache full:https://registry.npmjs.org/fast-glob set size:undefined disposed:false
1076 silly fetch manifest object-hash@^3.0.0
1077 silly packumentCache full:https://registry.npmjs.org/object-hash cache-miss
1078 http fetch GET 200 https://registry.npmjs.org/micromatch 36ms (cache miss)
1079 silly packumentCache full:https://registry.npmjs.org/micromatch set size:undefined disposed:false
1080 silly fetch manifest normalize-path@^3.0.0
1081 silly packumentCache full:https://registry.npmjs.org/normalize-path cache-miss
1082 http fetch GET 200 https://registry.npmjs.org/postcss-js 27ms (cache miss)
1083 silly packumentCache full:https://registry.npmjs.org/postcss-js set size:undefined disposed:false
1084 silly fetch manifest postcss-import@^15.1.0
1085 silly packumentCache full:https://registry.npmjs.org/postcss-import cache-miss
1086 http fetch GET 200 https://registry.npmjs.org/glob-parent 27ms (cache miss)
1087 silly packumentCache full:https://registry.npmjs.org/glob-parent set size:undefined disposed:false
1088 silly fetch manifest postcss-nested@^6.2.0
1089 silly packumentCache full:https://registry.npmjs.org/postcss-nested cache-miss
1090 http fetch GET 200 https://registry.npmjs.org/picocolors 44ms (cache miss)
1091 silly packumentCache full:https://registry.npmjs.org/picocolors set size:undefined disposed:false
1092 silly fetch manifest @alloc/quick-lru@^5.2.0
1093 silly packumentCache full:https://registry.npmjs.org/@alloc%2fquick-lru cache-miss
1094 http fetch GET 200 https://registry.npmjs.org/object-hash 33ms (cache miss)
1095 silly packumentCache full:https://registry.npmjs.org/object-hash set size:undefined disposed:false
1096 silly fetch manifest postcss-load-config@^4.0.2 || ^5.0 || ^6.0
1097 silly packumentCache full:https://registry.npmjs.org/postcss-load-config cache-miss
1098 http fetch GET 200 https://registry.npmjs.org/normalize-path 37ms (cache miss)
1099 silly packumentCache full:https://registry.npmjs.org/normalize-path set size:undefined disposed:false
1100 silly fetch manifest postcss-selector-parser@^6.1.2
1101 silly packumentCache full:https://registry.npmjs.org/postcss-selector-parser cache-miss
1102 http cache https://registry.npmjs.org/postcss-selector-parser 10ms (cache hit)
1103 silly packumentCache full:https://registry.npmjs.org/postcss-selector-parser set size:177140 disposed:false
1104 silly fetch manifest tailwindcss@4.2.0
1105 silly packumentCache full:https://registry.npmjs.org/tailwindcss cache-miss
1106 http fetch GET 200 https://registry.npmjs.org/sucrase 121ms (cache miss)
1107 silly packumentCache full:https://registry.npmjs.org/sucrase set size:undefined disposed:false
1108 silly fetch manifest @tailwindcss/node@4.2.0
1109 silly packumentCache full:https://registry.npmjs.org/@tailwindcss%2fnode cache-miss
1110 http fetch GET 200 https://registry.npmjs.org/postcss-import 45ms (cache miss)
1111 silly packumentCache full:https://registry.npmjs.org/postcss-import set size:undefined disposed:false
1112 silly fetch manifest @tailwindcss/oxide@4.2.0
1113 silly packumentCache full:https://registry.npmjs.org/@tailwindcss%2foxide cache-miss
1114 http fetch GET 200 https://registry.npmjs.org/postcss-nested 56ms (cache miss)
1115 silly packumentCache full:https://registry.npmjs.org/postcss-nested set size:undefined disposed:false
1116 silly fetch manifest rollup@^4.20.0
1117 silly packumentCache full:https://registry.npmjs.org/rollup cache-miss
1118 http cache https://registry.npmjs.org/tailwindcss 45ms (cache hit)
1119 silly packumentCache full:https://registry.npmjs.org/tailwindcss set size:10206660 disposed:false
1120 silly fetch manifest esbuild@^0.21.3
1121 silly packumentCache full:https://registry.npmjs.org/esbuild cache-miss
1122 http fetch GET 200 https://registry.npmjs.org/@alloc%2fquick-lru 202ms (cache miss)
1123 silly packumentCache full:https://registry.npmjs.org/@alloc%2fquick-lru set size:undefined disposed:false
1124 silly fetch manifest postcss@^8.4.43
1125 silly packumentCache full:https://registry.npmjs.org/postcss cache-miss
1126 http fetch GET 200 https://registry.npmjs.org/postcss-load-config 201ms (cache miss)
1127 silly packumentCache full:https://registry.npmjs.org/postcss-load-config set size:undefined disposed:false
1128 silly fetch manifest fsevents@~2.3.3
1129 silly packumentCache full:https://registry.npmjs.org/fsevents cache-miss
1130 http fetch GET 200 https://registry.npmjs.org/@radix-ui%2freact-roving-focus 382ms (cache miss)
1131 silly packumentCache full:https://registry.npmjs.org/@radix-ui%2freact-roving-focus set size:undefined disposed:false
1132 silly fetch manifest @tanstack/query-core@5.90.20
1133 silly packumentCache full:https://registry.npmjs.org/@tanstack%2fquery-core cache-miss
1134 http cache https://registry.npmjs.org/esbuild 35ms (cache hit)
1135 silly packumentCache full:https://registry.npmjs.org/esbuild set size:1242223 disposed:false
1136 silly fetch manifest @types/express@*
1137 silly packumentCache full:https://registry.npmjs.org/@types%2fexpress cache-miss
1138 http cache https://registry.npmjs.org/postcss 44ms (cache hit)
1139 silly packumentCache full:https://registry.npmjs.org/postcss set size:696248 disposed:false
1140 silly fetch manifest @types/express-session@*
1141 silly packumentCache full:https://registry.npmjs.org/@types%2fexpress-session cache-miss
1142 http cache https://registry.npmjs.org/@types%2fexpress 26ms (cache hit)
1143 silly packumentCache full:https://registry.npmjs.org/@types%2fexpress set size:111364 disposed:false
1144 silly fetch manifest @types/node@*
1145 silly packumentCache full:https://registry.npmjs.org/@types%2fnode cache-miss
1146 http cache https://registry.npmjs.org/@types%2fexpress-session 15ms (cache hit)
1147 silly packumentCache full:https://registry.npmjs.org/@types%2fexpress-session set size:91467 disposed:false
1148 silly fetch manifest @types/qs@*
1149 silly packumentCache full:https://registry.npmjs.org/@types%2fqs cache-miss
1150 http fetch GET 200 https://registry.npmjs.org/fsevents 68ms (cache miss)
1151 silly packumentCache full:https://registry.npmjs.org/fsevents set size:undefined disposed:false
1152 silly fetch manifest @types/body-parser@*
1153 silly packumentCache full:https://registry.npmjs.org/@types%2fbody-parser cache-miss
1154 http cache https://registry.npmjs.org/@types%2fnode 47ms (cache hit)
1155 silly packumentCache full:https://registry.npmjs.org/@types%2fnode set size:10864169 disposed:false
1156 silly fetch manifest @types/serve-static@*
1157 silly packumentCache full:https://registry.npmjs.org/@types%2fserve-static cache-miss
1158 http fetch GET 200 https://registry.npmjs.org/@types%2fbody-parser 196ms (cache miss)
1159 silly packumentCache full:https://registry.npmjs.org/@types%2fbody-parser set size:undefined disposed:false
1160 silly fetch manifest @types/express-serve-static-core@^4.17.33
1161 silly packumentCache full:https://registry.npmjs.org/@types%2fexpress-serve-static-core cache-miss
1162 http fetch GET 200 https://registry.npmjs.org/@types%2fqs 206ms (cache miss)
1163 silly packumentCache full:https://registry.npmjs.org/@types%2fqs set size:undefined disposed:false
1164 silly fetch manifest undici-types@~6.19.2
1165 silly packumentCache full:https://registry.npmjs.org/undici-types cache-miss
1166 http fetch GET 200 https://registry.npmjs.org/@tailwindcss%2fnode 454ms (cache miss)
1167 silly packumentCache full:https://registry.npmjs.org/@tailwindcss%2fnode set size:undefined disposed:false
1168 silly fetch manifest @types/passport-strategy@*
1169 silly packumentCache full:https://registry.npmjs.org/@types%2fpassport-strategy cache-miss
1170 http fetch GET 200 https://registry.npmjs.org/@types%2fserve-static 53ms (cache miss)
1171 silly packumentCache full:https://registry.npmjs.org/@types%2fserve-static set size:undefined disposed:false
1172 silly fetch manifest csstype@^3.2.2
1173 silly packumentCache full:https://registry.npmjs.org/csstype cache-miss
1174 http fetch GET 200 https://registry.npmjs.org/@tanstack%2fquery-core 297ms (cache miss)
1175 silly packumentCache full:https://registry.npmjs.org/@tanstack%2fquery-core set size:undefined disposed:false
1176 silly fetch manifest @types/prop-types@*
1177 silly packumentCache full:https://registry.npmjs.org/@types%2fprop-types cache-miss
1178 http fetch GET 200 https://registry.npmjs.org/undici-types 51ms (cache miss)
1179 silly packumentCache full:https://registry.npmjs.org/undici-types set size:undefined disposed:false
1180 silly fetch manifest @babel/core@^7.28.0
1181 silly packumentCache full:https://registry.npmjs.org/@babel%2fcore cache-miss
1182 http fetch GET 200 https://registry.npmjs.org/@types%2fexpress-serve-static-core 60ms (cache miss)
1183 silly packumentCache full:https://registry.npmjs.org/@types%2fexpress-serve-static-core set size:undefined disposed:false
1184 silly fetch manifest react-refresh@^0.17.0
1185 silly packumentCache full:https://registry.npmjs.org/react-refresh cache-miss
1186 http fetch GET 200 https://registry.npmjs.org/@types%2fprop-types 41ms (cache miss)
1187 silly packumentCache full:https://registry.npmjs.org/@types%2fprop-types set size:undefined disposed:false
1188 silly fetch manifest @types/babel__core@^7.20.5
1189 silly packumentCache full:https://registry.npmjs.org/@types%2fbabel__core cache-miss
1190 http fetch GET 200 https://registry.npmjs.org/csstype 52ms (cache miss)
1191 silly packumentCache full:https://registry.npmjs.org/csstype set size:undefined disposed:false
1192 silly fetch manifest @rolldown/pluginutils@1.0.0-beta.27
1193 silly packumentCache full:https://registry.npmjs.org/@rolldown%2fpluginutils cache-miss
1194 http fetch GET 200 https://registry.npmjs.org/@tailwindcss%2foxide 538ms (cache miss)
1195 silly packumentCache full:https://registry.npmjs.org/@tailwindcss%2foxide set size:undefined disposed:false
1196 silly fetch manifest @babel/plugin-transform-react-jsx-self@^7.27.1
1197 silly packumentCache full:https://registry.npmjs.org/@babel%2fplugin-transform-react-jsx-self cache-miss
1198 http fetch GET 200 https://registry.npmjs.org/@types%2fbabel__core 62ms (cache miss)
1199 silly packumentCache full:https://registry.npmjs.org/@types%2fbabel__core set size:undefined disposed:false
1200 silly fetch manifest @babel/plugin-transform-react-jsx-source@^7.27.1
1201 silly packumentCache full:https://registry.npmjs.org/@babel%2fplugin-transform-react-jsx-source cache-miss
1202 http fetch GET 200 https://registry.npmjs.org/@rolldown%2fpluginutils 68ms (cache miss)
1203 silly packumentCache full:https://registry.npmjs.org/@rolldown%2fpluginutils set size:undefined disposed:false
1204 silly fetch manifest browserslist@^4.28.1
1205 silly packumentCache full:https://registry.npmjs.org/browserslist cache-miss
1206 http fetch GET 200 https://registry.npmjs.org/@babel%2fcore 111ms (cache miss)
1207 silly packumentCache full:https://registry.npmjs.org/@babel%2fcore set size:undefined disposed:false
1208 silly fetch manifest caniuse-lite@^1.0.30001766
1209 silly packumentCache full:https://registry.npmjs.org/caniuse-lite cache-miss
1210 http fetch GET 200 https://registry.npmjs.org/@babel%2fplugin-transform-react-jsx-self 61ms (cache miss)
1211 silly packumentCache full:https://registry.npmjs.org/@babel%2fplugin-transform-react-jsx-self set size:undefined disposed:false
1212 silly fetch manifest fraction.js@^5.3.4
1213 silly packumentCache full:https://registry.npmjs.org/fraction.js cache-miss
1214 http fetch GET 200 https://registry.npmjs.org/@babel%2fplugin-transform-react-jsx-source 49ms (cache miss)
1215 silly packumentCache full:https://registry.npmjs.org/@babel%2fplugin-transform-react-jsx-source set size:undefined disposed:false
1216 silly fetch manifest postcss-value-parser@^4.2.0
1217 silly packumentCache full:https://registry.npmjs.org/postcss-value-parser cache-miss
1218 http fetch GET 200 https://registry.npmjs.org/browserslist 46ms (cache miss)
1219 silly packumentCache full:https://registry.npmjs.org/browserslist set size:undefined disposed:false
1220 silly fetch manifest nanoid@^3.3.11
1221 silly packumentCache full:https://registry.npmjs.org/nanoid cache-miss
1222 http fetch GET 200 https://registry.npmjs.org/rollup 646ms (cache miss)
1223 silly packumentCache full:https://registry.npmjs.org/rollup set size:undefined disposed:false
1224 silly fetch manifest source-map-js@^1.2.1
1225 silly packumentCache full:https://registry.npmjs.org/source-map-js cache-miss
1226 http fetch GET 200 https://registry.npmjs.org/postcss-value-parser 99ms (cache miss)
1227 silly packumentCache full:https://registry.npmjs.org/postcss-value-parser set size:undefined disposed:false
1228 silly fetch manifest node-gyp-build@^4.3.0
1229 silly packumentCache full:https://registry.npmjs.org/node-gyp-build cache-miss
1230 http fetch GET 200 https://registry.npmjs.org/fraction.js 110ms (cache miss)
1231 silly packumentCache full:https://registry.npmjs.org/fraction.js set size:undefined disposed:false
1232 silly fetch manifest @radix-ui/react-id@^1.1.0
1233 silly packumentCache full:https://registry.npmjs.org/@radix-ui%2freact-id cache-miss
1234 http fetch GET 200 https://registry.npmjs.org/nanoid 97ms (cache miss)
1235 silly packumentCache full:https://registry.npmjs.org/nanoid set size:undefined disposed:false
1236 silly fetch manifest @radix-ui/react-primitive@^2.0.2
1237 silly packumentCache full:https://registry.npmjs.org/@radix-ui%2freact-primitive cache-hit
1238 silly fetch manifest @radix-ui/react-compose-refs@^1.1.1
1239 silly packumentCache full:https://registry.npmjs.org/@radix-ui%2freact-compose-refs cache-miss
1240 http cache https://registry.npmjs.org/@radix-ui%2freact-id 15ms (cache hit)
1241 silly packumentCache full:https://registry.npmjs.org/@radix-ui%2freact-id set size:325405 disposed:false
1242 silly fetch manifest pg@^8.12.0
1243 silly packumentCache full:https://registry.npmjs.org/pg cache-miss
1244 http cache https://registry.npmjs.org/@radix-ui%2freact-compose-refs 21ms (cache hit)
1245 silly packumentCache full:https://registry.npmjs.org/@radix-ui%2freact-compose-refs set size:219425 disposed:false
1246 silly fetch manifest object-assign@^4
1247 silly packumentCache full:https://registry.npmjs.org/object-assign cache-miss
1248 http fetch GET 200 https://registry.npmjs.org/source-map-js 65ms (cache miss)
1249 silly packumentCache full:https://registry.npmjs.org/source-map-js set size:undefined disposed:false
1250 silly fetch manifest vary@^1
1251 silly packumentCache full:https://registry.npmjs.org/vary cache-miss
1252 http cache https://registry.npmjs.org/pg 23ms (cache hit)
1253 silly packumentCache full:https://registry.npmjs.org/pg set size:470757 disposed:false
1254 silly fetch manifest gel@^2.0.0
1255 silly packumentCache full:https://registry.npmjs.org/gel cache-miss
1256 http fetch GET 200 https://registry.npmjs.org/@types%2fpassport-strategy 333ms (cache miss)
1257 silly packumentCache full:https://registry.npmjs.org/@types%2fpassport-strategy set size:undefined disposed:false
1258 silly fetch manifest esbuild@^0.19.7
1259 silly packumentCache full:https://registry.npmjs.org/esbuild cache-miss
1260 http fetch GET 200 https://registry.npmjs.org/node-gyp-build 56ms (cache miss)
1261 silly packumentCache full:https://registry.npmjs.org/node-gyp-build set size:undefined disposed:false
1262 silly fetch manifest esbuild-register@^3.5.0
1263 silly packumentCache full:https://registry.npmjs.org/esbuild-register cache-miss
1264 http cache https://registry.npmjs.org/esbuild 11ms (cache hit)
1265 silly packumentCache full:https://registry.npmjs.org/esbuild set size:1242223 disposed:false
1266 silly fetch manifest @drizzle-team/brocli@^0.10.2
1267 silly packumentCache full:https://registry.npmjs.org/@drizzle-team%2fbrocli cache-miss
1268 http fetch GET 200 https://registry.npmjs.org/object-assign 55ms (cache miss)
1269 silly packumentCache full:https://registry.npmjs.org/object-assign set size:undefined disposed:false
1270 silly fetch manifest @esbuild-kit/esm-loader@^2.5.5
1271 silly packumentCache full:https://registry.npmjs.org/@esbuild-kit%2fesm-loader cache-miss
1272 http fetch GET 200 https://registry.npmjs.org/vary 52ms (cache miss)
1273 silly packumentCache full:https://registry.npmjs.org/vary set size:undefined disposed:false
1274 silly fetch manifest embla-carousel@8.6.0
1275 silly packumentCache full:https://registry.npmjs.org/embla-carousel cache-miss
1276 http fetch GET 200 https://registry.npmjs.org/esbuild-register 44ms (cache miss)
1277 silly packumentCache full:https://registry.npmjs.org/esbuild-register set size:undefined disposed:false
1278 silly fetch manifest embla-carousel-reactive-utils@8.6.0
1279 silly packumentCache full:https://registry.npmjs.org/embla-carousel-reactive-utils cache-miss
1280 http fetch GET 200 https://registry.npmjs.org/gel 53ms (cache miss)
1281 silly packumentCache full:https://registry.npmjs.org/gel set size:undefined disposed:false
1282 silly fetch manifest @esbuild/aix-ppc64@0.25.12
1283 silly packumentCache full:https://registry.npmjs.org/@esbuild%2faix-ppc64 cache-miss
1284 http fetch GET 200 https://registry.npmjs.org/caniuse-lite 243ms (cache miss)
1285 silly packumentCache full:https://registry.npmjs.org/caniuse-lite set size:undefined disposed:false
1286 silly fetch manifest @esbuild/linux-arm@0.25.12
1287 silly packumentCache full:https://registry.npmjs.org/@esbuild%2flinux-arm cache-miss
1288 http fetch GET 200 https://registry.npmjs.org/@drizzle-team%2fbrocli 69ms (cache miss)
1289 silly packumentCache full:https://registry.npmjs.org/@drizzle-team%2fbrocli set size:undefined disposed:false
1290 silly fetch manifest @esbuild/linux-x64@0.25.12
1291 silly packumentCache full:https://registry.npmjs.org/@esbuild%2flinux-x64 cache-miss
1292 http fetch GET 200 https://registry.npmjs.org/embla-carousel-reactive-utils 47ms (cache miss)
1293 silly packumentCache full:https://registry.npmjs.org/embla-carousel-reactive-utils set size:undefined disposed:false
1294 silly fetch manifest @esbuild/sunos-x64@0.25.12
1295 silly packumentCache full:https://registry.npmjs.org/@esbuild%2fsunos-x64 cache-miss
1296 http fetch GET 200 https://registry.npmjs.org/@esbuild-kit%2fesm-loader 62ms (cache miss)
1297 silly packumentCache full:https://registry.npmjs.org/@esbuild-kit%2fesm-loader set size:undefined disposed:false
1298 silly fetch manifest @esbuild/win32-x64@0.25.12
1299 silly packumentCache full:https://registry.npmjs.org/@esbuild%2fwin32-x64 cache-miss
1300 http fetch GET 200 https://registry.npmjs.org/@esbuild%2faix-ppc64 55ms (cache miss)
1301 silly packumentCache full:https://registry.npmjs.org/@esbuild%2faix-ppc64 set size:undefined disposed:false
1302 silly fetch manifest @esbuild/darwin-x64@0.25.12
1303 silly packumentCache full:https://registry.npmjs.org/@esbuild%2fdarwin-x64 cache-miss
1304 http fetch GET 200 https://registry.npmjs.org/embla-carousel 73ms (cache miss)
1305 silly packumentCache full:https://registry.npmjs.org/embla-carousel set size:undefined disposed:false
1306 silly fetch manifest @esbuild/linux-ia32@0.25.12
1307 silly packumentCache full:https://registry.npmjs.org/@esbuild%2flinux-ia32 cache-miss
1308 http fetch GET 200 https://registry.npmjs.org/react-refresh 421ms (cache miss)
1309 silly packumentCache full:https://registry.npmjs.org/react-refresh set size:undefined disposed:false
1310 silly fetch manifest @esbuild/netbsd-x64@0.25.12
1311 silly packumentCache full:https://registry.npmjs.org/@esbuild%2fnetbsd-x64 cache-miss
1312 http fetch GET 200 https://registry.npmjs.org/@esbuild%2fwin32-x64 109ms (cache miss)
1313 silly packumentCache full:https://registry.npmjs.org/@esbuild%2fwin32-x64 set size:undefined disposed:false
1314 silly fetch manifest @esbuild/win32-ia32@0.25.12
1315 silly packumentCache full:https://registry.npmjs.org/@esbuild%2fwin32-ia32 cache-miss
1316 http fetch GET 200 https://registry.npmjs.org/@esbuild%2flinux-x64 120ms (cache miss)
1317 silly packumentCache full:https://registry.npmjs.org/@esbuild%2flinux-x64 set size:undefined disposed:false
1318 silly fetch manifest @esbuild/android-arm@0.25.12
1319 silly packumentCache full:https://registry.npmjs.org/@esbuild%2fandroid-arm cache-miss
1320 http fetch GET 200 https://registry.npmjs.org/@esbuild%2fsunos-x64 119ms (cache miss)
1321 silly packumentCache full:https://registry.npmjs.org/@esbuild%2fsunos-x64 set size:undefined disposed:false
1322 silly fetch manifest @esbuild/android-x64@0.25.12
1323 silly packumentCache full:https://registry.npmjs.org/@esbuild%2fandroid-x64 cache-miss
1324 http fetch GET 200 https://registry.npmjs.org/@esbuild%2flinux-arm 144ms (cache miss)
1325 silly packumentCache full:https://registry.npmjs.org/@esbuild%2flinux-arm set size:undefined disposed:false
1326 silly fetch manifest @esbuild/freebsd-x64@0.25.12
1327 silly packumentCache full:https://registry.npmjs.org/@esbuild%2ffreebsd-x64 cache-miss
1328 http fetch GET 200 https://registry.npmjs.org/@esbuild%2flinux-ia32 105ms (cache miss)
1329 silly packumentCache full:https://registry.npmjs.org/@esbuild%2flinux-ia32 set size:undefined disposed:false
1330 silly fetch manifest @esbuild/linux-arm64@0.25.12
1331 silly packumentCache full:https://registry.npmjs.org/@esbuild%2flinux-arm64 cache-miss
1332 http fetch GET 200 https://registry.npmjs.org/@esbuild%2fdarwin-x64 119ms (cache miss)
1333 silly packumentCache full:https://registry.npmjs.org/@esbuild%2fdarwin-x64 set size:undefined disposed:false
1334 silly fetch manifest @esbuild/linux-ppc64@0.25.12
1335 silly packumentCache full:https://registry.npmjs.org/@esbuild%2flinux-ppc64 cache-miss
1336 http fetch GET 200 https://registry.npmjs.org/@esbuild%2fandroid-x64 54ms (cache miss)
1337 silly packumentCache full:https://registry.npmjs.org/@esbuild%2fandroid-x64 set size:undefined disposed:false
1338 silly fetch manifest @esbuild/linux-s390x@0.25.12
1339 silly packumentCache full:https://registry.npmjs.org/@esbuild%2flinux-s390x cache-miss
1340 http fetch GET 200 https://registry.npmjs.org/@esbuild%2fandroid-arm 71ms (cache miss)
1341 silly packumentCache full:https://registry.npmjs.org/@esbuild%2fandroid-arm set size:undefined disposed:false
1342 silly fetch manifest @esbuild/openbsd-x64@0.25.12
1343 silly packumentCache full:https://registry.npmjs.org/@esbuild%2fopenbsd-x64 cache-miss
1344 http fetch GET 200 https://registry.npmjs.org/@esbuild%2ffreebsd-x64 76ms (cache miss)
1345 silly packumentCache full:https://registry.npmjs.org/@esbuild%2ffreebsd-x64 set size:undefined disposed:false
1346 silly fetch manifest @esbuild/win32-arm64@0.25.12
1347 silly packumentCache full:https://registry.npmjs.org/@esbuild%2fwin32-arm64 cache-miss
1348 http fetch GET 200 https://registry.npmjs.org/@esbuild%2fnetbsd-x64 118ms (cache miss)
1349 silly packumentCache full:https://registry.npmjs.org/@esbuild%2fnetbsd-x64 set size:undefined disposed:false
1350 silly fetch manifest @esbuild/darwin-arm64@0.25.12
1351 silly packumentCache full:https://registry.npmjs.org/@esbuild%2fdarwin-arm64 cache-miss
1352 http fetch GET 200 https://registry.npmjs.org/@esbuild%2flinux-ppc64 77ms (cache miss)
1353 silly packumentCache full:https://registry.npmjs.org/@esbuild%2flinux-ppc64 set size:undefined disposed:false
1354 silly fetch manifest @esbuild/netbsd-arm64@0.25.12
1355 silly packumentCache full:https://registry.npmjs.org/@esbuild%2fnetbsd-arm64 cache-miss
1356 http fetch GET 200 https://registry.npmjs.org/@esbuild%2fwin32-ia32 95ms (cache miss)
1357 silly packumentCache full:https://registry.npmjs.org/@esbuild%2fwin32-ia32 set size:undefined disposed:false
1358 silly fetch manifest @esbuild/android-arm64@0.25.12
1359 silly packumentCache full:https://registry.npmjs.org/@esbuild%2fandroid-arm64 cache-miss
1360 http fetch GET 200 https://registry.npmjs.org/@esbuild%2flinux-arm64 88ms (cache miss)
1361 silly packumentCache full:https://registry.npmjs.org/@esbuild%2flinux-arm64 set size:undefined disposed:false
1362 silly fetch manifest @esbuild/freebsd-arm64@0.25.12
1363 silly packumentCache full:https://registry.npmjs.org/@esbuild%2ffreebsd-arm64 cache-miss
1364 http fetch GET 200 https://registry.npmjs.org/@esbuild%2flinux-s390x 51ms (cache miss)
1365 silly packumentCache full:https://registry.npmjs.org/@esbuild%2flinux-s390x set size:undefined disposed:false
1366 silly fetch manifest @esbuild/linux-loong64@0.25.12
1367 silly packumentCache full:https://registry.npmjs.org/@esbuild%2flinux-loong64 cache-miss
1368 http fetch GET 200 https://registry.npmjs.org/@esbuild%2fopenbsd-x64 50ms (cache miss)
1369 silly packumentCache full:https://registry.npmjs.org/@esbuild%2fopenbsd-x64 set size:undefined disposed:false
1370 silly fetch manifest @esbuild/linux-riscv64@0.25.12
1371 silly packumentCache full:https://registry.npmjs.org/@esbuild%2flinux-riscv64 cache-miss
1372 http fetch GET 200 https://registry.npmjs.org/@esbuild%2fwin32-arm64 59ms (cache miss)
1373 silly packumentCache full:https://registry.npmjs.org/@esbuild%2fwin32-arm64 set size:undefined disposed:false
1374 silly fetch manifest @esbuild/openbsd-arm64@0.25.12
1375 silly packumentCache full:https://registry.npmjs.org/@esbuild%2fopenbsd-arm64 cache-miss
1376 http fetch GET 200 https://registry.npmjs.org/@esbuild%2fdarwin-arm64 61ms (cache miss)
1377 silly packumentCache full:https://registry.npmjs.org/@esbuild%2fdarwin-arm64 set size:undefined disposed:false
1378 silly fetch manifest @esbuild/linux-mips64el@0.25.12
1379 silly packumentCache full:https://registry.npmjs.org/@esbuild%2flinux-mips64el cache-miss
1380 http fetch GET 200 https://registry.npmjs.org/@esbuild%2fandroid-arm64 61ms (cache miss)
1381 silly packumentCache full:https://registry.npmjs.org/@esbuild%2fandroid-arm64 set size:undefined disposed:false
1382 silly fetch manifest @esbuild/openharmony-arm64@0.25.12
1383 silly packumentCache full:https://registry.npmjs.org/@esbuild%2fopenharmony-arm64 cache-miss
1384 http fetch GET 200 https://registry.npmjs.org/@esbuild%2fnetbsd-arm64 70ms (cache miss)
1385 silly packumentCache full:https://registry.npmjs.org/@esbuild%2fnetbsd-arm64 set size:undefined disposed:false
1386 silly fetch manifest qs@~6.14.0
1387 silly packumentCache full:https://registry.npmjs.org/qs cache-miss
1388 http fetch GET 200 https://registry.npmjs.org/@esbuild%2flinux-loong64 57ms (cache miss)
1389 silly packumentCache full:https://registry.npmjs.org/@esbuild%2flinux-loong64 set size:undefined disposed:false
1390 silly fetch manifest depd@2.0.0
1391 silly packumentCache full:https://registry.npmjs.org/depd cache-miss
1392 http fetch GET 200 https://registry.npmjs.org/@esbuild%2ffreebsd-arm64 73ms (cache miss)
1393 silly packumentCache full:https://registry.npmjs.org/@esbuild%2ffreebsd-arm64 set size:undefined disposed:false
1394 silly fetch manifest etag@~1.8.1
1395 silly packumentCache full:https://registry.npmjs.org/etag cache-miss
1396 http fetch GET 200 https://registry.npmjs.org/@esbuild%2flinux-riscv64 60ms (cache miss)
1397 silly packumentCache full:https://registry.npmjs.org/@esbuild%2flinux-riscv64 set size:undefined disposed:false
1398 silly fetch manifest send@~0.19.0
1399 silly packumentCache full:https://registry.npmjs.org/send cache-miss
1400 http fetch GET 200 https://registry.npmjs.org/@esbuild%2fopenbsd-arm64 53ms (cache miss)
1401 silly packumentCache full:https://registry.npmjs.org/@esbuild%2fopenbsd-arm64 set size:undefined disposed:false
1402 silly fetch manifest vary@~1.1.2
1403 silly packumentCache full:https://registry.npmjs.org/vary cache-miss
1404 http fetch GET 200 https://registry.npmjs.org/@esbuild%2flinux-mips64el 57ms (cache miss)
1405 silly packumentCache full:https://registry.npmjs.org/@esbuild%2flinux-mips64el set size:undefined disposed:false
1406 silly fetch manifest debug@2.6.9
1407 silly packumentCache full:https://registry.npmjs.org/debug cache-miss
1408 http fetch GET 200 https://registry.npmjs.org/@esbuild%2fopenharmony-arm64 62ms (cache miss)
1409 silly packumentCache full:https://registry.npmjs.org/@esbuild%2fopenharmony-arm64 set size:undefined disposed:false
1410 silly fetch manifest fresh@~0.5.2
1411 silly packumentCache full:https://registry.npmjs.org/fresh cache-miss
1412 http fetch GET 200 https://registry.npmjs.org/depd 48ms (cache miss)
1413 silly packumentCache full:https://registry.npmjs.org/depd set size:undefined disposed:false
1414 silly fetch manifest cookie@~0.7.1
1415 silly packumentCache full:https://registry.npmjs.org/cookie cache-miss
1416 http cache https://registry.npmjs.org/vary 24ms (cache hit)
1417 silly packumentCache full:https://registry.npmjs.org/vary set size:16018 disposed:false
1418 silly fetch manifest accepts@~1.3.8
1419 silly packumentCache full:https://registry.npmjs.org/accepts cache-miss
1420 http fetch GET 200 https://registry.npmjs.org/etag 56ms (cache miss)
1421 silly packumentCache full:https://registry.npmjs.org/etag set size:undefined disposed:false
1422 silly fetch manifest methods@~1.1.2
1423 silly packumentCache full:https://registry.npmjs.org/methods cache-miss
1424 http fetch GET 200 https://registry.npmjs.org/qs 76ms (cache miss)
1425 silly packumentCache full:https://registry.npmjs.org/qs set size:undefined disposed:false
1426 silly fetch manifest type-is@~1.6.18
1427 silly packumentCache full:https://registry.npmjs.org/type-is cache-miss
1428 http fetch GET 200 https://registry.npmjs.org/send 66ms (cache miss)
1429 silly packumentCache full:https://registry.npmjs.org/send set size:undefined disposed:false
1430 silly fetch manifest parseurl@~1.3.3
1431 silly packumentCache full:https://registry.npmjs.org/parseurl cache-miss
1432 http fetch GET 200 https://registry.npmjs.org/fresh 55ms (cache miss)
1433 silly packumentCache full:https://registry.npmjs.org/fresh set size:undefined disposed:false
1434 silly fetch manifest statuses@~2.0.1
1435 silly packumentCache full:https://registry.npmjs.org/statuses cache-miss
1436 http fetch GET 200 https://registry.npmjs.org/accepts 51ms (cache miss)
1437 silly packumentCache full:https://registry.npmjs.org/accepts set size:undefined disposed:false
1438 silly fetch manifest encodeurl@~2.0.0
1439 silly packumentCache full:https://registry.npmjs.org/encodeurl cache-miss
1440 http fetch GET 200 https://registry.npmjs.org/methods 46ms (cache miss)
1441 silly packumentCache full:https://registry.npmjs.org/methods set size:undefined disposed:false
1442 silly fetch manifest proxy-addr@~2.0.7
1443 silly packumentCache full:https://registry.npmjs.org/proxy-addr cache-miss
1444 http fetch GET 200 https://registry.npmjs.org/cookie 60ms (cache miss)
1445 silly packumentCache full:https://registry.npmjs.org/cookie set size:undefined disposed:false
1446 silly fetch manifest body-parser@~1.20.3
1447 silly packumentCache full:https://registry.npmjs.org/body-parser cache-miss
1448 http fetch GET 200 https://registry.npmjs.org/debug 75ms (cache miss)
1449 silly packumentCache full:https://registry.npmjs.org/debug set size:undefined disposed:false
1450 silly fetch manifest escape-html@~1.0.3
1451 silly packumentCache full:https://registry.npmjs.org/escape-html cache-miss
1452 http fetch GET 200 https://registry.npmjs.org/parseurl 39ms (cache miss)
1453 silly packumentCache full:https://registry.npmjs.org/parseurl set size:undefined disposed:false
1454 silly fetch manifest http-errors@~2.0.0
1455 silly packumentCache full:https://registry.npmjs.org/http-errors cache-miss
1456 http fetch GET 200 https://registry.npmjs.org/type-is 53ms (cache miss)
1457 silly packumentCache full:https://registry.npmjs.org/type-is set size:undefined disposed:false
1458 silly fetch manifest on-finished@~2.4.1
1459 silly packumentCache full:https://registry.npmjs.org/on-finished cache-miss
1460 http fetch GET 200 https://registry.npmjs.org/statuses 33ms (cache miss)
1461 silly packumentCache full:https://registry.npmjs.org/statuses set size:undefined disposed:false
1462 silly fetch manifest safe-buffer@5.2.1
1463 silly packumentCache full:https://registry.npmjs.org/safe-buffer cache-miss
1464 http fetch GET 200 https://registry.npmjs.org/escape-html 49ms (cache miss)
1465 silly packumentCache full:https://registry.npmjs.org/escape-html set size:undefined disposed:false
1466 silly fetch manifest utils-merge@1.0.1
1467 silly packumentCache full:https://registry.npmjs.org/utils-merge cache-miss
1468 http fetch GET 200 https://registry.npmjs.org/encodeurl 65ms (cache miss)
1469 silly packumentCache full:https://registry.npmjs.org/encodeurl set size:undefined disposed:false
1470 silly fetch manifest content-type@~1.0.4
1471 silly packumentCache full:https://registry.npmjs.org/content-type cache-miss
1472 http fetch GET 200 https://registry.npmjs.org/proxy-addr 66ms (cache miss)
1473 silly packumentCache full:https://registry.npmjs.org/proxy-addr set size:undefined disposed:false
1474 silly fetch manifest finalhandler@~1.3.1
1475 silly packumentCache full:https://registry.npmjs.org/finalhandler cache-miss
1476 http fetch GET 200 https://registry.npmjs.org/on-finished 51ms (cache miss)
1477 silly packumentCache full:https://registry.npmjs.org/on-finished set size:undefined disposed:false
1478 silly fetch manifest range-parser@~1.2.1
1479 silly packumentCache full:https://registry.npmjs.org/range-parser cache-miss
1480 http fetch GET 200 https://registry.npmjs.org/http-errors 55ms (cache miss)
1481 silly packumentCache full:https://registry.npmjs.org/http-errors set size:undefined disposed:false
1482 silly fetch manifest serve-static@~1.16.2
1483 silly packumentCache full:https://registry.npmjs.org/serve-static cache-miss
1484 http fetch GET 200 https://registry.npmjs.org/body-parser 74ms (cache miss)
1485 silly packumentCache full:https://registry.npmjs.org/body-parser set size:undefined disposed:false
1486 silly fetch manifest array-flatten@1.1.1
1487 silly packumentCache full:https://registry.npmjs.org/array-flatten cache-miss
1488 http fetch GET 200 https://registry.npmjs.org/safe-buffer 52ms (cache miss)
1489 silly packumentCache full:https://registry.npmjs.org/safe-buffer set size:undefined disposed:false
1490 silly fetch manifest path-to-regexp@~0.1.12
1491 silly packumentCache full:https://registry.npmjs.org/path-to-regexp cache-miss
1492 http fetch GET 200 https://registry.npmjs.org/content-type 36ms (cache miss)
1493 silly packumentCache full:https://registry.npmjs.org/content-type set size:undefined disposed:false
1494 silly fetch manifest setprototypeof@1.2.0
1495 silly packumentCache full:https://registry.npmjs.org/setprototypeof cache-miss
1496 http fetch GET 200 https://registry.npmjs.org/finalhandler 35ms (cache miss)
1497 silly packumentCache full:https://registry.npmjs.org/finalhandler set size:undefined disposed:false
1498 silly fetch manifest cookie-signature@~1.0.6
1499 silly packumentCache full:https://registry.npmjs.org/cookie-signature cache-miss
1500 http fetch GET 200 https://registry.npmjs.org/range-parser 48ms (cache miss)
1501 silly packumentCache full:https://registry.npmjs.org/range-parser set size:undefined disposed:false
1502 silly fetch manifest merge-descriptors@1.0.3
1503 silly packumentCache full:https://registry.npmjs.org/merge-descriptors cache-miss
1504 http fetch GET 200 https://registry.npmjs.org/utils-merge 60ms (cache miss)
1505 silly packumentCache full:https://registry.npmjs.org/utils-merge set size:undefined disposed:false
1506 silly fetch manifest content-disposition@~0.5.4
1507 silly packumentCache full:https://registry.npmjs.org/content-disposition cache-miss
1508 http fetch GET 200 https://registry.npmjs.org/array-flatten 45ms (cache miss)
1509 silly packumentCache full:https://registry.npmjs.org/array-flatten set size:undefined disposed:false
1510 silly fetch manifest cookie@~0.7.2
1511 silly packumentCache full:https://registry.npmjs.org/cookie cache-miss
1512 http fetch GET 200 https://registry.npmjs.org/serve-static 57ms (cache miss)
1513 silly packumentCache full:https://registry.npmjs.org/serve-static set size:undefined disposed:false
1514 silly fetch manifest cookie-signature@~1.0.7
1515 silly packumentCache full:https://registry.npmjs.org/cookie-signature cache-miss
1516 http cache https://registry.npmjs.org/cookie 8ms (cache hit)
1517 silly packumentCache full:https://registry.npmjs.org/cookie set size:72891 disposed:false
1518 silly fetch manifest debug@~2.6.9
1519 silly packumentCache full:https://registry.npmjs.org/debug cache-miss
1520 http fetch GET 200 https://registry.npmjs.org/path-to-regexp 56ms (cache miss)
1521 silly packumentCache full:https://registry.npmjs.org/path-to-regexp set size:undefined disposed:false
1522 silly fetch manifest depd@~2.0.0
1523 silly packumentCache full:https://registry.npmjs.org/depd cache-miss
1524 http fetch GET 200 https://registry.npmjs.org/setprototypeof 44ms (cache miss)
1525 silly packumentCache full:https://registry.npmjs.org/setprototypeof set size:undefined disposed:false
1526 silly fetch manifest on-headers@~1.1.0
1527 silly packumentCache full:https://registry.npmjs.org/on-headers cache-miss
1528 http cache https://registry.npmjs.org/debug 11ms (cache hit)
1529 silly packumentCache full:https://registry.npmjs.org/debug set size:195840 disposed:false
1530 silly fetch manifest safe-buffer@~5.2.1
1531 silly packumentCache full:https://registry.npmjs.org/safe-buffer cache-miss
1532 http cache https://registry.npmjs.org/depd 11ms (cache hit)
1533 silly packumentCache full:https://registry.npmjs.org/depd set size:40182 disposed:false
1534 silly fetch manifest uid-safe@~2.1.5
1535 silly packumentCache full:https://registry.npmjs.org/uid-safe cache-miss
1536 http fetch GET 200 https://registry.npmjs.org/merge-descriptors 37ms (cache miss)
1537 silly packumentCache full:https://registry.npmjs.org/merge-descriptors set size:undefined disposed:false
1538 silly fetch manifest @firebase/ai@1.4.1
1539 silly packumentCache full:https://registry.npmjs.org/@firebase%2fai cache-miss
1540 http cache https://registry.npmjs.org/safe-buffer 10ms (cache hit)
1541 silly packumentCache full:https://registry.npmjs.org/safe-buffer set size:41183 disposed:false
1542 silly fetch manifest @firebase/app@0.13.2
1543 silly packumentCache full:https://registry.npmjs.org/@firebase%2fapp cache-miss
1544 http fetch GET 200 https://registry.npmjs.org/content-disposition 42ms (cache miss)
1545 silly packumentCache full:https://registry.npmjs.org/content-disposition set size:undefined disposed:false
1546 silly fetch manifest @firebase/auth@1.10.8
1547 silly packumentCache full:https://registry.npmjs.org/@firebase%2fauth cache-miss
1548 http fetch GET 200 https://registry.npmjs.org/on-headers 32ms (cache miss)
1549 silly packumentCache full:https://registry.npmjs.org/on-headers set size:undefined disposed:false
1550 silly fetch manifest @firebase/util@1.12.1
1551 silly packumentCache full:https://registry.npmjs.org/@firebase%2futil cache-miss
1552 http fetch GET 200 https://registry.npmjs.org/uid-safe 39ms (cache miss)
1553 silly packumentCache full:https://registry.npmjs.org/uid-safe set size:undefined disposed:false
1554 silly fetch manifest @firebase/storage@0.13.14
1555 silly packumentCache full:https://registry.npmjs.org/@firebase%2fstorage cache-miss
1556 http fetch GET 200 https://registry.npmjs.org/cookie-signature 103ms (cache miss)
1557 silly packumentCache full:https://registry.npmjs.org/cookie-signature set size:undefined disposed:false
1558 silly fetch manifest @firebase/database@1.0.20
1559 silly packumentCache full:https://registry.npmjs.org/@firebase%2fdatabase cache-miss
1560 http fetch GET 200 https://registry.npmjs.org/cookie-signature 81ms (cache miss)
1561 silly packumentCache full:https://registry.npmjs.org/cookie-signature set size:undefined disposed:false
1562 silly fetch manifest @firebase/analytics@0.10.17
1563 silly packumentCache full:https://registry.npmjs.org/@firebase%2fanalytics cache-miss
1564 http fetch GET 200 https://registry.npmjs.org/@firebase%2fai 213ms (cache miss)
1565 silly packumentCache full:https://registry.npmjs.org/@firebase%2fai set size:undefined disposed:false
1566 silly fetch manifest @firebase/app-check@0.10.1
1567 silly packumentCache full:https://registry.npmjs.org/@firebase%2fapp-check cache-miss
1568 http fetch GET 200 https://registry.npmjs.org/@firebase%2fapp-check 554ms (cache miss)
1569 silly packumentCache full:https://registry.npmjs.org/@firebase%2fapp-check set size:undefined disposed:false
1570 silly fetch manifest @firebase/app-types@0.9.3
1571 silly packumentCache full:https://registry.npmjs.org/@firebase%2fapp-types cache-miss
1572 http fetch GET 200 https://registry.npmjs.org/@firebase%2fanalytics 817ms (cache miss)
1573 silly packumentCache full:https://registry.npmjs.org/@firebase%2fanalytics set size:undefined disposed:false
1574 silly fetch manifest @firebase/firestore@4.8.0
1575 silly packumentCache full:https://registry.npmjs.org/@firebase%2ffirestore cache-miss
1576 http fetch GET 200 https://registry.npmjs.org/@firebase%2futil 961ms (cache miss)
1577 silly packumentCache full:https://registry.npmjs.org/@firebase%2futil set size:undefined disposed:false
1578 silly fetch manifest @firebase/functions@0.12.9
1579 silly packumentCache full:https://registry.npmjs.org/@firebase%2ffunctions cache-miss
1580 http fetch GET 200 https://registry.npmjs.org/@firebase%2fapp 1164ms (cache miss)
1581 silly packumentCache full:https://registry.npmjs.org/@firebase%2fapp set size:undefined disposed:false
1582 silly fetch manifest @firebase/messaging@0.12.22
1583 silly packumentCache full:https://registry.npmjs.org/@firebase%2fmessaging cache-miss
1584 http fetch GET 200 https://registry.npmjs.org/@firebase%2fstorage 1269ms (cache miss)
1585 silly packumentCache full:https://registry.npmjs.org/@firebase%2fstorage set size:undefined disposed:false
1586 silly fetch manifest @firebase/app-compat@0.4.2
1587 silly packumentCache full:https://registry.npmjs.org/@firebase%2fapp-compat cache-miss
1588 http fetch GET 200 https://registry.npmjs.org/@firebase%2fdatabase 1417ms (cache miss)
1589 silly packumentCache full:https://registry.npmjs.org/@firebase%2fdatabase set size:undefined disposed:false
1590 silly fetch manifest @firebase/auth-compat@0.5.28
1591 silly packumentCache full:https://registry.npmjs.org/@firebase%2fauth-compat cache-miss
1592 http fetch GET 200 https://registry.npmjs.org/@firebase%2fauth 1691ms (cache miss)
1593 silly packumentCache full:https://registry.npmjs.org/@firebase%2fauth set size:undefined disposed:false
1594 silly fetch manifest @firebase/performance@0.7.7
1595 silly packumentCache full:https://registry.npmjs.org/@firebase%2fperformance cache-miss
1596 http fetch GET 200 https://registry.npmjs.org/@firebase%2fapp-types 1132ms (cache miss)
1597 silly packumentCache full:https://registry.npmjs.org/@firebase%2fapp-types set size:undefined disposed:false
1598 silly fetch manifest @firebase/data-connect@0.3.10
1599 silly packumentCache full:https://registry.npmjs.org/@firebase%2fdata-connect cache-miss
1600 http fetch GET 200 https://registry.npmjs.org/@firebase%2fapp-compat 670ms (cache miss)
1601 silly packumentCache full:https://registry.npmjs.org/@firebase%2fapp-compat set size:undefined disposed:false
1602 silly fetch manifest @firebase/installations@0.6.18
1603 silly packumentCache full:https://registry.npmjs.org/@firebase%2finstallations cache-miss
1604 http fetch GET 200 https://registry.npmjs.org/@firebase%2fauth-compat 616ms (cache miss)
1605 silly packumentCache full:https://registry.npmjs.org/@firebase%2fauth-compat set size:undefined disposed:false
1606 silly fetch manifest @firebase/remote-config@0.6.5
1607 silly packumentCache full:https://registry.npmjs.org/@firebase%2fremote-config cache-miss
1608 http fetch GET 200 https://registry.npmjs.org/@firebase%2fdata-connect 334ms (cache miss)
1609 silly packumentCache full:https://registry.npmjs.org/@firebase%2fdata-connect set size:undefined disposed:false
1610 silly fetch manifest @firebase/storage-compat@0.3.24
1611 silly packumentCache full:https://registry.npmjs.org/@firebase%2fstorage-compat cache-miss
1612 http fetch GET 200 https://registry.npmjs.org/@firebase%2ffunctions 1369ms (cache miss)
1613 silly packumentCache full:https://registry.npmjs.org/@firebase%2ffunctions set size:undefined disposed:false
1614 silly fetch manifest @firebase/database-compat@2.0.11
1615 silly packumentCache full:https://registry.npmjs.org/@firebase%2fdatabase-compat cache-miss
1616 http fetch GET 200 https://registry.npmjs.org/@firebase%2fmessaging 1385ms (cache miss)
1617 silly packumentCache full:https://registry.npmjs.org/@firebase%2fmessaging set size:undefined disposed:false
1618 silly fetch manifest @firebase/analytics-compat@0.2.23
1619 silly packumentCache full:https://registry.npmjs.org/@firebase%2fanalytics-compat cache-miss
1620 http fetch GET 200 https://registry.npmjs.org/@firebase%2fperformance 1002ms (cache miss)
1621 silly packumentCache full:https://registry.npmjs.org/@firebase%2fperformance set size:undefined disposed:false
1622 silly fetch manifest @firebase/app-check-compat@0.3.26
1623 silly packumentCache full:https://registry.npmjs.org/@firebase%2fapp-check-compat cache-miss
1624 http fetch GET 200 https://registry.npmjs.org/@firebase%2fstorage-compat 636ms (cache miss)
1625 silly packumentCache full:https://registry.npmjs.org/@firebase%2fstorage-compat set size:undefined disposed:false
1626 silly fetch manifest @firebase/firestore-compat@0.3.53
1627 silly packumentCache full:https://registry.npmjs.org/@firebase%2ffirestore-compat cache-miss
1628 http fetch GET 200 https://registry.npmjs.org/@firebase%2finstallations 1029ms (cache miss)
1629 silly packumentCache full:https://registry.npmjs.org/@firebase%2finstallations set size:undefined disposed:false
1630 silly fetch manifest @firebase/functions-compat@0.3.26
1631 silly packumentCache full:https://registry.npmjs.org/@firebase%2ffunctions-compat cache-miss
1632 http fetch GET 200 https://registry.npmjs.org/@firebase%2fdatabase-compat 669ms (cache miss)
1633 silly packumentCache full:https://registry.npmjs.org/@firebase%2fdatabase-compat set size:undefined disposed:false
1634 silly fetch manifest @firebase/messaging-compat@0.2.22
1635 silly packumentCache full:https://registry.npmjs.org/@firebase%2fmessaging-compat cache-miss
1636 http fetch GET 200 https://registry.npmjs.org/@firebase%2ffirestore 2342ms (cache miss)
1637 silly packumentCache full:https://registry.npmjs.org/@firebase%2ffirestore set size:undefined disposed:false
1638 silly fetch manifest @firebase/performance-compat@0.2.20
1639 silly packumentCache full:https://registry.npmjs.org/@firebase%2fperformance-compat cache-miss
1640 http fetch GET 200 https://registry.npmjs.org/@firebase%2fanalytics-compat 812ms (cache miss)
1641 silly packumentCache full:https://registry.npmjs.org/@firebase%2fanalytics-compat set size:undefined disposed:false
1642 silly fetch manifest @firebase/installations-compat@0.2.18
1643 silly packumentCache full:https://registry.npmjs.org/@firebase%2finstallations-compat cache-miss
1644 http fetch GET 200 https://registry.npmjs.org/@firebase%2fremote-config 1310ms (cache miss)
1645 silly packumentCache full:https://registry.npmjs.org/@firebase%2fremote-config set size:undefined disposed:false
1646 silly fetch manifest @firebase/remote-config-compat@0.2.18
1647 silly packumentCache full:https://registry.npmjs.org/@firebase%2fremote-config-compat cache-miss
1648 http fetch GET 200 https://registry.npmjs.org/@firebase%2fapp-check-compat 846ms (cache miss)
1649 silly packumentCache full:https://registry.npmjs.org/@firebase%2fapp-check-compat set size:undefined disposed:false
1650 silly fetch manifest @fastify/busboy@^3.0.0
1651 silly packumentCache full:https://registry.npmjs.org/@fastify%2fbusboy cache-miss
1652 http fetch GET 200 https://registry.npmjs.org/@firebase%2fmessaging-compat 556ms (cache miss)
1653 silly packumentCache full:https://registry.npmjs.org/@firebase%2fmessaging-compat set size:undefined disposed:false
1654 silly fetch manifest @firebase/database-compat@^2.0.0
1655 silly packumentCache full:https://registry.npmjs.org/@firebase%2fdatabase-compat cache-miss
1656 http cache https://registry.npmjs.org/@firebase%2fdatabase-compat 33ms (cache hit)
1657 silly packumentCache full:https://registry.npmjs.org/@firebase%2fdatabase-compat set size:6185692 disposed:false
1658 silly fetch manifest @firebase/database-types@^1.0.6
1659 silly packumentCache full:https://registry.npmjs.org/@firebase%2fdatabase-types cache-miss
1660 http fetch GET 200 https://registry.npmjs.org/@fastify%2fbusboy 218ms (cache miss)
1661 silly packumentCache full:https://registry.npmjs.org/@fastify%2fbusboy set size:undefined disposed:false
1662 silly fetch manifest @types/node@^22.8.7
1663 silly packumentCache full:https://registry.npmjs.org/@types%2fnode cache-miss
1664 http fetch GET 200 https://registry.npmjs.org/@firebase%2ffunctions-compat 780ms (cache miss)
1665 silly packumentCache full:https://registry.npmjs.org/@firebase%2ffunctions-compat set size:undefined disposed:false
1666 silly fetch manifest farmhash-modern@^1.1.0
1667 silly packumentCache full:https://registry.npmjs.org/farmhash-modern cache-miss
1668 http fetch GET 200 https://registry.npmjs.org/@firebase%2ffirestore-compat 984ms (cache miss)
1669 silly packumentCache full:https://registry.npmjs.org/@firebase%2ffirestore-compat set size:undefined disposed:false
1670 silly fetch manifest fast-deep-equal@^3.1.1
1671 silly packumentCache full:https://registry.npmjs.org/fast-deep-equal cache-miss
1672 http cache https://registry.npmjs.org/@types%2fnode 120ms (cache hit)
1673 silly packumentCache full:https://registry.npmjs.org/@types%2fnode set size:10864169 disposed:false
1674 silly fetch manifest google-auth-library@^9.14.2
1675 silly packumentCache full:https://registry.npmjs.org/google-auth-library cache-miss
1676 http fetch GET 200 https://registry.npmjs.org/farmhash-modern 211ms (cache miss)
1677 silly packumentCache full:https://registry.npmjs.org/farmhash-modern set size:undefined disposed:false
1678 silly fetch manifest jsonwebtoken@^9.0.0
1679 silly packumentCache full:https://registry.npmjs.org/jsonwebtoken cache-miss
1680 http fetch GET 200 https://registry.npmjs.org/@firebase%2fperformance-compat 787ms (cache miss)
1681 silly packumentCache full:https://registry.npmjs.org/@firebase%2fperformance-compat set size:undefined disposed:false
1682 silly fetch manifest jwks-rsa@^3.1.0
1683 silly packumentCache full:https://registry.npmjs.org/jwks-rsa cache-miss
1684 http fetch GET 200 https://registry.npmjs.org/fast-deep-equal 231ms (cache miss)
1685 silly packumentCache full:https://registry.npmjs.org/fast-deep-equal set size:undefined disposed:false
1686 silly fetch manifest node-forge@^1.3.1
1687 silly packumentCache full:https://registry.npmjs.org/node-forge cache-miss
1688 http fetch GET 200 https://registry.npmjs.org/jsonwebtoken 87ms (cache miss)
1689 silly packumentCache full:https://registry.npmjs.org/jsonwebtoken set size:undefined disposed:false
1690 silly fetch manifest uuid@^11.0.2
1691 silly packumentCache full:https://registry.npmjs.org/uuid cache-miss
1692 http fetch GET 200 https://registry.npmjs.org/google-auth-library 110ms (cache miss)
1693 silly packumentCache full:https://registry.npmjs.org/google-auth-library set size:undefined disposed:false
1694 silly fetch manifest @google-cloud/firestore@^7.11.0
1695 silly packumentCache full:https://registry.npmjs.org/@google-cloud%2ffirestore cache-miss
1696 http cache https://registry.npmjs.org/uuid 24ms (cache hit)
1697 silly packumentCache full:https://registry.npmjs.org/uuid set size:224608 disposed:false
1698 silly fetch manifest @google-cloud/storage@^7.14.0
1699 silly packumentCache full:https://registry.npmjs.org/@google-cloud%2fstorage cache-miss
1700 http fetch GET 200 https://registry.npmjs.org/jwks-rsa 80ms (cache miss)
1701 silly packumentCache full:https://registry.npmjs.org/jwks-rsa set size:undefined disposed:false
1702 silly fetch manifest tslib@^2.4.0
1703 silly packumentCache full:https://registry.npmjs.org/tslib cache-miss
1704 http fetch GET 200 https://registry.npmjs.org/node-forge 82ms (cache miss)
1705 silly packumentCache full:https://registry.npmjs.org/node-forge set size:undefined disposed:false
1706 silly fetch manifest motion-dom@^11.18.1
1707 silly packumentCache full:https://registry.npmjs.org/motion-dom cache-miss
1708 http fetch GET 200 https://registry.npmjs.org/@firebase%2finstallations-compat 824ms (cache miss)
1709 silly packumentCache full:https://registry.npmjs.org/@firebase%2finstallations-compat set size:undefined disposed:false
1710 silly fetch manifest motion-utils@^11.18.1
1711 silly packumentCache full:https://registry.npmjs.org/motion-utils cache-miss
1712 http fetch GET 200 https://registry.npmjs.org/tslib 67ms (cache miss)
1713 silly packumentCache full:https://registry.npmjs.org/tslib set size:undefined disposed:false
1714 silly fetch manifest nanoid@^3.1.23
1715 silly packumentCache full:https://registry.npmjs.org/nanoid cache-miss
1716 http fetch GET 200 https://registry.npmjs.org/motion-dom 64ms (cache miss)
1717 silly packumentCache full:https://registry.npmjs.org/motion-dom set size:undefined disposed:false
1718 silly fetch manifest runes2@^1.1.2
1719 silly packumentCache full:https://registry.npmjs.org/runes2 cache-miss
1720 http cache https://registry.npmjs.org/nanoid 14ms (cache hit)
1721 silly packumentCache full:https://registry.npmjs.org/nanoid set size:298419 disposed:false
1722 silly fetch manifest yup@^1.2.0
1723 silly packumentCache full:https://registry.npmjs.org/yup cache-miss
1724 http fetch GET 200 https://registry.npmjs.org/@google-cloud%2fstorage 141ms (cache miss)
1725 silly packumentCache full:https://registry.npmjs.org/@google-cloud%2fstorage set size:undefined disposed:false
1726 silly fetch manifest d@^1.0.2
1727 silly packumentCache full:https://registry.npmjs.org/d cache-miss
1728 http fetch GET 200 https://registry.npmjs.org/motion-utils 60ms (cache miss)
1729 silly packumentCache full:https://registry.npmjs.org/motion-utils set size:undefined disposed:false
1730 silly fetch manifest es5-ext@^0.10.64
1731 silly packumentCache full:https://registry.npmjs.org/es5-ext cache-miss
1732 http fetch GET 200 https://registry.npmjs.org/@google-cloud%2ffirestore 180ms (cache miss)
1733 silly packumentCache full:https://registry.npmjs.org/@google-cloud%2ffirestore set size:undefined disposed:false
1734 silly fetch manifest es6-weak-map@^2.0.3
1735 silly packumentCache full:https://registry.npmjs.org/es6-weak-map cache-miss
1736 http fetch GET 200 https://registry.npmjs.org/d 46ms (cache miss)
1737 silly packumentCache full:https://registry.npmjs.org/d set size:undefined disposed:false
1738 silly fetch manifest event-emitter@^0.3.5
1739 silly packumentCache full:https://registry.npmjs.org/event-emitter cache-miss
1740 http fetch GET 200 https://registry.npmjs.org/es5-ext 50ms (cache miss)
1741 silly packumentCache full:https://registry.npmjs.org/es5-ext set size:undefined disposed:false
1742 silly fetch manifest is-promise@^2.2.2
1743 silly packumentCache full:https://registry.npmjs.org/is-promise cache-miss
1744 http fetch GET 200 https://registry.npmjs.org/yup 84ms (cache miss)
1745 silly packumentCache full:https://registry.npmjs.org/yup set size:undefined disposed:false
1746 silly fetch manifest lru-queue@^0.1.0
1747 silly packumentCache full:https://registry.npmjs.org/lru-queue cache-miss
1748 http fetch GET 200 https://registry.npmjs.org/@firebase%2fremote-config-compat 906ms (cache miss)
1749 silly packumentCache full:https://registry.npmjs.org/@firebase%2fremote-config-compat set size:undefined disposed:false
1750 silly fetch manifest next-tick@^1.1.0
1751 silly packumentCache full:https://registry.npmjs.org/next-tick cache-miss
1752 http fetch GET 200 https://registry.npmjs.org/es6-weak-map 85ms (cache miss)
1753 silly packumentCache full:https://registry.npmjs.org/es6-weak-map set size:undefined disposed:false
1754 silly fetch manifest timers-ext@^0.1.7
1755 silly packumentCache full:https://registry.npmjs.org/timers-ext cache-miss
1756 http fetch GET 200 https://registry.npmjs.org/lru-queue 49ms (cache miss)
1757 silly packumentCache full:https://registry.npmjs.org/lru-queue set size:undefined disposed:false
1758 silly fetch manifest debug@^4.3.0
1759 silly packumentCache full:https://registry.npmjs.org/debug cache-hit
1760 silly fetch manifest lru-cache@^4.0.3
1761 silly packumentCache full:https://registry.npmjs.org/lru-cache cache-miss
1762 http fetch GET 200 https://registry.npmjs.org/event-emitter 71ms (cache miss)
1763 silly packumentCache full:https://registry.npmjs.org/event-emitter set size:undefined disposed:false
1764 silly fetch manifest append-field@^1.0.0
1765 silly packumentCache full:https://registry.npmjs.org/append-field cache-miss
1766 http fetch GET 200 https://registry.npmjs.org/is-promise 175ms (cache miss)
1767 silly packumentCache full:https://registry.npmjs.org/is-promise set size:undefined disposed:false
1768 silly fetch manifest busboy@^1.6.0
1769 silly packumentCache full:https://registry.npmjs.org/busboy cache-miss
1770 http fetch GET 200 https://registry.npmjs.org/next-tick 135ms (cache miss)
1771 silly packumentCache full:https://registry.npmjs.org/next-tick set size:undefined disposed:false
1772 silly fetch manifest concat-stream@^2.0.0
1773 silly packumentCache full:https://registry.npmjs.org/concat-stream cache-miss
1774 http fetch GET 200 https://registry.npmjs.org/append-field 120ms (cache miss)
1775 silly packumentCache full:https://registry.npmjs.org/append-field set size:undefined disposed:false
1776 silly fetch manifest mkdirp@^0.5.6
1777 silly packumentCache full:https://registry.npmjs.org/mkdirp cache-miss
1778 http fetch GET 200 https://registry.npmjs.org/timers-ext 131ms (cache miss)
1779 silly packumentCache full:https://registry.npmjs.org/timers-ext set size:undefined disposed:false
1780 silly fetch manifest object-assign@^4.1.1
1781 silly packumentCache full:https://registry.npmjs.org/object-assign cache-miss
1782 http fetch GET 200 https://registry.npmjs.org/runes2 281ms (cache miss)
1783 silly packumentCache full:https://registry.npmjs.org/runes2 set size:undefined disposed:false
1784 silly fetch manifest type-is@^1.6.18
1785 silly packumentCache full:https://registry.npmjs.org/type-is cache-miss
1786 http cache https://registry.npmjs.org/object-assign 17ms (cache hit)
1787 silly packumentCache full:https://registry.npmjs.org/object-assign set size:28988 disposed:false
1788 silly fetch manifest xtend@^4.0.2
1789 silly packumentCache full:https://registry.npmjs.org/xtend cache-miss
1790 http fetch GET 200 https://registry.npmjs.org/lru-cache 149ms (cache miss)
1791 silly packumentCache full:https://registry.npmjs.org/lru-cache set size:undefined disposed:false
1792 silly fetch manifest data-uri-to-buffer@^4.0.0
1793 silly packumentCache full:https://registry.npmjs.org/data-uri-to-buffer cache-miss
1794 http cache https://registry.npmjs.org/type-is 29ms (cache hit)
1795 silly packumentCache full:https://registry.npmjs.org/type-is set size:86196 disposed:false
1796 silly fetch manifest fetch-blob@^3.1.4
1797 silly packumentCache full:https://registry.npmjs.org/fetch-blob cache-miss
1798 http fetch GET 200 https://registry.npmjs.org/mkdirp 45ms (cache miss)
1799 silly packumentCache full:https://registry.npmjs.org/mkdirp set size:undefined disposed:false
1800 silly fetch manifest formdata-polyfill@^4.0.10
1801 silly packumentCache full:https://registry.npmjs.org/formdata-polyfill cache-miss
1802 http fetch GET 200 https://registry.npmjs.org/concat-stream 48ms (cache miss)
1803 silly packumentCache full:https://registry.npmjs.org/concat-stream set size:undefined disposed:false
1804 silly fetch manifest smtp-connection@2.12.0
1805 silly packumentCache full:https://registry.npmjs.org/smtp-connection cache-miss
1806 http fetch GET 200 https://registry.npmjs.org/xtend 47ms (cache miss)
1807 silly packumentCache full:https://registry.npmjs.org/xtend set size:undefined disposed:false
1808 silly fetch manifest nodemailer-shared@1.1.0
1809 silly packumentCache full:https://registry.npmjs.org/nodemailer-shared cache-miss
1810 http fetch GET 200 https://registry.npmjs.org/fetch-blob 34ms (cache miss)
1811 silly packumentCache full:https://registry.npmjs.org/fetch-blob set size:undefined disposed:false
1812 silly fetch manifest nodemailer-wellknown@0.1.10
1813 silly packumentCache full:https://registry.npmjs.org/nodemailer-wellknown cache-miss
1814 http fetch GET 200 https://registry.npmjs.org/data-uri-to-buffer 49ms (cache miss)
1815 silly packumentCache full:https://registry.npmjs.org/data-uri-to-buffer set size:undefined disposed:false
1816 silly fetch manifest jose@^6.1.3
1817 silly packumentCache full:https://registry.npmjs.org/jose cache-miss
1818 http fetch GET 200 https://registry.npmjs.org/@firebase%2fdatabase-types 878ms (cache miss)
1819 silly packumentCache full:https://registry.npmjs.org/@firebase%2fdatabase-types set size:undefined disposed:false
1820 silly fetch manifest oauth4webapi@^3.8.4
1821 silly packumentCache full:https://registry.npmjs.org/oauth4webapi cache-miss
1822 http fetch GET 200 https://registry.npmjs.org/formdata-polyfill 140ms (cache miss)
1823 silly packumentCache full:https://registry.npmjs.org/formdata-polyfill set size:undefined disposed:false
1824 silly fetch manifest pause@0.0.1
1825 silly packumentCache full:https://registry.npmjs.org/pause cache-miss
1826 http fetch GET 200 https://registry.npmjs.org/nodemailer-shared 131ms (cache miss)
1827 silly packumentCache full:https://registry.npmjs.org/nodemailer-shared set size:undefined disposed:false
1828 silly fetch manifest utils-merge@^1.0.1
1829 silly packumentCache full:https://registry.npmjs.org/utils-merge cache-miss
1830 http fetch GET 200 https://registry.npmjs.org/nodemailer-wellknown 131ms (cache miss)
1831 silly packumentCache full:https://registry.npmjs.org/nodemailer-wellknown set size:undefined disposed:false
1832 silly fetch manifest passport-strategy@1.x.x
1833 silly packumentCache full:https://registry.npmjs.org/passport-strategy cache-miss
1834 http fetch GET 200 https://registry.npmjs.org/busboy 210ms (cache miss)
1835 silly packumentCache full:https://registry.npmjs.org/busboy set size:undefined disposed:false
1836 silly fetch manifest passport-strategy@1.x.x
1837 silly packumentCache full:https://registry.npmjs.org/passport-strategy cache-miss
1838 http cache https://registry.npmjs.org/utils-merge 9ms (cache hit)
1839 silly packumentCache full:https://registry.npmjs.org/utils-merge set size:5237 disposed:false
1840 silly fetch manifest @types/offscreencanvas@^2019.6.4
1841 silly packumentCache full:https://registry.npmjs.org/@types%2foffscreencanvas cache-miss
1842 http fetch GET 200 https://registry.npmjs.org/jose 139ms (cache miss)
1843 silly packumentCache full:https://registry.npmjs.org/jose set size:undefined disposed:false
1844 silly fetch manifest pngjs@^5.0.0
1845 silly packumentCache full:https://registry.npmjs.org/pngjs cache-miss
1846 http fetch GET 200 https://registry.npmjs.org/smtp-connection 193ms (cache miss)
1847 silly packumentCache full:https://registry.npmjs.org/smtp-connection set size:undefined disposed:false
1848 silly fetch manifest yargs@^15.3.1
1849 silly packumentCache full:https://registry.npmjs.org/yargs cache-miss
1850 http fetch GET 200 https://registry.npmjs.org/pause 58ms (cache miss)
1851 silly packumentCache full:https://registry.npmjs.org/pause set size:undefined disposed:false
1852 silly fetch manifest dijkstrajs@^1.0.1
1853 silly packumentCache full:https://registry.npmjs.org/dijkstrajs cache-miss
1854 http fetch GET 200 https://registry.npmjs.org/passport-strategy 48ms (cache miss)
1855 silly packumentCache full:https://registry.npmjs.org/passport-strategy set size:undefined disposed:false
1856 silly fetch manifest react-fast-compare@^3.1.1
1857 silly packumentCache full:https://registry.npmjs.org/react-fast-compare cache-miss
1858 http fetch GET 200 https://registry.npmjs.org/passport-strategy 53ms (cache miss)
1859 silly packumentCache full:https://registry.npmjs.org/passport-strategy set size:undefined disposed:false
1860 silly fetch manifest react-side-effect@^2.1.0
1861 silly packumentCache full:https://registry.npmjs.org/react-side-effect cache-miss
1862 http fetch GET 200 https://registry.npmjs.org/pngjs 37ms (cache miss)
1863 silly packumentCache full:https://registry.npmjs.org/pngjs set size:undefined disposed:false
1864 silly fetch manifest @zxing/library@^0.19.1
1865 silly packumentCache full:https://registry.npmjs.org/@zxing%2flibrary cache-miss
1866 http fetch GET 200 https://registry.npmjs.org/yargs 41ms (cache miss)
1867 silly packumentCache full:https://registry.npmjs.org/yargs set size:undefined disposed:false
1868 silly fetch manifest prop-types@^15.8.1
1869 silly packumentCache full:https://registry.npmjs.org/prop-types cache-miss
1870 http fetch GET 200 https://registry.npmjs.org/react-side-effect 48ms (cache miss)
1871 silly packumentCache full:https://registry.npmjs.org/react-side-effect set size:undefined disposed:false
1872 silly fetch manifest lodash@^4.17.21
1873 silly packumentCache full:https://registry.npmjs.org/lodash cache-miss
1874 http cache https://registry.npmjs.org/prop-types 16ms (cache hit)
1875 silly packumentCache full:https://registry.npmjs.org/prop-types set size:76747 disposed:false
1876 silly fetch manifest react-is@^18.3.1
1877 silly packumentCache full:https://registry.npmjs.org/react-is cache-miss
1878 http fetch GET 200 https://registry.npmjs.org/oauth4webapi 131ms (cache miss)
1879 silly packumentCache full:https://registry.npmjs.org/oauth4webapi set size:undefined disposed:false
1880 silly fetch manifest react-smooth@^4.0.4
1881 silly packumentCache full:https://registry.npmjs.org/react-smooth cache-miss
1882 http fetch GET 200 https://registry.npmjs.org/react-fast-compare 61ms (cache miss)
1883 silly packumentCache full:https://registry.npmjs.org/react-fast-compare set size:undefined disposed:false
1884 silly fetch manifest eventemitter3@^4.0.1
1885 silly packumentCache full:https://registry.npmjs.org/eventemitter3 cache-miss
1886 http fetch GET 200 https://registry.npmjs.org/react-smooth 37ms (cache miss)
1887 silly packumentCache full:https://registry.npmjs.org/react-smooth set size:undefined disposed:false
1888 silly fetch manifest recharts-scale@^0.4.4
1889 silly packumentCache full:https://registry.npmjs.org/recharts-scale cache-miss
1890 http fetch GET 200 https://registry.npmjs.org/dijkstrajs 111ms (cache miss)
1891 silly packumentCache full:https://registry.npmjs.org/dijkstrajs set size:undefined disposed:false
1892 silly fetch manifest tiny-invariant@^1.3.1
1893 silly packumentCache full:https://registry.npmjs.org/tiny-invariant cache-miss
1894 http fetch GET 200 https://registry.npmjs.org/lodash 54ms (cache miss)
1895 silly packumentCache full:https://registry.npmjs.org/lodash set size:undefined disposed:false
1896 silly fetch manifest victory-vendor@^36.6.8
1897 silly packumentCache full:https://registry.npmjs.org/victory-vendor cache-miss
1898 http fetch GET 200 https://registry.npmjs.org/eventemitter3 51ms (cache miss)
1899 silly packumentCache full:https://registry.npmjs.org/eventemitter3 set size:undefined disposed:false
1900 silly fetch manifest qs@^6.11.0
1901 silly packumentCache full:https://registry.npmjs.org/qs cache-miss
1902 http cache https://registry.npmjs.org/qs 6ms (cache hit)
1903 silly packumentCache full:https://registry.npmjs.org/qs set size:350258 disposed:false
1904 silly fetch manifest esbuild@~0.27.0
1905 silly packumentCache full:https://registry.npmjs.org/esbuild cache-miss
1906 http cache https://registry.npmjs.org/esbuild 14ms (cache hit)
1907 silly packumentCache full:https://registry.npmjs.org/esbuild set size:1242223 disposed:false
1908 silly fetch manifest get-tsconfig@^4.7.5
1909 silly packumentCache full:https://registry.npmjs.org/get-tsconfig cache-miss
1910 http fetch GET 200 https://registry.npmjs.org/recharts-scale 52ms (cache miss)
1911 silly packumentCache full:https://registry.npmjs.org/recharts-scale set size:undefined disposed:false
1912 silly fetch manifest mitt@^3.0.1
1913 silly packumentCache full:https://registry.npmjs.org/mitt cache-miss
1914 http fetch GET 200 https://registry.npmjs.org/tiny-invariant 53ms (cache miss)
1915 silly packumentCache full:https://registry.npmjs.org/tiny-invariant set size:undefined disposed:false
1916 silly fetch manifest regexparam@^3.0.0
1917 silly packumentCache full:https://registry.npmjs.org/regexparam cache-miss
1918 http fetch GET 200 https://registry.npmjs.org/victory-vendor 58ms (cache miss)
1919 silly packumentCache full:https://registry.npmjs.org/victory-vendor set size:undefined disposed:false
1920 silly fetch manifest use-sync-external-store@^1.0.0
1921 silly packumentCache full:https://registry.npmjs.org/use-sync-external-store cache-miss
1922 http fetch GET 200 https://registry.npmjs.org/mitt 31ms (cache miss)
1923 silly packumentCache full:https://registry.npmjs.org/mitt set size:undefined disposed:false
1924 http fetch GET 200 https://registry.npmjs.org/get-tsconfig 49ms (cache miss)
1925 silly packumentCache full:https://registry.npmjs.org/get-tsconfig set size:undefined disposed:false
1926 http fetch GET 200 https://registry.npmjs.org/@zxing%2flibrary 181ms (cache miss)
1927 silly packumentCache full:https://registry.npmjs.org/@zxing%2flibrary set size:undefined disposed:false
1928 http fetch GET 200 https://registry.npmjs.org/@types%2foffscreencanvas 277ms (cache miss)
1929 silly packumentCache full:https://registry.npmjs.org/@types%2foffscreencanvas set size:undefined disposed:false
1930 http fetch GET 200 https://registry.npmjs.org/react-is 182ms (cache miss)
1931 silly packumentCache full:https://registry.npmjs.org/react-is set size:undefined disposed:false
1932 http fetch GET 200 https://registry.npmjs.org/regexparam 134ms (cache miss)
1933 silly packumentCache full:https://registry.npmjs.org/regexparam set size:undefined disposed:false
1934 http fetch GET 200 https://registry.npmjs.org/use-sync-external-store 163ms (cache miss)
1935 silly packumentCache full:https://registry.npmjs.org/use-sync-external-store set size:undefined disposed:false
1936 silly placeDep ROOT @jridgewell/resolve-uri@3.1.2 OK for: @jridgewell/trace-mapping@0.3.31 want: ^3.1.0
1937 silly placeDep ROOT @jridgewell/sourcemap-codec@1.5.5 OK for: @jridgewell/trace-mapping@0.3.31 want: ^1.4.14
1938 silly placeDep ROOT @types/pg@8.11.6 OK for: @neondatabase/serverless@0.10.4 want: 8.11.6
1939 silly fetch manifest pg-types@^4.0.1
1940 silly packumentCache full:https://registry.npmjs.org/pg-types cache-miss
1941 silly fetch manifest pg-protocol@*
1942 silly packumentCache full:https://registry.npmjs.org/pg-protocol cache-miss
1943 http fetch GET 200 https://registry.npmjs.org/pg-types 35ms (cache miss)
1944 silly packumentCache full:https://registry.npmjs.org/pg-types set size:undefined disposed:false
1945 http fetch GET 200 https://registry.npmjs.org/pg-protocol 37ms (cache miss)
1946 silly packumentCache full:https://registry.npmjs.org/pg-protocol set size:undefined disposed:false
1947 silly placeDep ROOT @apimatic/authentication-adapters@0.5.14 OK for: @paypal/paypal-server-sdk@1.1.0 want: ^0.5.4
1948 silly placeDep ROOT @apimatic/axios-client-adapter@0.3.21 OK for: @paypal/paypal-server-sdk@1.1.0 want: ^0.3.7
1949 silly placeDep ROOT @apimatic/core@0.10.29 OK for: @paypal/paypal-server-sdk@1.1.0 want: ^0.10.16
1950 silly placeDep ROOT @apimatic/oauth-adapters@0.4.18 OK for: @paypal/paypal-server-sdk@1.1.0 want: ^0.4.8
1951 silly placeDep ROOT @apimatic/schema@0.7.21 OK for: @paypal/paypal-server-sdk@1.1.0 want: ^0.7.14
1952 silly fetch manifest @apimatic/core-interfaces@^0.2.14
1953 silly packumentCache full:https://registry.npmjs.org/@apimatic%2fcore-interfaces cache-miss
1954 silly fetch manifest @apimatic/http-headers@^0.3.8
1955 silly packumentCache full:https://registry.npmjs.org/@apimatic%2fhttp-headers cache-miss
1956 silly fetch manifest @apimatic/http-query@^0.3.9
1957 silly packumentCache full:https://registry.npmjs.org/@apimatic%2fhttp-query cache-miss
1958 silly fetch manifest tslib@^2.8.1
1959 silly packumentCache full:https://registry.npmjs.org/tslib cache-miss
1960 silly fetch manifest @apimatic/convert-to-stream@^0.1.9
1961 silly packumentCache full:https://registry.npmjs.org/@apimatic%2fconvert-to-stream cache-miss
1962 silly fetch manifest @apimatic/core-interfaces@^0.2.14
1963 silly packumentCache full:https://registry.npmjs.org/@apimatic%2fcore-interfaces cache-miss
1964 silly fetch manifest @apimatic/file-wrapper@^0.3.9
1965 silly packumentCache full:https://registry.npmjs.org/@apimatic%2ffile-wrapper cache-miss
1966 http cache https://registry.npmjs.org/tslib 8ms (cache hit)
1967 silly packumentCache full:https://registry.npmjs.org/tslib set size:108760 disposed:false
1968 silly fetch manifest @apimatic/http-headers@^0.3.8
1969 silly packumentCache full:https://registry.npmjs.org/@apimatic%2fhttp-headers cache-miss
1970 http fetch GET 200 https://registry.npmjs.org/@apimatic%2fhttp-query 459ms (cache miss)
1971 silly packumentCache full:https://registry.npmjs.org/@apimatic%2fhttp-query set size:undefined disposed:false
1972 silly fetch manifest @apimatic/json-bigint@^1.2.0
1973 silly packumentCache full:https://registry.npmjs.org/@apimatic%2fjson-bigint cache-miss
1974 http fetch GET 200 https://registry.npmjs.org/@apimatic%2ffile-wrapper 459ms (cache miss)
1975 silly packumentCache full:https://registry.npmjs.org/@apimatic%2ffile-wrapper set size:undefined disposed:false
1976 silly fetch manifest @apimatic/proxy@^0.1.4
1977 silly packumentCache full:https://registry.npmjs.org/@apimatic%2fproxy cache-miss
1978 http fetch GET 200 https://registry.npmjs.org/@apimatic%2fcore-interfaces 462ms (cache miss)
1979 silly packumentCache full:https://registry.npmjs.org/@apimatic%2fcore-interfaces set size:undefined disposed:false
1980 silly fetch manifest axios@^1.8.4
1981 silly packumentCache full:https://registry.npmjs.org/axios cache-miss
1982 http fetch GET 200 https://registry.npmjs.org/@apimatic%2fhttp-headers 454ms (cache miss)
1983 silly packumentCache full:https://registry.npmjs.org/@apimatic%2fhttp-headers set size:undefined disposed:false
1984 silly fetch manifest detect-browser@^5.3.0
1985 silly packumentCache full:https://registry.npmjs.org/detect-browser cache-miss
1986 http fetch GET 200 https://registry.npmjs.org/@apimatic%2fconvert-to-stream 471ms (cache miss)
1987 silly packumentCache full:https://registry.npmjs.org/@apimatic%2fconvert-to-stream set size:undefined disposed:false
1988 silly fetch manifest detect-node@^2.1.0
1989 silly packumentCache full:https://registry.npmjs.org/detect-node cache-miss
1990 http fetch GET 200 https://registry.npmjs.org/@apimatic%2fcore-interfaces 475ms (cache miss)
1991 silly packumentCache full:https://registry.npmjs.org/@apimatic%2fcore-interfaces set size:undefined disposed:false
1992 silly fetch manifest form-data@^4.0.1
1993 silly packumentCache full:https://registry.npmjs.org/form-data cache-miss
1994 http fetch GET 200 https://registry.npmjs.org/@apimatic%2fhttp-headers 476ms (cache miss)
1995 silly packumentCache full:https://registry.npmjs.org/@apimatic%2fhttp-headers set size:undefined disposed:false
1996 silly fetch manifest lodash.flatmap@^4.5.0
1997 silly packumentCache full:https://registry.npmjs.org/lodash.flatmap cache-miss
1998 http fetch GET 200 https://registry.npmjs.org/detect-node 39ms (cache miss)
1999 silly packumentCache full:https://registry.npmjs.org/detect-node set size:undefined disposed:false
2000 silly fetch manifest tiny-warning@^1.0.3
2001 silly packumentCache full:https://registry.npmjs.org/tiny-warning cache-miss
2002 http fetch GET 200 https://registry.npmjs.org/form-data 40ms (cache miss)
2003 silly packumentCache full:https://registry.npmjs.org/form-data set size:undefined disposed:false
2004 silly fetch manifest @apimatic/json-bigint@^1.2.0
2005 silly packumentCache full:https://registry.npmjs.org/@apimatic%2fjson-bigint cache-miss
2006 http fetch GET 200 https://registry.npmjs.org/axios 59ms (cache miss)
2007 silly packumentCache full:https://registry.npmjs.org/axios set size:undefined disposed:false
2008 silly fetch manifest @apimatic/schema@^0.7.21
2009 silly packumentCache full:https://registry.npmjs.org/@apimatic%2fschema cache-miss
2010 http cache https://registry.npmjs.org/@apimatic%2fschema 5ms (cache hit)
2011 silly packumentCache full:https://registry.npmjs.org/@apimatic%2fschema set size:95104 disposed:false
2012 silly fetch manifest detect-browser@^5.3.0
2013 silly packumentCache full:https://registry.npmjs.org/detect-browser cache-miss
2014 http fetch GET 200 https://registry.npmjs.org/tiny-warning 27ms (cache miss)
2015 silly packumentCache full:https://registry.npmjs.org/tiny-warning set size:undefined disposed:false
2016 silly fetch manifest lodash.defaultsdeep@^4.6.1
2017 silly packumentCache full:https://registry.npmjs.org/lodash.defaultsdeep cache-miss
2018 http fetch GET 200 https://registry.npmjs.org/detect-browser 111ms (cache miss)
2019 silly packumentCache full:https://registry.npmjs.org/detect-browser set size:undefined disposed:false
2020 silly fetch manifest lodash.flatmap@^4.5.0
2021 silly packumentCache full:https://registry.npmjs.org/lodash.flatmap cache-miss
2022 http fetch GET 200 https://registry.npmjs.org/detect-browser 41ms (cache miss)
2023 silly packumentCache full:https://registry.npmjs.org/detect-browser set size:undefined disposed:false
2024 http fetch GET 200 https://registry.npmjs.org/lodash.flatmap 162ms (cache miss)
2025 silly packumentCache full:https://registry.npmjs.org/lodash.flatmap set size:undefined disposed:false
2026 http fetch GET 200 https://registry.npmjs.org/lodash.defaultsdeep 114ms (cache miss)
2027 silly packumentCache full:https://registry.npmjs.org/lodash.defaultsdeep set size:undefined disposed:false
2028 http fetch GET 200 https://registry.npmjs.org/@apimatic%2fjson-bigint 150ms (cache miss)
2029 silly packumentCache full:https://registry.npmjs.org/@apimatic%2fjson-bigint set size:undefined disposed:false
2030 http fetch GET 200 https://registry.npmjs.org/lodash.flatmap 104ms (cache miss)
2031 silly packumentCache full:https://registry.npmjs.org/lodash.flatmap set size:undefined disposed:false
2032 http fetch GET 200 https://registry.npmjs.org/@apimatic%2fjson-bigint 222ms (cache miss)
2033 silly packumentCache full:https://registry.npmjs.org/@apimatic%2fjson-bigint set size:undefined disposed:false
2034 http fetch GET 200 https://registry.npmjs.org/@apimatic%2fproxy 274ms (cache miss)
2035 silly packumentCache full:https://registry.npmjs.org/@apimatic%2fproxy set size:undefined disposed:false
2036 silly placeDep ROOT @apimatic/core-interfaces@0.2.14 OK for: @apimatic/authentication-adapters@0.5.14 want: ^0.2.14
2037 silly placeDep ROOT @apimatic/http-headers@0.3.8 OK for: @apimatic/authentication-adapters@0.5.14 want: ^0.3.8
2038 silly placeDep ROOT @apimatic/http-query@0.3.9 OK for: @apimatic/authentication-adapters@0.5.14 want: ^0.3.9
2039 silly placeDep ROOT tslib@2.8.1 OK for: @apimatic/authentication-adapters@0.5.14 want: ^2.8.1
2040 silly fetch manifest tslib@2.8.1
2041 silly packumentCache full:https://registry.npmjs.org/tslib cache-hit
2042 silly placeDep ROOT @apimatic/convert-to-stream@0.1.9 OK for: @apimatic/axios-client-adapter@0.3.21 want: ^0.1.9
2043 silly placeDep ROOT @apimatic/file-wrapper@0.3.9 OK for: @apimatic/axios-client-adapter@0.3.21 want: ^0.3.9
2044 silly placeDep ROOT @apimatic/json-bigint@1.2.0 OK for: @apimatic/axios-client-adapter@0.3.21 want: ^1.2.0
2045 silly placeDep ROOT @apimatic/proxy@0.1.4 OK for: @apimatic/axios-client-adapter@0.3.21 want: ^0.1.4
2046 silly placeDep ROOT axios@1.13.5 OK for: @apimatic/axios-client-adapter@0.3.21 want: ^1.8.4
2047 silly placeDep ROOT detect-browser@5.3.0 OK for: @apimatic/axios-client-adapter@0.3.21 want: ^5.3.0
2048 silly placeDep ROOT detect-node@2.1.0 OK for: @apimatic/axios-client-adapter@0.3.21 want: ^2.1.0
2049 silly placeDep ROOT form-data@4.0.5 OK for: @apimatic/axios-client-adapter@0.3.21 want: ^4.0.1
2050 silly placeDep ROOT lodash.flatmap@4.5.0 OK for: @apimatic/axios-client-adapter@0.3.21 want: ^4.5.0
2051 silly placeDep ROOT tiny-warning@1.0.3 OK for: @apimatic/axios-client-adapter@0.3.21 want: ^1.0.3
2052 silly fetch manifest http-proxy-agent@^7.0.2
2053 silly packumentCache full:https://registry.npmjs.org/http-proxy-agent cache-miss
2054 silly fetch manifest https-proxy-agent@^7.0.6
2055 silly packumentCache full:https://registry.npmjs.org/https-proxy-agent cache-miss
2056 silly fetch manifest form-data@^4.0.5
2057 silly packumentCache full:https://registry.npmjs.org/form-data cache-miss
2058 silly fetch manifest proxy-from-env@^1.1.0
2059 silly packumentCache full:https://registry.npmjs.org/proxy-from-env cache-miss
2060 silly fetch manifest follow-redirects@^1.15.11
2061 silly packumentCache full:https://registry.npmjs.org/follow-redirects cache-miss
2062 silly fetch manifest asynckit@^0.4.0
2063 silly packumentCache full:https://registry.npmjs.org/asynckit cache-miss
2064 silly fetch manifest combined-stream@^1.0.8
2065 silly packumentCache full:https://registry.npmjs.org/combined-stream cache-miss
2066 http cache https://registry.npmjs.org/form-data 8ms (cache hit)
2067 silly packumentCache full:https://registry.npmjs.org/form-data set size:153646 disposed:false
2068 silly fetch manifest es-set-tostringtag@^2.1.0
2069 silly packumentCache full:https://registry.npmjs.org/es-set-tostringtag cache-miss
2070 http fetch GET 200 https://registry.npmjs.org/es-set-tostringtag 33ms (cache miss)
2071 silly packumentCache full:https://registry.npmjs.org/es-set-tostringtag set size:undefined disposed:false
2072 silly fetch manifest hasown@^2.0.2
2073 silly packumentCache full:https://registry.npmjs.org/hasown cache-miss
2074 http fetch GET 200 https://registry.npmjs.org/asynckit 46ms (cache miss)
2075 silly packumentCache full:https://registry.npmjs.org/asynckit set size:undefined disposed:false
2076 silly fetch manifest mime-types@^2.1.12
2077 silly packumentCache full:https://registry.npmjs.org/mime-types cache-miss
2078 http fetch GET 200 https://registry.npmjs.org/combined-stream 47ms (cache miss)
2079 silly packumentCache full:https://registry.npmjs.org/combined-stream set size:undefined disposed:false
2080 http fetch GET 200 https://registry.npmjs.org/http-proxy-agent 55ms (cache miss)
2081 silly packumentCache full:https://registry.npmjs.org/http-proxy-agent set size:undefined disposed:false
2082 http fetch GET 200 https://registry.npmjs.org/follow-redirects 56ms (cache miss)
2083 silly packumentCache full:https://registry.npmjs.org/follow-redirects set size:undefined disposed:false
2084 http fetch GET 200 https://registry.npmjs.org/https-proxy-agent 61ms (cache miss)
2085 silly packumentCache full:https://registry.npmjs.org/https-proxy-agent set size:undefined disposed:false
2086 http fetch GET 200 https://registry.npmjs.org/hasown 28ms (cache miss)
2087 silly packumentCache full:https://registry.npmjs.org/hasown set size:undefined disposed:false
2088 http fetch GET 200 https://registry.npmjs.org/mime-types 30ms (cache miss)
2089 silly packumentCache full:https://registry.npmjs.org/mime-types set size:undefined disposed:false
2090 http fetch GET 200 https://registry.npmjs.org/proxy-from-env 98ms (cache miss)
2091 silly packumentCache full:https://registry.npmjs.org/proxy-from-env set size:undefined disposed:false
2092 silly placeDep ROOT lodash.defaultsdeep@4.6.1 OK for: @apimatic/core@0.10.29 want: ^4.6.1
2093 silly placeDep ROOT http-proxy-agent@7.0.2 OK for: @apimatic/proxy@0.1.4 want: ^7.0.2
2094 silly placeDep ROOT https-proxy-agent@7.0.6 OK for: @apimatic/proxy@0.1.4 want: ^7.0.6
2095 silly fetch manifest agent-base@^7.1.0
2096 silly packumentCache full:https://registry.npmjs.org/agent-base cache-miss
2097 silly fetch manifest debug@^4.3.4
2098 silly packumentCache full:https://registry.npmjs.org/debug cache-hit
2099 silly fetch manifest debug@4
2100 silly packumentCache full:https://registry.npmjs.org/debug cache-hit
2101 silly fetch manifest agent-base@^7.1.2
2102 silly packumentCache full:https://registry.npmjs.org/agent-base cache-miss
2103 http fetch GET 200 https://registry.npmjs.org/agent-base 34ms (cache miss)
2104 silly packumentCache full:https://registry.npmjs.org/agent-base set size:undefined disposed:false
2105 http fetch GET 200 https://registry.npmjs.org/agent-base 37ms (cache miss)
2106 silly packumentCache full:https://registry.npmjs.org/agent-base set size:undefined disposed:false
2107 silly fetch manifest @types/react@*
2108 silly packumentCache full:https://registry.npmjs.org/@types%2freact cache-miss
2109 http cache https://registry.npmjs.org/@types%2freact 10ms (cache hit)
2110 silly packumentCache full:https://registry.npmjs.org/@types%2freact set size:2588986 disposed:false
2111 silly fetch manifest react@^16.8 || ^17.0 || ^18.0 || ^19.0 || ^19.0.0-rc
2112 silly packumentCache full:https://registry.npmjs.org/react cache-miss
2113 http cache https://registry.npmjs.org/react 20ms (cache hit)
2114 silly packumentCache full:https://registry.npmjs.org/react set size:6504076 disposed:false
2115 silly fetch manifest @types/react-dom@*
2116 silly packumentCache full:https://registry.npmjs.org/@types%2freact-dom cache-miss
2117 http cache https://registry.npmjs.org/@types%2freact-dom 9ms (cache hit)
2118 silly packumentCache full:https://registry.npmjs.org/@types%2freact-dom set size:429026 disposed:false
2119 silly fetch manifest react-dom@^16.8 || ^17.0 || ^18.0 || ^19.0 || ^19.0.0-rc
2120 silly packumentCache full:https://registry.npmjs.org/react-dom cache-miss
2121 http cache https://registry.npmjs.org/react-dom 27ms (cache hit)
2122 silly packumentCache full:https://registry.npmjs.org/react-dom set size:8617570 disposed:false
2123 silly placeDep ROOT @radix-ui/primitive@1.1.3 OK for: @radix-ui/react-accordion@1.2.12 want: 1.1.3
2124 silly placeDep ROOT @radix-ui/react-collection@1.1.7 OK for: @radix-ui/react-accordion@1.2.12 want: 1.1.7
2125 silly placeDep ROOT @radix-ui/react-compose-refs@1.1.2 OK for: @radix-ui/react-accordion@1.2.12 want: 1.1.2
2126 silly placeDep ROOT @radix-ui/react-context@1.1.2 OK for: @radix-ui/react-accordion@1.2.12 want: 1.1.2
2127 silly placeDep ROOT @radix-ui/react-direction@1.1.1 OK for: @radix-ui/react-accordion@1.2.12 want: 1.1.1
2128 silly placeDep ROOT @radix-ui/react-id@1.1.1 OK for: @radix-ui/react-accordion@1.2.12 want: 1.1.1
2129 silly placeDep ROOT @radix-ui/react-primitive@2.1.3 OK for: @radix-ui/react-accordion@1.2.12 want: 2.1.3
2130 silly placeDep ROOT @radix-ui/react-use-controllable-state@1.2.2 OK for: @radix-ui/react-accordion@1.2.12 want: 1.2.2
2131 silly fetch manifest @radix-ui/react-use-effect-event@0.0.2
2132 silly packumentCache full:https://registry.npmjs.org/@radix-ui%2freact-use-effect-event cache-miss
2133 http fetch GET 200 https://registry.npmjs.org/@radix-ui%2freact-use-effect-event 54ms (cache miss)
2134 silly packumentCache full:https://registry.npmjs.org/@radix-ui%2freact-use-effect-event set size:undefined disposed:false
2135 silly placeDep node_modules/@radix-ui/react-alert-dialog @radix-ui/react-slot@1.2.3 OK for: @radix-ui/react-alert-dialog@1.1.15 want: 1.2.3
2136 silly placeDep node_modules/@radix-ui/react-aspect-ratio @radix-ui/react-primitive@2.1.4 OK for: @radix-ui/react-aspect-ratio@1.1.8 want: 2.1.4
2137 silly placeDep node_modules/@radix-ui/react-avatar @radix-ui/react-context@1.1.3 OK for: @radix-ui/react-avatar@1.1.11 want: 1.1.3
2138 silly placeDep node_modules/@radix-ui/react-avatar @radix-ui/react-primitive@2.1.4 OK for: @radix-ui/react-avatar@1.1.11 want: 2.1.4
2139 silly placeDep ROOT @radix-ui/react-use-callback-ref@1.1.1 OK for: @radix-ui/react-avatar@1.1.11 want: 1.1.1
2140 silly placeDep ROOT @radix-ui/react-use-is-hydrated@0.1.0 OK for: @radix-ui/react-avatar@1.1.11 want: 0.1.0
2141 silly placeDep ROOT @radix-ui/react-use-layout-effect@1.1.1 OK for: @radix-ui/react-avatar@1.1.11 want: 1.1.1
2142 silly fetch manifest use-sync-external-store@^1.5.0
2143 silly packumentCache full:https://registry.npmjs.org/use-sync-external-store cache-miss
2144 http cache https://registry.npmjs.org/use-sync-external-store 12ms (cache hit)
2145 silly packumentCache full:https://registry.npmjs.org/use-sync-external-store set size:4522129 disposed:false
2146 silly placeDep ROOT @radix-ui/react-presence@1.1.5 OK for: @radix-ui/react-checkbox@1.3.3 want: 1.1.5
2147 silly placeDep ROOT @radix-ui/react-use-previous@1.1.1 OK for: @radix-ui/react-checkbox@1.3.3 want: 1.1.1
2148 silly placeDep ROOT @radix-ui/react-use-size@1.1.1 OK for: @radix-ui/react-checkbox@1.3.3 want: 1.1.1
2149 silly placeDep node_modules/@radix-ui/react-collection @radix-ui/react-slot@1.2.3 OK for: @radix-ui/react-collection@1.1.7 want: 1.2.3
2150 silly placeDep ROOT @radix-ui/react-menu@2.1.16 OK for: @radix-ui/react-context-menu@2.2.16 want: 2.1.16
2151 silly placeDep ROOT @radix-ui/react-dismissable-layer@1.1.11 OK for: @radix-ui/react-dialog@1.1.15 want: 1.1.11
2152 silly placeDep ROOT @radix-ui/react-focus-guards@1.1.3 OK for: @radix-ui/react-dialog@1.1.15 want: 1.1.3
2153 silly placeDep ROOT @radix-ui/react-focus-scope@1.1.7 OK for: @radix-ui/react-dialog@1.1.15 want: 1.1.7
2154 silly placeDep ROOT @radix-ui/react-portal@1.1.9 OK for: @radix-ui/react-dialog@1.1.15 want: 1.1.9
2155 silly placeDep node_modules/@radix-ui/react-dialog @radix-ui/react-slot@1.2.3 OK for: @radix-ui/react-dialog@1.1.15 want: 1.2.3
2156 silly placeDep ROOT aria-hidden@1.2.6 OK for: @radix-ui/react-dialog@1.1.15 want: ^1.2.4
2157 silly placeDep ROOT react-remove-scroll@2.7.2 OK for: @radix-ui/react-dialog@1.1.15 want: ^2.6.3
2158 silly fetch manifest @radix-ui/react-use-escape-keydown@1.1.1
2159 silly packumentCache full:https://registry.npmjs.org/@radix-ui%2freact-use-escape-keydown cache-miss
2160 silly fetch manifest react-remove-scroll-bar@^2.3.7
2161 silly packumentCache full:https://registry.npmjs.org/react-remove-scroll-bar cache-miss
2162 silly fetch manifest react-style-singleton@^2.2.3
2163 silly packumentCache full:https://registry.npmjs.org/react-style-singleton cache-miss
2164 silly fetch manifest use-callback-ref@^1.3.3
2165 silly packumentCache full:https://registry.npmjs.org/use-callback-ref cache-miss
2166 silly fetch manifest use-sidecar@^1.1.3
2167 silly packumentCache full:https://registry.npmjs.org/use-sidecar cache-miss
2168 http fetch GET 200 https://registry.npmjs.org/use-sidecar 33ms (cache miss)
2169 silly packumentCache full:https://registry.npmjs.org/use-sidecar set size:undefined disposed:false
2170 http fetch GET 200 https://registry.npmjs.org/react-style-singleton 34ms (cache miss)
2171 silly packumentCache full:https://registry.npmjs.org/react-style-singleton set size:undefined disposed:false
2172 http fetch GET 200 https://registry.npmjs.org/react-remove-scroll-bar 37ms (cache miss)
2173 silly packumentCache full:https://registry.npmjs.org/react-remove-scroll-bar set size:undefined disposed:false
2174 http fetch GET 200 https://registry.npmjs.org/use-callback-ref 39ms (cache miss)
2175 silly packumentCache full:https://registry.npmjs.org/use-callback-ref set size:undefined disposed:false
2176 http fetch GET 200 https://registry.npmjs.org/@radix-ui%2freact-use-escape-keydown 53ms (cache miss)
2177 silly packumentCache full:https://registry.npmjs.org/@radix-ui%2freact-use-escape-keydown set size:undefined disposed:false
2178 silly placeDep ROOT @radix-ui/react-use-escape-keydown@1.1.1 OK for: @radix-ui/react-dismissable-layer@1.1.11 want: 1.1.1
2179 silly placeDep ROOT @radix-ui/react-popper@1.2.8 OK for: @radix-ui/react-hover-card@1.1.15 want: 1.2.8
2180 silly fetch manifest @radix-ui/rect@1.1.1
2181 silly packumentCache full:https://registry.npmjs.org/@radix-ui%2frect cache-miss
2182 silly fetch manifest @radix-ui/react-arrow@1.1.7
2183 silly packumentCache full:https://registry.npmjs.org/@radix-ui%2freact-arrow cache-miss
2184 silly fetch manifest @floating-ui/react-dom@^2.0.0
2185 silly packumentCache full:https://registry.npmjs.org/@floating-ui%2freact-dom cache-miss
2186 silly fetch manifest @radix-ui/react-use-rect@1.1.1
2187 silly packumentCache full:https://registry.npmjs.org/@radix-ui%2freact-use-rect cache-miss
2188 http fetch GET 200 https://registry.npmjs.org/@radix-ui%2frect 39ms (cache miss)
2189 silly packumentCache full:https://registry.npmjs.org/@radix-ui%2frect set size:undefined disposed:false
2190 http fetch GET 200 https://registry.npmjs.org/@floating-ui%2freact-dom 43ms (cache miss)
2191 silly packumentCache full:https://registry.npmjs.org/@floating-ui%2freact-dom set size:undefined disposed:false
2192 http fetch GET 200 https://registry.npmjs.org/@radix-ui%2freact-use-rect 50ms (cache miss)
2193 silly packumentCache full:https://registry.npmjs.org/@radix-ui%2freact-use-rect set size:undefined disposed:false
2194 http fetch GET 200 https://registry.npmjs.org/@radix-ui%2freact-arrow 89ms (cache miss)
2195 silly packumentCache full:https://registry.npmjs.org/@radix-ui%2freact-arrow set size:undefined disposed:false
2196 silly placeDep node_modules/@radix-ui/react-label @radix-ui/react-primitive@2.1.4 OK for: @radix-ui/react-label@2.1.8 want: 2.1.4
2197 silly placeDep ROOT @radix-ui/react-roving-focus@1.1.11 OK for: @radix-ui/react-menu@2.1.16 want: 1.1.11
2198 silly placeDep node_modules/@radix-ui/react-menu @radix-ui/react-slot@1.2.3 OK for: @radix-ui/react-menu@2.1.16 want: 1.2.3
2199 silly placeDep ROOT @radix-ui/react-visually-hidden@1.2.3 OK for: @radix-ui/react-navigation-menu@1.2.14 want: 1.2.3
2200 silly placeDep node_modules/@radix-ui/react-popover @radix-ui/react-slot@1.2.3 OK for: @radix-ui/react-popover@1.1.15 want: 1.2.3
2201 silly placeDep ROOT @floating-ui/react-dom@2.1.7 OK for: @radix-ui/react-popper@1.2.8 want: ^2.0.0
2202 silly placeDep ROOT @radix-ui/react-arrow@1.1.7 OK for: @radix-ui/react-popper@1.2.8 want: 1.1.7
2203 silly placeDep ROOT @radix-ui/react-use-rect@1.1.1 OK for: @radix-ui/react-popper@1.2.8 want: 1.1.1
2204 silly placeDep ROOT @radix-ui/rect@1.1.1 OK for: @radix-ui/react-popper@1.2.8 want: 1.1.1
2205 silly fetch manifest @floating-ui/dom@^1.7.5
2206 silly packumentCache full:https://registry.npmjs.org/@floating-ui%2fdom cache-miss
2207 http fetch GET 200 https://registry.npmjs.org/@floating-ui%2fdom 56ms (cache miss)
2208 silly packumentCache full:https://registry.npmjs.org/@floating-ui%2fdom set size:undefined disposed:false
2209 silly placeDep ROOT @floating-ui/dom@1.7.5 OK for: @floating-ui/react-dom@2.1.7 want: ^1.7.5
2210 silly fetch manifest @floating-ui/core@^1.7.4
2211 silly packumentCache full:https://registry.npmjs.org/@floating-ui%2fcore cache-miss
2212 silly fetch manifest @floating-ui/utils@^0.2.10
2213 silly packumentCache full:https://registry.npmjs.org/@floating-ui%2futils cache-miss
2214 http fetch GET 200 https://registry.npmjs.org/@floating-ui%2fcore 48ms (cache miss)
2215 silly packumentCache full:https://registry.npmjs.org/@floating-ui%2fcore set size:undefined disposed:false
2216 http fetch GET 200 https://registry.npmjs.org/@floating-ui%2futils 51ms (cache miss)
2217 silly packumentCache full:https://registry.npmjs.org/@floating-ui%2futils set size:undefined disposed:false
2218 silly placeDep ROOT @floating-ui/core@1.7.4 OK for: @floating-ui/dom@1.7.5 want: ^1.7.4
2219 silly placeDep ROOT @floating-ui/utils@0.2.10 OK for: @floating-ui/dom@1.7.5 want: ^0.2.10
2220 silly placeDep node_modules/@radix-ui/react-primitive @radix-ui/react-slot@1.2.3 OK for: @radix-ui/react-primitive@2.1.3 want: 1.2.3
2221 silly placeDep node_modules/@radix-ui/react-progress @radix-ui/react-context@1.1.3 OK for: @radix-ui/react-progress@1.1.8 want: 1.1.3
2222 silly placeDep node_modules/@radix-ui/react-progress @radix-ui/react-primitive@2.1.4 OK for: @radix-ui/react-progress@1.1.8 want: 2.1.4
2223 silly placeDep ROOT @radix-ui/number@1.1.1 OK for: @radix-ui/react-scroll-area@1.2.10 want: 1.1.1
2224 silly placeDep node_modules/@radix-ui/react-select @radix-ui/react-slot@1.2.3 OK for: @radix-ui/react-select@2.2.6 want: 1.2.3
2225 silly placeDep node_modules/@radix-ui/react-separator @radix-ui/react-primitive@2.1.4 OK for: @radix-ui/react-separator@1.1.8 want: 2.1.4
2226 silly placeDep node_modules/@radix-ui/react-tooltip @radix-ui/react-slot@1.2.3 OK for: @radix-ui/react-tooltip@1.2.8 want: 1.2.3
2227 silly placeDep ROOT @radix-ui/react-use-effect-event@0.0.2 OK for: @radix-ui/react-use-controllable-state@1.2.2 want: 0.0.2
2228 silly placeDep ROOT use-sync-external-store@1.6.0 OK for: @radix-ui/react-use-is-hydrated@0.1.0 want: ^1.5.0
2229 silly placeDep ROOT @sendgrid/client@8.1.6 OK for: @sendgrid/mail@8.1.6 want: ^8.1.5
2230 silly placeDep ROOT @sendgrid/helpers@8.0.0 OK for: @sendgrid/mail@8.1.6 want: ^8.0.0
2231 silly fetch manifest deepmerge@^4.2.2
2232 silly packumentCache full:https://registry.npmjs.org/deepmerge cache-miss
2233 http fetch GET 200 https://registry.npmjs.org/deepmerge 34ms (cache miss)
2234 silly packumentCache full:https://registry.npmjs.org/deepmerge set size:undefined disposed:false
2235 silly placeDep ROOT deepmerge@4.3.1 OK for: @sendgrid/helpers@8.0.0 want: ^4.2.2
2236 silly placeDep ROOT prop-types@15.8.1 OK for: @stripe/react-stripe-js@3.10.0 want: ^15.7.2
2237 silly fetch manifest loose-envify@^1.4.0
2238 silly packumentCache full:https://registry.npmjs.org/loose-envify cache-miss
2239 silly fetch manifest react-is@^16.13.1
2240 silly packumentCache full:https://registry.npmjs.org/react-is cache-miss
2241 http cache https://registry.npmjs.org/loose-envify 5ms (cache hit)
2242 silly packumentCache full:https://registry.npmjs.org/loose-envify set size:12559 disposed:false
2243 http cache https://registry.npmjs.org/react-is 16ms (cache hit)
2244 silly packumentCache full:https://registry.npmjs.org/react-is set size:5266703 disposed:false
2245 silly placeDep ROOT postcss-selector-parser@6.0.10 OK for: @tailwindcss/typography@0.5.19 want: 6.0.10
2246 silly fetch manifest cssesc@^3.0.0
2247 silly packumentCache full:https://registry.npmjs.org/cssesc cache-miss
2248 silly fetch manifest util-deprecate@^1.0.2
2249 silly packumentCache full:https://registry.npmjs.org/util-deprecate cache-miss
2250 http fetch GET 200 https://registry.npmjs.org/util-deprecate 31ms (cache miss)
2251 silly packumentCache full:https://registry.npmjs.org/util-deprecate set size:undefined disposed:false
2252 http fetch GET 200 https://registry.npmjs.org/cssesc 40ms (cache miss)
2253 silly packumentCache full:https://registry.npmjs.org/cssesc set size:undefined disposed:false
2254 silly placeDep ROOT @tailwindcss/node@4.2.0 OK for: @tailwindcss/vite@4.2.0 want: 4.2.0
2255 silly placeDep ROOT @tailwindcss/oxide@4.2.0 OK for: @tailwindcss/vite@4.2.0 want: 4.2.0
2256 silly placeDep node_modules/@tailwindcss/vite tailwindcss@4.2.0 OK for: @tailwindcss/vite@4.2.0 want: 4.2.0
2257 silly fetch manifest jiti@^2.6.1
2258 silly packumentCache full:https://registry.npmjs.org/jiti cache-miss
2259 silly fetch manifest lightningcss@1.31.1
2260 silly packumentCache full:https://registry.npmjs.org/lightningcss cache-miss
2261 silly fetch manifest magic-string@^0.30.21
2262 silly packumentCache full:https://registry.npmjs.org/magic-string cache-miss
2263 silly fetch manifest enhanced-resolve@^5.19.0
2264 silly packumentCache full:https://registry.npmjs.org/enhanced-resolve cache-miss
2265 silly fetch manifest @jridgewell/remapping@^2.3.5
2266 silly packumentCache full:https://registry.npmjs.org/@jridgewell%2fremapping cache-miss
2267 silly fetch manifest @tailwindcss/oxide-darwin-x64@4.2.0
2268 silly packumentCache full:https://registry.npmjs.org/@tailwindcss%2foxide-darwin-x64 cache-miss
2269 silly fetch manifest @tailwindcss/oxide-freebsd-x64@4.2.0
2270 silly packumentCache full:https://registry.npmjs.org/@tailwindcss%2foxide-freebsd-x64 cache-miss
2271 http cache https://registry.npmjs.org/lightningcss 11ms (cache hit)
2272 silly packumentCache full:https://registry.npmjs.org/lightningcss set size:182441 disposed:false
2273 silly fetch manifest @tailwindcss/oxide-wasm32-wasi@4.2.0
2274 silly packumentCache full:https://registry.npmjs.org/@tailwindcss%2foxide-wasm32-wasi cache-miss
2275 http cache https://registry.npmjs.org/jiti 15ms (cache hit)
2276 silly packumentCache full:https://registry.npmjs.org/jiti set size:382310 disposed:false
2277 silly fetch manifest @tailwindcss/oxide-darwin-arm64@4.2.0
2278 silly packumentCache full:https://registry.npmjs.org/@tailwindcss%2foxide-darwin-arm64 cache-miss
2279 http fetch GET 200 https://registry.npmjs.org/magic-string 36ms (cache miss)
2280 silly packumentCache full:https://registry.npmjs.org/magic-string set size:undefined disposed:false
2281 silly fetch manifest @tailwindcss/oxide-android-arm64@4.2.0
2282 silly packumentCache full:https://registry.npmjs.org/@tailwindcss%2foxide-android-arm64 cache-miss
2283 http fetch GET 200 https://registry.npmjs.org/@jridgewell%2fremapping 53ms (cache miss)
2284 silly packumentCache full:https://registry.npmjs.org/@jridgewell%2fremapping set size:undefined disposed:false
2285 silly fetch manifest @tailwindcss/oxide-linux-x64-gnu@4.2.0
2286 silly packumentCache full:https://registry.npmjs.org/@tailwindcss%2foxide-linux-x64-gnu cache-miss
2287 http fetch GET 200 https://registry.npmjs.org/enhanced-resolve 70ms (cache miss)
2288 silly packumentCache full:https://registry.npmjs.org/enhanced-resolve set size:undefined disposed:false
2289 silly fetch manifest @tailwindcss/oxide-linux-x64-musl@4.2.0
2290 silly packumentCache full:https://registry.npmjs.org/@tailwindcss%2foxide-linux-x64-musl cache-miss
2291 http fetch GET 200 https://registry.npmjs.org/@tailwindcss%2foxide-wasm32-wasi 102ms (cache miss)
2292 silly packumentCache full:https://registry.npmjs.org/@tailwindcss%2foxide-wasm32-wasi set size:undefined disposed:false
2293 silly fetch manifest @tailwindcss/oxide-win32-x64-msvc@4.2.0
2294 silly packumentCache full:https://registry.npmjs.org/@tailwindcss%2foxide-win32-x64-msvc cache-miss
2295 http fetch GET 200 https://registry.npmjs.org/@tailwindcss%2foxide-android-arm64 115ms (cache miss)
2296 silly packumentCache full:https://registry.npmjs.org/@tailwindcss%2foxide-android-arm64 set size:undefined disposed:false
2297 silly fetch manifest @tailwindcss/oxide-linux-arm64-gnu@4.2.0
2298 silly packumentCache full:https://registry.npmjs.org/@tailwindcss%2foxide-linux-arm64-gnu cache-miss
2299 http fetch GET 200 https://registry.npmjs.org/@tailwindcss%2foxide-freebsd-x64 181ms (cache miss)
2300 silly packumentCache full:https://registry.npmjs.org/@tailwindcss%2foxide-freebsd-x64 set size:undefined disposed:false
2301 silly fetch manifest @tailwindcss/oxide-linux-arm64-musl@4.2.0
2302 silly packumentCache full:https://registry.npmjs.org/@tailwindcss%2foxide-linux-arm64-musl cache-miss
2303 http fetch GET 200 https://registry.npmjs.org/@tailwindcss%2foxide-darwin-x64 221ms (cache miss)
2304 silly packumentCache full:https://registry.npmjs.org/@tailwindcss%2foxide-darwin-x64 set size:undefined disposed:false
2305 silly fetch manifest @tailwindcss/oxide-win32-arm64-msvc@4.2.0
2306 silly packumentCache full:https://registry.npmjs.org/@tailwindcss%2foxide-win32-arm64-msvc cache-miss
2307 http fetch GET 200 https://registry.npmjs.org/@tailwindcss%2foxide-darwin-arm64 237ms (cache miss)
2308 silly packumentCache full:https://registry.npmjs.org/@tailwindcss%2foxide-darwin-arm64 set size:undefined disposed:false
2309 silly fetch manifest @tailwindcss/oxide-linux-arm-gnueabihf@4.2.0
2310 silly packumentCache full:https://registry.npmjs.org/@tailwindcss%2foxide-linux-arm-gnueabihf cache-miss
2311 http fetch GET 200 https://registry.npmjs.org/@tailwindcss%2foxide-linux-x64-gnu 250ms (cache miss)
2312 silly packumentCache full:https://registry.npmjs.org/@tailwindcss%2foxide-linux-x64-gnu set size:undefined disposed:false
2313 http fetch GET 200 https://registry.npmjs.org/@tailwindcss%2foxide-linux-x64-musl 310ms (cache miss)
2314 silly packumentCache full:https://registry.npmjs.org/@tailwindcss%2foxide-linux-x64-musl set size:undefined disposed:false
2315 http fetch GET 200 https://registry.npmjs.org/@tailwindcss%2foxide-win32-arm64-msvc 164ms (cache miss)
2316 silly packumentCache full:https://registry.npmjs.org/@tailwindcss%2foxide-win32-arm64-msvc set size:undefined disposed:false
2317 http fetch GET 200 https://registry.npmjs.org/@tailwindcss%2foxide-win32-x64-msvc 352ms (cache miss)
2318 silly packumentCache full:https://registry.npmjs.org/@tailwindcss%2foxide-win32-x64-msvc set size:undefined disposed:false
2319 http fetch GET 200 https://registry.npmjs.org/@tailwindcss%2foxide-linux-arm64-gnu 317ms (cache miss)
2320 silly packumentCache full:https://registry.npmjs.org/@tailwindcss%2foxide-linux-arm64-gnu set size:undefined disposed:false
2321 http fetch GET 200 https://registry.npmjs.org/@tailwindcss%2foxide-linux-arm64-musl 310ms (cache miss)
2322 silly packumentCache full:https://registry.npmjs.org/@tailwindcss%2foxide-linux-arm64-musl set size:undefined disposed:false
2323 http fetch GET 200 https://registry.npmjs.org/@tailwindcss%2foxide-linux-arm-gnueabihf 267ms (cache miss)
2324 silly packumentCache full:https://registry.npmjs.org/@tailwindcss%2foxide-linux-arm-gnueabihf set size:undefined disposed:false
2325 silly placeDep ROOT @jridgewell/remapping@2.3.5 OK for: @tailwindcss/node@4.2.0 want: ^2.3.5
2326 silly placeDep ROOT enhanced-resolve@5.19.0 OK for: @tailwindcss/node@4.2.0 want: ^5.19.0
2327 silly placeDep ROOT jiti@2.6.1 OK for: @tailwindcss/node@4.2.0 want: ^2.6.1
2328 silly placeDep ROOT lightningcss@1.31.1 OK for: @tailwindcss/node@4.2.0 want: 1.31.1
2329 silly placeDep ROOT magic-string@0.30.21 OK for: @tailwindcss/node@4.2.0 want: ^0.30.21
2330 silly placeDep ROOT source-map-js@1.2.1 OK for: @tailwindcss/node@4.2.0 want: ^1.2.1
2331 silly placeDep node_modules/@tailwindcss/node tailwindcss@4.2.0 OK for: @tailwindcss/node@4.2.0 want: 4.2.0
2332 silly fetch manifest @jridgewell/gen-mapping@^0.3.5
2333 silly packumentCache full:https://registry.npmjs.org/@jridgewell%2fgen-mapping cache-miss
2334 silly fetch manifest graceful-fs@^4.2.4
2335 silly packumentCache full:https://registry.npmjs.org/graceful-fs cache-miss
2336 silly fetch manifest tapable@^2.3.0
2337 silly packumentCache full:https://registry.npmjs.org/tapable cache-miss
2338 silly fetch manifest detect-libc@^2.0.3
2339 silly packumentCache full:https://registry.npmjs.org/detect-libc cache-miss
2340 silly fetch manifest lightningcss-darwin-x64@1.31.1
2341 silly packumentCache full:https://registry.npmjs.org/lightningcss-darwin-x64 cache-miss
2342 silly fetch manifest lightningcss-linux-x64-gnu@1.31.1
2343 silly packumentCache full:https://registry.npmjs.org/lightningcss-linux-x64-gnu cache-miss
2344 silly fetch manifest lightningcss-win32-x64-msvc@1.31.1
2345 silly packumentCache full:https://registry.npmjs.org/lightningcss-win32-x64-msvc cache-miss
2346 http fetch GET 200 https://registry.npmjs.org/detect-libc 59ms (cache miss)
2347 silly packumentCache full:https://registry.npmjs.org/detect-libc set size:undefined disposed:false
2348 silly fetch manifest lightningcss-win32-arm64-msvc@1.31.1
2349 silly packumentCache full:https://registry.npmjs.org/lightningcss-win32-arm64-msvc cache-miss
2350 http fetch GET 200 https://registry.npmjs.org/lightningcss-darwin-x64 52ms (cache miss)
2351 silly packumentCache full:https://registry.npmjs.org/lightningcss-darwin-x64 set size:undefined disposed:false
2352 silly fetch manifest lightningcss-darwin-arm64@1.31.1
2353 silly packumentCache full:https://registry.npmjs.org/lightningcss-darwin-arm64 cache-miss
2354 http fetch GET 200 https://registry.npmjs.org/tapable 66ms (cache miss)
2355 silly packumentCache full:https://registry.npmjs.org/tapable set size:undefined disposed:false
2356 silly fetch manifest lightningcss-linux-arm64-gnu@1.31.1
2357 silly packumentCache full:https://registry.npmjs.org/lightningcss-linux-arm64-gnu cache-miss
2358 http fetch GET 200 https://registry.npmjs.org/lightningcss-win32-x64-msvc 58ms (cache miss)
2359 silly packumentCache full:https://registry.npmjs.org/lightningcss-win32-x64-msvc set size:undefined disposed:false
2360 silly fetch manifest lightningcss-linux-arm-gnueabihf@1.31.1
2361 silly packumentCache full:https://registry.npmjs.org/lightningcss-linux-arm-gnueabihf cache-miss
2362 http fetch GET 200 https://registry.npmjs.org/graceful-fs 72ms (cache miss)
2363 silly packumentCache full:https://registry.npmjs.org/graceful-fs set size:undefined disposed:false
2364 silly fetch manifest lightningcss-linux-arm64-musl@1.31.1
2365 silly packumentCache full:https://registry.npmjs.org/lightningcss-linux-arm64-musl cache-miss
2366 http fetch GET 200 https://registry.npmjs.org/lightningcss-linux-x64-gnu 65ms (cache miss)
2367 silly packumentCache full:https://registry.npmjs.org/lightningcss-linux-x64-gnu set size:undefined disposed:false
2368 silly fetch manifest lightningcss-linux-x64-musl@1.31.1
2369 silly packumentCache full:https://registry.npmjs.org/lightningcss-linux-x64-musl cache-miss
2370 http fetch GET 200 https://registry.npmjs.org/@jridgewell%2fgen-mapping 78ms (cache miss)
2371 silly packumentCache full:https://registry.npmjs.org/@jridgewell%2fgen-mapping set size:undefined disposed:false
2372 silly fetch manifest lightningcss-freebsd-x64@1.31.1
2373 silly packumentCache full:https://registry.npmjs.org/lightningcss-freebsd-x64 cache-miss
2374 http fetch GET 200 https://registry.npmjs.org/lightningcss-win32-arm64-msvc 30ms (cache miss)
2375 silly packumentCache full:https://registry.npmjs.org/lightningcss-win32-arm64-msvc set size:undefined disposed:false
2376 silly fetch manifest lightningcss-android-arm64@1.31.1
2377 silly packumentCache full:https://registry.npmjs.org/lightningcss-android-arm64 cache-miss
2378 http fetch GET 200 https://registry.npmjs.org/lightningcss-darwin-arm64 33ms (cache miss)
2379 silly packumentCache full:https://registry.npmjs.org/lightningcss-darwin-arm64 set size:undefined disposed:false
2380 http fetch GET 200 https://registry.npmjs.org/lightningcss-linux-arm64-gnu 29ms (cache miss)
2381 silly packumentCache full:https://registry.npmjs.org/lightningcss-linux-arm64-gnu set size:undefined disposed:false
2382 http fetch GET 200 https://registry.npmjs.org/lightningcss-linux-arm64-musl 30ms (cache miss)
2383 silly packumentCache full:https://registry.npmjs.org/lightningcss-linux-arm64-musl set size:undefined disposed:false
2384 http fetch GET 200 https://registry.npmjs.org/lightningcss-linux-x64-musl 28ms (cache miss)
2385 silly packumentCache full:https://registry.npmjs.org/lightningcss-linux-x64-musl set size:undefined disposed:false
2386 http fetch GET 200 https://registry.npmjs.org/lightningcss-freebsd-x64 36ms (cache miss)
2387 silly packumentCache full:https://registry.npmjs.org/lightningcss-freebsd-x64 set size:undefined disposed:false
2388 http fetch GET 200 https://registry.npmjs.org/lightningcss-linux-arm-gnueabihf 47ms (cache miss)
2389 silly packumentCache full:https://registry.npmjs.org/lightningcss-linux-arm-gnueabihf set size:undefined disposed:false
2390 http fetch GET 200 https://registry.npmjs.org/lightningcss-android-arm64 28ms (cache miss)
2391 silly packumentCache full:https://registry.npmjs.org/lightningcss-android-arm64 set size:undefined disposed:false
2392 silly placeDep ROOT @jridgewell/gen-mapping@0.3.13 OK for: @jridgewell/remapping@2.3.5 want: ^0.3.5
2393 silly placeDep ROOT @tailwindcss/oxide-android-arm64@4.2.0 OK for: @tailwindcss/oxide@4.2.0 want: 4.2.0
2394 silly placeDep ROOT @tailwindcss/oxide-darwin-arm64@4.2.0 OK for: @tailwindcss/oxide@4.2.0 want: 4.2.0
2395 silly placeDep ROOT @tailwindcss/oxide-darwin-x64@4.2.0 OK for: @tailwindcss/oxide@4.2.0 want: 4.2.0
2396 silly placeDep ROOT @tailwindcss/oxide-freebsd-x64@4.2.0 OK for: @tailwindcss/oxide@4.2.0 want: 4.2.0
2397 silly placeDep ROOT @tailwindcss/oxide-linux-arm-gnueabihf@4.2.0 OK for: @tailwindcss/oxide@4.2.0 want: 4.2.0
2398 silly placeDep ROOT @tailwindcss/oxide-linux-arm64-gnu@4.2.0 OK for: @tailwindcss/oxide@4.2.0 want: 4.2.0
2399 silly placeDep ROOT @tailwindcss/oxide-linux-arm64-musl@4.2.0 OK for: @tailwindcss/oxide@4.2.0 want: 4.2.0
2400 silly placeDep ROOT @tailwindcss/oxide-linux-x64-gnu@4.2.0 OK for: @tailwindcss/oxide@4.2.0 want: 4.2.0
2401 silly placeDep ROOT @tailwindcss/oxide-linux-x64-musl@4.2.0 OK for: @tailwindcss/oxide@4.2.0 want: 4.2.0
2402 silly placeDep ROOT @tailwindcss/oxide-wasm32-wasi@4.2.0 OK for: @tailwindcss/oxide@4.2.0 want: 4.2.0
2403 silly placeDep ROOT @tailwindcss/oxide-win32-arm64-msvc@4.2.0 OK for: @tailwindcss/oxide@4.2.0 want: 4.2.0
2404 silly placeDep ROOT @tailwindcss/oxide-win32-x64-msvc@4.2.0 OK for: @tailwindcss/oxide@4.2.0 want: 4.2.0
2405 silly placeDep ROOT @tanstack/query-core@5.90.20 OK for: @tanstack/react-query@5.90.21 want: 5.90.20
2406 silly placeDep ROOT @types/body-parser@1.19.6 OK for: @types/express@4.17.21 want: *
2407 silly placeDep ROOT @types/express-serve-static-core@4.19.8 OK for: @types/express@4.17.21 want: ^4.17.33
2408 silly placeDep ROOT @types/qs@6.14.0 OK for: @types/express@4.17.21 want: *
2409 silly placeDep ROOT @types/serve-static@2.2.0 OK for: @types/express@4.17.21 want: *
2410 silly fetch manifest @types/connect@*
2411 silly packumentCache full:https://registry.npmjs.org/@types%2fconnect cache-miss
2412 silly fetch manifest @types/send@*
2413 silly packumentCache full:https://registry.npmjs.org/@types%2fsend cache-miss
2414 silly fetch manifest @types/range-parser@*
2415 silly packumentCache full:https://registry.npmjs.org/@types%2frange-parser cache-miss
2416 silly fetch manifest @types/http-errors@*
2417 silly packumentCache full:https://registry.npmjs.org/@types%2fhttp-errors cache-miss
2418 http fetch GET 200 https://registry.npmjs.org/@types%2fsend 45ms (cache miss)
2419 silly packumentCache full:https://registry.npmjs.org/@types%2fsend set size:undefined disposed:false
2420 http fetch GET 200 https://registry.npmjs.org/@types%2fconnect 46ms (cache miss)
2421 silly packumentCache full:https://registry.npmjs.org/@types%2fconnect set size:undefined disposed:false
2422 http fetch GET 200 https://registry.npmjs.org/@types%2fhttp-errors 45ms (cache miss)
2423 silly packumentCache full:https://registry.npmjs.org/@types%2fhttp-errors set size:undefined disposed:false
2424 http fetch GET 200 https://registry.npmjs.org/@types%2frange-parser 46ms (cache miss)
2425 silly packumentCache full:https://registry.npmjs.org/@types%2frange-parser set size:undefined disposed:false
2426 silly placeDep ROOT @types/connect@3.4.38 OK for: @types/body-parser@1.19.6 want: *
2427 silly placeDep ROOT @types/range-parser@1.2.7 OK for: @types/express-serve-static-core@4.19.8 want: *
2428 silly placeDep ROOT @types/send@1.2.1 OK for: @types/express-serve-static-core@4.19.8 want: *
2429 silly placeDep ROOT undici-types@6.19.8 OK for: @types/node@20.16.11 want: ~6.19.2
2430 silly placeDep ROOT @types/passport-strategy@0.2.38 OK for: @types/passport-local@1.0.38 want: *
2431 silly placeDep ROOT pg-protocol@1.11.0 OK for: @types/pg@8.11.6 want: *
2432 silly placeDep ROOT pg-types@4.1.0 OK for: @types/pg@8.11.6 want: ^4.0.1
2433 silly fetch manifest pg-int8@1.0.1
2434 silly packumentCache full:https://registry.npmjs.org/pg-int8 cache-miss
2435 silly fetch manifest pg-numeric@1.0.2
2436 silly packumentCache full:https://registry.npmjs.org/pg-numeric cache-miss
2437 silly fetch manifest postgres-array@~3.0.1
2438 silly packumentCache full:https://registry.npmjs.org/postgres-array cache-miss
2439 silly fetch manifest postgres-bytea@~3.0.0
2440 silly packumentCache full:https://registry.npmjs.org/postgres-bytea cache-miss
2441 silly fetch manifest postgres-date@~2.1.0
2442 silly packumentCache full:https://registry.npmjs.org/postgres-date cache-miss
2443 silly fetch manifest postgres-interval@^3.0.0
2444 silly packumentCache full:https://registry.npmjs.org/postgres-interval cache-miss
2445 silly fetch manifest postgres-range@^1.1.1
2446 silly packumentCache full:https://registry.npmjs.org/postgres-range cache-miss
2447 http fetch GET 200 https://registry.npmjs.org/postgres-interval 34ms (cache miss)
2448 silly packumentCache full:https://registry.npmjs.org/postgres-interval set size:undefined disposed:false
2449 http fetch GET 200 https://registry.npmjs.org/pg-int8 36ms (cache miss)
2450 silly packumentCache full:https://registry.npmjs.org/pg-int8 set size:undefined disposed:false
2451 http fetch GET 200 https://registry.npmjs.org/postgres-date 37ms (cache miss)
2452 silly packumentCache full:https://registry.npmjs.org/postgres-date set size:undefined disposed:false
2453 http fetch GET 200 https://registry.npmjs.org/postgres-array 41ms (cache miss)
2454 silly packumentCache full:https://registry.npmjs.org/postgres-array set size:undefined disposed:false
2455 http fetch GET 200 https://registry.npmjs.org/postgres-bytea 47ms (cache miss)
2456 silly packumentCache full:https://registry.npmjs.org/postgres-bytea set size:undefined disposed:false
2457 http fetch GET 200 https://registry.npmjs.org/postgres-range 104ms (cache miss)
2458 silly packumentCache full:https://registry.npmjs.org/postgres-range set size:undefined disposed:false
2459 http fetch GET 200 https://registry.npmjs.org/pg-numeric 106ms (cache miss)
2460 silly packumentCache full:https://registry.npmjs.org/pg-numeric set size:undefined disposed:false
2461 silly placeDep ROOT @types/prop-types@15.7.15 OK for: @types/react@18.3.28 want: *
2462 silly placeDep ROOT csstype@3.2.3 OK for: @types/react@18.3.28 want: ^3.2.2
2463 silly placeDep ROOT @types/http-errors@2.0.5 OK for: @types/serve-static@2.2.0 want: *
2464 silly placeDep ROOT @babel/core@7.29.0 OK for: @vitejs/plugin-react@4.7.0 want: ^7.28.0
2465 silly placeDep ROOT @babel/plugin-transform-react-jsx-self@7.27.1 OK for: @vitejs/plugin-react@4.7.0 want: ^7.27.1
2466 silly placeDep ROOT @babel/plugin-transform-react-jsx-source@7.27.1 OK for: @vitejs/plugin-react@4.7.0 want: ^7.27.1
2467 silly placeDep ROOT @rolldown/pluginutils@1.0.0-beta.27 OK for: @vitejs/plugin-react@4.7.0 want: 1.0.0-beta.27
2468 silly placeDep ROOT @types/babel__core@7.20.5 OK for: @vitejs/plugin-react@4.7.0 want: ^7.20.5
2469 silly placeDep ROOT react-refresh@0.17.0 OK for: @vitejs/plugin-react@4.7.0 want: ^0.17.0
2470 silly fetch manifest debug@^4.1.0
2471 silly packumentCache full:https://registry.npmjs.org/debug cache-hit
2472 silly fetch manifest json5@^2.2.3
2473 silly packumentCache full:https://registry.npmjs.org/json5 cache-miss
2474 silly fetch manifest semver@^6.3.1
2475 silly packumentCache full:https://registry.npmjs.org/semver cache-miss
2476 silly fetch manifest gensync@^1.0.0-beta.2
2477 silly packumentCache full:https://registry.npmjs.org/gensync cache-miss
2478 silly fetch manifest @babel/types@^7.29.0
2479 silly packumentCache full:https://registry.npmjs.org/@babel%2ftypes cache-miss
2480 silly fetch manifest @babel/parser@^7.29.0
2481 silly packumentCache full:https://registry.npmjs.org/@babel%2fparser cache-miss
2482 silly fetch manifest @babel/helpers@^7.28.6
2483 silly packumentCache full:https://registry.npmjs.org/@babel%2fhelpers cache-miss
2484 silly fetch manifest @babel/template@^7.28.6
2485 silly packumentCache full:https://registry.npmjs.org/@babel%2ftemplate cache-miss
2486 http fetch GET 200 https://registry.npmjs.org/json5 29ms (cache miss)
2487 silly packumentCache full:https://registry.npmjs.org/json5 set size:undefined disposed:false
2488 silly fetch manifest @babel/traverse@^7.29.0
2489 silly packumentCache full:https://registry.npmjs.org/@babel%2ftraverse cache-miss
2490 http fetch GET 200 https://registry.npmjs.org/gensync 35ms (cache miss)
2491 silly packumentCache full:https://registry.npmjs.org/gensync set size:undefined disposed:false
2492 silly fetch manifest @babel/generator@^7.29.0
2493 silly packumentCache full:https://registry.npmjs.org/@babel%2fgenerator cache-miss
2494 http fetch GET 200 https://registry.npmjs.org/@babel%2ftemplate 54ms (cache miss)
2495 silly packumentCache full:https://registry.npmjs.org/@babel%2ftemplate set size:undefined disposed:false
2496 silly fetch manifest @babel/code-frame@^7.29.0
2497 silly packumentCache full:https://registry.npmjs.org/@babel%2fcode-frame cache-miss
2498 http fetch GET 200 https://registry.npmjs.org/semver 60ms (cache miss)
2499 silly packumentCache full:https://registry.npmjs.org/semver set size:undefined disposed:false
2500 silly fetch manifest convert-source-map@^2.0.0
2501 silly packumentCache full:https://registry.npmjs.org/convert-source-map cache-miss
2502 http fetch GET 200 https://registry.npmjs.org/@babel%2ftypes 78ms (cache miss)
2503 silly packumentCache full:https://registry.npmjs.org/@babel%2ftypes set size:undefined disposed:false
2504 silly fetch manifest @babel/helper-module-transforms@^7.28.6
2505 silly packumentCache full:https://registry.npmjs.org/@babel%2fhelper-module-transforms cache-miss
2506 http fetch GET 200 https://registry.npmjs.org/@babel%2fparser 88ms (cache miss)
2507 silly packumentCache full:https://registry.npmjs.org/@babel%2fparser set size:undefined disposed:false
2508 silly fetch manifest @babel/helper-compilation-targets@^7.28.6
2509 silly packumentCache full:https://registry.npmjs.org/@babel%2fhelper-compilation-targets cache-miss
2510 http fetch GET 200 https://registry.npmjs.org/@babel%2fhelpers 117ms (cache miss)
2511 silly packumentCache full:https://registry.npmjs.org/@babel%2fhelpers set size:undefined disposed:false
2512 silly fetch manifest @babel/helper-plugin-utils@^7.27.1
2513 silly packumentCache full:https://registry.npmjs.org/@babel%2fhelper-plugin-utils cache-miss
2514 http fetch GET 200 https://registry.npmjs.org/convert-source-map 62ms (cache miss)
2515 silly packumentCache full:https://registry.npmjs.org/convert-source-map set size:undefined disposed:false
2516 silly fetch manifest @babel/helper-plugin-utils@^7.27.1
2517 silly packumentCache full:https://registry.npmjs.org/@babel%2fhelper-plugin-utils cache-miss
2518 http fetch GET 200 https://registry.npmjs.org/@babel%2fgenerator 92ms (cache miss)
2519 silly packumentCache full:https://registry.npmjs.org/@babel%2fgenerator set size:undefined disposed:false
2520 silly fetch manifest @babel/types@^7.20.7
2521 silly packumentCache full:https://registry.npmjs.org/@babel%2ftypes cache-miss
2522 http fetch GET 200 https://registry.npmjs.org/@babel%2ftraverse 104ms (cache miss)
2523 silly packumentCache full:https://registry.npmjs.org/@babel%2ftraverse set size:undefined disposed:false
2524 silly fetch manifest @babel/parser@^7.20.7
2525 silly packumentCache full:https://registry.npmjs.org/@babel%2fparser cache-miss
2526 http fetch GET 200 https://registry.npmjs.org/@babel%2fcode-frame 80ms (cache miss)
2527 silly packumentCache full:https://registry.npmjs.org/@babel%2fcode-frame set size:undefined disposed:false
2528 silly fetch manifest @types/babel__template@*
2529 silly packumentCache full:https://registry.npmjs.org/@types%2fbabel__template cache-miss
2530 http cache https://registry.npmjs.org/@babel%2ftypes 17ms (cache hit)
2531 silly packumentCache full:https://registry.npmjs.org/@babel%2ftypes set size:485839 disposed:false
2532 silly fetch manifest @types/babel__traverse@*
2533 silly packumentCache full:https://registry.npmjs.org/@types%2fbabel__traverse cache-miss
2534 http cache https://registry.npmjs.org/@babel%2fparser 19ms (cache hit)
2535 silly packumentCache full:https://registry.npmjs.org/@babel%2fparser set size:714217 disposed:false
2536 silly fetch manifest @types/babel__generator@*
2537 silly packumentCache full:https://registry.npmjs.org/@types%2fbabel__generator cache-miss
2538 http fetch GET 200 https://registry.npmjs.org/@babel%2fhelper-module-transforms 86ms (cache miss)
2539 silly packumentCache full:https://registry.npmjs.org/@babel%2fhelper-module-transforms set size:undefined disposed:false
2540 http fetch GET 200 https://registry.npmjs.org/@babel%2fhelper-compilation-targets 80ms (cache miss)
2541 silly packumentCache full:https://registry.npmjs.org/@babel%2fhelper-compilation-targets set size:undefined disposed:false
2542 http fetch GET 200 https://registry.npmjs.org/@babel%2fhelper-plugin-utils 54ms (cache miss)
2543 silly packumentCache full:https://registry.npmjs.org/@babel%2fhelper-plugin-utils set size:undefined disposed:false
2544 http fetch GET 200 https://registry.npmjs.org/@babel%2fhelper-plugin-utils 61ms (cache miss)
2545 silly packumentCache full:https://registry.npmjs.org/@babel%2fhelper-plugin-utils set size:undefined disposed:false
2546 http fetch GET 200 https://registry.npmjs.org/@types%2fbabel__template 52ms (cache miss)
2547 silly packumentCache full:https://registry.npmjs.org/@types%2fbabel__template set size:undefined disposed:false
2548 http fetch GET 200 https://registry.npmjs.org/@types%2fbabel__traverse 40ms (cache miss)
2549 silly packumentCache full:https://registry.npmjs.org/@types%2fbabel__traverse set size:undefined disposed:false
2550 http fetch GET 200 https://registry.npmjs.org/@types%2fbabel__generator 42ms (cache miss)
2551 silly packumentCache full:https://registry.npmjs.org/@types%2fbabel__generator set size:undefined disposed:false
2552 silly fetch manifest @babel/core@^7.0.0
2553 silly packumentCache full:https://registry.npmjs.org/@babel%2fcore cache-miss
2554 http cache https://registry.npmjs.org/@babel%2fcore 6ms (cache hit)
2555 silly packumentCache full:https://registry.npmjs.org/@babel%2fcore set size:756140 disposed:false
2556 silly placeDep ROOT @babel/code-frame@7.29.0 OK for: @babel/core@7.29.0 want: ^7.29.0
2557 silly placeDep ROOT @babel/generator@7.29.1 OK for: @babel/core@7.29.0 want: ^7.29.0
2558 silly placeDep ROOT @babel/helper-compilation-targets@7.28.6 OK for: @babel/core@7.29.0 want: ^7.28.6
2559 silly placeDep ROOT @babel/helper-module-transforms@7.28.6 OK for: @babel/core@7.29.0 want: ^7.28.6
2560 silly placeDep ROOT @babel/helpers@7.28.6 OK for: @babel/core@7.29.0 want: ^7.28.6
2561 silly placeDep ROOT @babel/parser@7.29.0 OK for: @babel/core@7.29.0 want: ^7.29.0
2562 silly placeDep ROOT @babel/template@7.28.6 OK for: @babel/core@7.29.0 want: ^7.28.6
2563 silly placeDep ROOT @babel/traverse@7.29.0 OK for: @babel/core@7.29.0 want: ^7.29.0
2564 silly placeDep ROOT @babel/types@7.29.0 OK for: @babel/core@7.29.0 want: ^7.29.0
2565 silly placeDep ROOT convert-source-map@2.0.0 OK for: @babel/core@7.29.0 want: ^2.0.0
2566 silly placeDep ROOT debug@4.4.3 OK for: @babel/core@7.29.0 want: ^4.1.0
2567 silly placeDep ROOT gensync@1.0.0-beta.2 OK for: @babel/core@7.29.0 want: ^1.0.0-beta.2
2568 silly placeDep ROOT json5@2.2.3 OK for: @babel/core@7.29.0 want: ^2.2.3
2569 silly placeDep ROOT semver@6.3.1 OK for: @babel/core@7.29.0 want: ^6.3.1
2570 silly fetch manifest js-tokens@^4.0.0
2571 silly packumentCache full:https://registry.npmjs.org/js-tokens cache-miss
2572 silly fetch manifest @babel/helper-validator-identifier@^7.28.5
2573 silly packumentCache full:https://registry.npmjs.org/@babel%2fhelper-validator-identifier cache-miss
2574 silly fetch manifest jsesc@^3.0.2
2575 silly packumentCache full:https://registry.npmjs.org/jsesc cache-miss
2576 silly fetch manifest lru-cache@^5.1.1
2577 silly packumentCache full:https://registry.npmjs.org/lru-cache cache-miss
2578 silly fetch manifest browserslist@^4.24.0
2579 silly packumentCache full:https://registry.npmjs.org/browserslist cache-miss
2580 silly fetch manifest @babel/compat-data@^7.28.6
2581 silly packumentCache full:https://registry.npmjs.org/@babel%2fcompat-data cache-miss
2582 silly fetch manifest @babel/helper-validator-option@^7.27.1
2583 silly packumentCache full:https://registry.npmjs.org/@babel%2fhelper-validator-option cache-miss
2584 http cache https://registry.npmjs.org/lru-cache 9ms (cache hit)
2585 silly packumentCache full:https://registry.npmjs.org/lru-cache set size:413591 disposed:false
2586 silly fetch manifest @babel/traverse@^7.28.6
2587 silly packumentCache full:https://registry.npmjs.org/@babel%2ftraverse cache-miss
2588 http cache https://registry.npmjs.org/browserslist 15ms (cache hit)
2589 silly packumentCache full:https://registry.npmjs.org/browserslist set size:502989 disposed:false
2590 silly fetch manifest @babel/helper-module-imports@^7.28.6
2591 silly packumentCache full:https://registry.npmjs.org/@babel%2fhelper-module-imports cache-miss
2592 http cache https://registry.npmjs.org/@babel%2ftraverse 12ms (cache hit)
2593 silly packumentCache full:https://registry.npmjs.org/@babel%2ftraverse set size:546499 disposed:false
2594 silly fetch manifest @babel/helper-validator-identifier@^7.28.5
2595 silly packumentCache full:https://registry.npmjs.org/@babel%2fhelper-validator-identifier cache-miss
2596 http fetch GET 200 https://registry.npmjs.org/js-tokens 36ms (cache miss)
2597 silly packumentCache full:https://registry.npmjs.org/js-tokens set size:undefined disposed:false
2598 silly fetch manifest @babel/types@^7.28.6
2599 silly packumentCache full:https://registry.npmjs.org/@babel%2ftypes cache-hit
2600 silly fetch manifest debug@^4.3.1
2601 silly packumentCache full:https://registry.npmjs.org/debug cache-hit
2602 silly fetch manifest @babel/helper-globals@^7.28.0
2603 silly packumentCache full:https://registry.npmjs.org/@babel%2fhelper-globals cache-miss
2604 http fetch GET 200 https://registry.npmjs.org/jsesc 37ms (cache miss)
2605 silly packumentCache full:https://registry.npmjs.org/jsesc set size:undefined disposed:false
2606 silly fetch manifest @babel/helper-string-parser@^7.27.1
2607 silly packumentCache full:https://registry.npmjs.org/@babel%2fhelper-string-parser cache-miss
2608 http fetch GET 200 https://registry.npmjs.org/@babel%2fhelper-validator-option 57ms (cache miss)
2609 silly packumentCache full:https://registry.npmjs.org/@babel%2fhelper-validator-option set size:undefined disposed:false
2610 silly fetch manifest @babel/helper-validator-identifier@^7.28.5
2611 silly packumentCache full:https://registry.npmjs.org/@babel%2fhelper-validator-identifier cache-miss
2612 http fetch GET 200 https://registry.npmjs.org/@babel%2fhelper-validator-identifier 62ms (cache miss)
2613 silly packumentCache full:https://registry.npmjs.org/@babel%2fhelper-validator-identifier set size:undefined disposed:false
2614 silly fetch manifest ms@^2.1.3
2615 silly packumentCache full:https://registry.npmjs.org/ms cache-miss
2616 http fetch GET 200 https://registry.npmjs.org/@babel%2fhelper-module-imports 43ms (cache miss)
2617 silly packumentCache full:https://registry.npmjs.org/@babel%2fhelper-module-imports set size:undefined disposed:false
2618 http fetch GET 200 https://registry.npmjs.org/@babel%2fcompat-data 67ms (cache miss)
2619 silly packumentCache full:https://registry.npmjs.org/@babel%2fcompat-data set size:undefined disposed:false
2620 http fetch GET 200 https://registry.npmjs.org/@babel%2fhelper-validator-identifier 43ms (cache miss)
2621 silly packumentCache full:https://registry.npmjs.org/@babel%2fhelper-validator-identifier set size:undefined disposed:false
2622 http fetch GET 200 https://registry.npmjs.org/@babel%2fhelper-globals 40ms (cache miss)
2623 silly packumentCache full:https://registry.npmjs.org/@babel%2fhelper-globals set size:undefined disposed:false
2624 http fetch GET 200 https://registry.npmjs.org/@babel%2fhelper-string-parser 49ms (cache miss)
2625 silly packumentCache full:https://registry.npmjs.org/@babel%2fhelper-string-parser set size:undefined disposed:false
2626 http fetch GET 200 https://registry.npmjs.org/@babel%2fhelper-validator-identifier 36ms (cache miss)
2627 silly packumentCache full:https://registry.npmjs.org/@babel%2fhelper-validator-identifier set size:undefined disposed:false
2628 http fetch GET 200 https://registry.npmjs.org/ms 33ms (cache miss)
2629 silly packumentCache full:https://registry.npmjs.org/ms set size:undefined disposed:false
2630 silly placeDep ROOT @babel/helper-validator-identifier@7.28.5 OK for: @babel/code-frame@7.29.0 want: ^7.28.5
2631 silly placeDep ROOT js-tokens@4.0.0 OK for: @babel/code-frame@7.29.0 want: ^4.0.0
2632 silly placeDep ROOT picocolors@1.1.1 OK for: @babel/code-frame@7.29.0 want: ^1.1.1
2633 silly placeDep ROOT jsesc@3.1.0 OK for: @babel/generator@7.29.1 want: ^3.0.2
2634 silly placeDep ROOT @babel/compat-data@7.29.0 OK for: @babel/helper-compilation-targets@7.28.6 want: ^7.28.6
2635 silly placeDep ROOT @babel/helper-validator-option@7.27.1 OK for: @babel/helper-compilation-targets@7.28.6 want: ^7.27.1
2636 silly placeDep ROOT browserslist@4.28.1 OK for: @babel/helper-compilation-targets@7.28.6 want: ^4.24.0
2637 silly placeDep ROOT lru-cache@5.1.1 OK for: @babel/helper-compilation-targets@7.28.6 want: ^5.1.1
2638 silly fetch manifest baseline-browser-mapping@^2.9.0
2639 silly packumentCache full:https://registry.npmjs.org/baseline-browser-mapping cache-miss
2640 silly fetch manifest caniuse-lite@^1.0.30001759
2641 silly packumentCache full:https://registry.npmjs.org/caniuse-lite cache-miss
2642 silly fetch manifest electron-to-chromium@^1.5.263
2643 silly packumentCache full:https://registry.npmjs.org/electron-to-chromium cache-miss
2644 silly fetch manifest node-releases@^2.0.27
2645 silly packumentCache full:https://registry.npmjs.org/node-releases cache-miss
2646 silly fetch manifest update-browserslist-db@^1.2.0
2647 silly packumentCache full:https://registry.npmjs.org/update-browserslist-db cache-miss
2648 silly fetch manifest yallist@^3.0.2
2649 silly packumentCache full:https://registry.npmjs.org/yallist cache-miss
2650 http cache https://registry.npmjs.org/caniuse-lite 15ms (cache hit)
2651 silly packumentCache full:https://registry.npmjs.org/caniuse-lite set size:2254643 disposed:false
2652 http fetch GET 200 https://registry.npmjs.org/yallist 50ms (cache miss)
2653 silly packumentCache full:https://registry.npmjs.org/yallist set size:undefined disposed:false
2654 http fetch GET 200 https://registry.npmjs.org/update-browserslist-db 55ms (cache miss)
2655 silly packumentCache full:https://registry.npmjs.org/update-browserslist-db set size:undefined disposed:false
2656 http fetch GET 200 https://registry.npmjs.org/node-releases 62ms (cache miss)
2657 silly packumentCache full:https://registry.npmjs.org/node-releases set size:undefined disposed:false
2658 http fetch GET 200 https://registry.npmjs.org/baseline-browser-mapping 71ms (cache miss)
2659 silly packumentCache full:https://registry.npmjs.org/baseline-browser-mapping set size:undefined disposed:false
2660 http fetch GET 200 https://registry.npmjs.org/electron-to-chromium 117ms (cache miss)
2661 silly packumentCache full:https://registry.npmjs.org/electron-to-chromium set size:undefined disposed:false
2662 silly placeDep ROOT @babel/helper-module-imports@7.28.6 OK for: @babel/helper-module-transforms@7.28.6 want: ^7.28.6
2663 silly placeDep ROOT @babel/helper-plugin-utils@7.28.6 OK for: @babel/plugin-transform-react-jsx-self@7.27.1 want: ^7.27.1
2664 silly placeDep ROOT @babel/helper-globals@7.28.0 OK for: @babel/traverse@7.29.0 want: ^7.28.0
2665 silly placeDep ROOT @babel/helper-string-parser@7.27.1 OK for: @babel/types@7.29.0 want: ^7.27.1
2666 silly placeDep ROOT @types/babel__generator@7.27.0 OK for: @types/babel__core@7.20.5 want: *
2667 silly placeDep ROOT @types/babel__template@7.4.4 OK for: @types/babel__core@7.20.5 want: *
2668 silly placeDep ROOT @types/babel__traverse@7.28.0 OK for: @types/babel__core@7.20.5 want: *
2669 silly placeDep ROOT caniuse-lite@1.0.30001770 OK for: autoprefixer@10.4.24 want: ^1.0.30001766
2670 silly placeDep ROOT fraction.js@5.3.4 OK for: autoprefixer@10.4.24 want: ^5.3.4
2671 silly placeDep ROOT postcss-value-parser@4.2.0 OK for: autoprefixer@10.4.24 want: ^4.2.0
2672 silly placeDep ROOT follow-redirects@1.15.11 OK for: axios@1.13.5 want: ^1.15.11
2673 silly placeDep ROOT proxy-from-env@1.1.0 OK for: axios@1.13.5 want: ^1.1.0
2674 silly fetch manifest browserslist@>= 4.21.0
2675 silly packumentCache full:https://registry.npmjs.org/browserslist cache-hit
2676 silly placeDep ROOT baseline-browser-mapping@2.10.0 OK for: browserslist@4.28.1 want: ^2.9.0
2677 silly placeDep ROOT electron-to-chromium@1.5.302 OK for: browserslist@4.28.1 want: ^1.5.263
2678 silly placeDep ROOT node-releases@2.0.27 OK for: browserslist@4.28.1 want: ^2.0.27
2679 silly placeDep ROOT update-browserslist-db@1.2.3 OK for: browserslist@4.28.1 want: ^1.2.0
2680 silly fetch manifest escalade@^3.2.0
2681 silly packumentCache full:https://registry.npmjs.org/escalade cache-miss
2682 http fetch GET 200 https://registry.npmjs.org/escalade 33ms (cache miss)
2683 silly packumentCache full:https://registry.npmjs.org/escalade set size:undefined disposed:false
2684 silly placeDep ROOT node-gyp-build@4.8.4 OK for: bufferutil@4.1.0 want: ^4.3.0
2685 silly placeDep ROOT pg@8.18.0 OK for: connect-pg-simple@10.0.0 want: ^8.12.0
2686 silly fetch manifest pg-connection-string@^2.11.0
2687 silly packumentCache full:https://registry.npmjs.org/pg-connection-string cache-miss
2688 silly fetch manifest pg-pool@^3.11.0
2689 silly packumentCache full:https://registry.npmjs.org/pg-pool cache-miss
2690 silly fetch manifest pg-types@2.2.0
2691 silly packumentCache full:https://registry.npmjs.org/pg-types cache-miss
2692 silly fetch manifest pgpass@1.0.5
2693 silly packumentCache full:https://registry.npmjs.org/pgpass cache-miss
2694 silly fetch manifest pg-cloudflare@^1.3.0
2695 silly packumentCache full:https://registry.npmjs.org/pg-cloudflare cache-miss
2696 http cache https://registry.npmjs.org/pg-types 6ms (cache hit)
2697 silly packumentCache full:https://registry.npmjs.org/pg-types set size:51397 disposed:false
2698 http fetch GET 200 https://registry.npmjs.org/pgpass 27ms (cache miss)
2699 silly packumentCache full:https://registry.npmjs.org/pgpass set size:undefined disposed:false
2700 http fetch GET 200 https://registry.npmjs.org/pg-pool 30ms (cache miss)
2701 silly packumentCache full:https://registry.npmjs.org/pg-pool set size:undefined disposed:false
2702 http fetch GET 200 https://registry.npmjs.org/pg-cloudflare 35ms (cache miss)
2703 silly packumentCache full:https://registry.npmjs.org/pg-cloudflare set size:undefined disposed:false
2704 http fetch GET 200 https://registry.npmjs.org/pg-connection-string 37ms (cache miss)
2705 silly packumentCache full:https://registry.npmjs.org/pg-connection-string set size:undefined disposed:false
2706 silly placeDep ROOT object-assign@4.1.1 OK for: cors@2.8.6 want: ^4
2707 silly placeDep ROOT vary@1.1.2 OK for: cors@2.8.6 want: ^1
2708 silly placeDep ROOT ms@2.1.3 OK for: debug@4.4.3 want: ^2.1.3
2709 silly placeDep ROOT @drizzle-team/brocli@0.10.2 OK for: drizzle-kit@0.30.6 want: ^0.10.2
2710 silly placeDep ROOT @esbuild-kit/esm-loader@2.6.5 OK for: drizzle-kit@0.30.6 want: ^2.5.5
2711 silly placeDep node_modules/drizzle-kit esbuild@0.19.12 OK for: drizzle-kit@0.30.6 want: ^0.19.7
2712 silly placeDep ROOT esbuild-register@3.6.0 OK for: drizzle-kit@0.30.6 want: ^3.5.0
2713 silly placeDep ROOT gel@2.2.0 OK for: drizzle-kit@0.30.6 want: ^2.0.0
2714 silly fetch manifest get-tsconfig@^4.7.0
2715 silly packumentCache full:https://registry.npmjs.org/get-tsconfig cache-miss
2716 silly fetch manifest @esbuild-kit/core-utils@^3.3.2
2717 silly packumentCache full:https://registry.npmjs.org/@esbuild-kit%2fcore-utils cache-miss
2718 silly fetch manifest @esbuild/aix-ppc64@0.19.12
2719 silly packumentCache full:https://registry.npmjs.org/@esbuild%2faix-ppc64 cache-miss
2720 silly fetch manifest @esbuild/linux-arm@0.19.12
2721 silly packumentCache full:https://registry.npmjs.org/@esbuild%2flinux-arm cache-miss
2722 silly fetch manifest @esbuild/linux-x64@0.19.12
2723 silly packumentCache full:https://registry.npmjs.org/@esbuild%2flinux-x64 cache-miss
2724 silly fetch manifest @esbuild/sunos-x64@0.19.12
2725 silly packumentCache full:https://registry.npmjs.org/@esbuild%2fsunos-x64 cache-miss
2726 silly fetch manifest @esbuild/win32-x64@0.19.12
2727 silly packumentCache full:https://registry.npmjs.org/@esbuild%2fwin32-x64 cache-miss
2728 http cache https://registry.npmjs.org/@esbuild%2fwin32-x64 8ms (cache hit)
2729 silly packumentCache full:https://registry.npmjs.org/@esbuild%2fwin32-x64 set size:187476 disposed:false
2730 silly fetch manifest @esbuild/darwin-x64@0.19.12
2731 silly packumentCache full:https://registry.npmjs.org/@esbuild%2fdarwin-x64 cache-miss
2732 http cache https://registry.npmjs.org/@esbuild%2flinux-arm 11ms (cache hit)
2733 silly packumentCache full:https://registry.npmjs.org/@esbuild%2flinux-arm set size:186917 disposed:false
2734 silly fetch manifest @esbuild/linux-ia32@0.19.12
2735 silly packumentCache full:https://registry.npmjs.org/@esbuild%2flinux-ia32 cache-miss
2736 http cache https://registry.npmjs.org/@esbuild%2faix-ppc64 15ms (cache hit)
2737 silly packumentCache full:https://registry.npmjs.org/@esbuild%2faix-ppc64 set size:56029 disposed:false
2738 silly fetch manifest @esbuild/netbsd-x64@0.19.12
2739 silly packumentCache full:https://registry.npmjs.org/@esbuild%2fnetbsd-x64 cache-miss
2740 http cache https://registry.npmjs.org/@esbuild%2fsunos-x64 16ms (cache hit)
2741 silly packumentCache full:https://registry.npmjs.org/@esbuild%2fsunos-x64 set size:187474 disposed:false
2742 silly fetch manifest @esbuild/win32-ia32@0.19.12
2743 silly packumentCache full:https://registry.npmjs.org/@esbuild%2fwin32-ia32 cache-miss
2744 http cache https://registry.npmjs.org/get-tsconfig 19ms (cache hit)
2745 silly packumentCache full:https://registry.npmjs.org/get-tsconfig set size:112628 disposed:false
2746 silly fetch manifest @esbuild/android-arm@0.19.12
2747 silly packumentCache full:https://registry.npmjs.org/@esbuild%2fandroid-arm cache-miss
2748 http cache https://registry.npmjs.org/@esbuild%2flinux-x64 21ms (cache hit)
2749 silly packumentCache full:https://registry.npmjs.org/@esbuild%2flinux-x64 set size:187244 disposed:false
2750 silly fetch manifest @esbuild/android-x64@0.19.12
2751 silly packumentCache full:https://registry.npmjs.org/@esbuild%2fandroid-x64 cache-miss
2752 http cache https://registry.npmjs.org/@esbuild%2fdarwin-x64 17ms (cache hit)
2753 silly packumentCache full:https://registry.npmjs.org/@esbuild%2fdarwin-x64 set size:187924 disposed:false
2754 silly fetch manifest @esbuild/freebsd-x64@0.19.12
2755 silly packumentCache full:https://registry.npmjs.org/@esbuild%2ffreebsd-x64 cache-miss
2756 http cache https://registry.npmjs.org/@esbuild%2fwin32-ia32 14ms (cache hit)
2757 silly packumentCache full:https://registry.npmjs.org/@esbuild%2fwin32-ia32 set size:188094 disposed:false
2758 silly fetch manifest @esbuild/linux-arm64@0.19.12
2759 silly packumentCache full:https://registry.npmjs.org/@esbuild%2flinux-arm64 cache-miss
2760 http cache https://registry.npmjs.org/@esbuild%2flinux-ia32 20ms (cache hit)
2761 silly packumentCache full:https://registry.npmjs.org/@esbuild%2flinux-ia32 set size:187877 disposed:false
2762 silly fetch manifest @esbuild/linux-ppc64@0.19.12
2763 silly packumentCache full:https://registry.npmjs.org/@esbuild%2flinux-ppc64 cache-miss
2764 http cache https://registry.npmjs.org/@esbuild%2fnetbsd-x64 21ms (cache hit)
2765 silly packumentCache full:https://registry.npmjs.org/@esbuild%2fnetbsd-x64 set size:185730 disposed:false
2766 silly fetch manifest @esbuild/linux-s390x@0.19.12
2767 silly packumentCache full:https://registry.npmjs.org/@esbuild%2flinux-s390x cache-miss
2768 http cache https://registry.npmjs.org/@esbuild%2fandroid-arm 19ms (cache hit)
2769 silly packumentCache full:https://registry.npmjs.org/@esbuild%2fandroid-arm set size:213504 disposed:false
2770 silly fetch manifest @esbuild/openbsd-x64@0.19.12
2771 silly packumentCache full:https://registry.npmjs.org/@esbuild%2fopenbsd-x64 cache-miss
2772 http cache https://registry.npmjs.org/@esbuild%2fandroid-x64 21ms (cache hit)
2773 silly packumentCache full:https://registry.npmjs.org/@esbuild%2fandroid-x64 set size:187307 disposed:false
2774 silly fetch manifest @esbuild/win32-arm64@0.19.12
2775 silly packumentCache full:https://registry.npmjs.org/@esbuild%2fwin32-arm64 cache-miss
2776 http cache https://registry.npmjs.org/@esbuild%2ffreebsd-x64 30ms (cache hit)
2777 silly packumentCache full:https://registry.npmjs.org/@esbuild%2ffreebsd-x64 set size:188756 disposed:false
2778 silly fetch manifest @esbuild/darwin-arm64@0.19.12
2779 silly packumentCache full:https://registry.npmjs.org/@esbuild%2fdarwin-arm64 cache-miss
2780 http cache https://registry.npmjs.org/@esbuild%2flinux-ppc64 28ms (cache hit)
2781 silly packumentCache full:https://registry.npmjs.org/@esbuild%2flinux-ppc64 set size:190895 disposed:false
2782 silly fetch manifest @esbuild/android-arm64@0.19.12
2783 silly packumentCache full:https://registry.npmjs.org/@esbuild%2fandroid-arm64 cache-miss
2784 http cache https://registry.npmjs.org/@esbuild%2flinux-s390x 27ms (cache hit)
2785 silly packumentCache full:https://registry.npmjs.org/@esbuild%2flinux-s390x set size:190391 disposed:false
2786 silly fetch manifest @esbuild/freebsd-arm64@0.19.12
2787 silly packumentCache full:https://registry.npmjs.org/@esbuild%2ffreebsd-arm64 cache-miss
2788 http cache https://registry.npmjs.org/@esbuild%2flinux-arm64 35ms (cache hit)
2789 silly packumentCache full:https://registry.npmjs.org/@esbuild%2flinux-arm64 set size:188948 disposed:false
2790 silly fetch manifest @esbuild/linux-loong64@0.19.12
2791 silly packumentCache full:https://registry.npmjs.org/@esbuild%2flinux-loong64 cache-miss
2792 http cache https://registry.npmjs.org/@esbuild%2fopenbsd-x64 30ms (cache hit)
2793 silly packumentCache full:https://registry.npmjs.org/@esbuild%2fopenbsd-x64 set size:188762 disposed:false
2794 silly fetch manifest @esbuild/linux-riscv64@0.19.12
2795 silly packumentCache full:https://registry.npmjs.org/@esbuild%2flinux-riscv64 cache-miss
2796 http cache https://registry.npmjs.org/@esbuild%2fwin32-arm64 28ms (cache hit)
2797 silly packumentCache full:https://registry.npmjs.org/@esbuild%2fwin32-arm64 set size:189169 disposed:false
2798 silly fetch manifest @esbuild/linux-mips64el@0.19.12
2799 silly packumentCache full:https://registry.npmjs.org/@esbuild%2flinux-mips64el cache-miss
2800 http fetch GET 200 https://registry.npmjs.org/@esbuild-kit%2fcore-utils 78ms (cache miss)
2801 silly packumentCache full:https://registry.npmjs.org/@esbuild-kit%2fcore-utils set size:undefined disposed:false
2802 silly fetch manifest @petamoriken/float16@^3.8.7
2803 silly packumentCache full:https://registry.npmjs.org/@petamoriken%2ffloat16 cache-miss
2804 http cache https://registry.npmjs.org/@esbuild%2fdarwin-arm64 29ms (cache hit)
2805 silly packumentCache full:https://registry.npmjs.org/@esbuild%2fdarwin-arm64 set size:189596 disposed:false
2806 silly fetch manifest env-paths@^3.0.0
2807 silly packumentCache full:https://registry.npmjs.org/env-paths cache-miss
2808 http cache https://registry.npmjs.org/@esbuild%2ffreebsd-arm64 28ms (cache hit)
2809 silly packumentCache full:https://registry.npmjs.org/@esbuild%2ffreebsd-arm64 set size:190447 disposed:false
2810 silly fetch manifest semver@^7.6.2
2811 silly packumentCache full:https://registry.npmjs.org/semver cache-miss
2812 http cache https://registry.npmjs.org/@esbuild%2fandroid-arm64 33ms (cache hit)
2813 silly packumentCache full:https://registry.npmjs.org/@esbuild%2fandroid-arm64 set size:192279 disposed:false
2814 silly fetch manifest shell-quote@^1.8.1
2815 silly packumentCache full:https://registry.npmjs.org/shell-quote cache-miss
2816 http cache https://registry.npmjs.org/@esbuild%2flinux-riscv64 28ms (cache hit)
2817 silly packumentCache full:https://registry.npmjs.org/@esbuild%2flinux-riscv64 set size:190569 disposed:false
2818 silly fetch manifest which@^4.0.0
2819 silly packumentCache full:https://registry.npmjs.org/which cache-miss
2820 http cache https://registry.npmjs.org/@esbuild%2flinux-loong64 34ms (cache hit)
2821 silly packumentCache full:https://registry.npmjs.org/@esbuild%2flinux-loong64 set size:243782 disposed:false
2822 http cache https://registry.npmjs.org/@esbuild%2flinux-mips64el 32ms (cache hit)
2823 silly packumentCache full:https://registry.npmjs.org/@esbuild%2flinux-mips64el set size:192558 disposed:false
2824 http cache https://registry.npmjs.org/semver 17ms (cache hit)
2825 silly packumentCache full:https://registry.npmjs.org/semver set size:229678 disposed:false
2826 http fetch GET 200 https://registry.npmjs.org/shell-quote 33ms (cache miss)
2827 silly packumentCache full:https://registry.npmjs.org/shell-quote set size:undefined disposed:false
2828 http fetch GET 200 https://registry.npmjs.org/env-paths 40ms (cache miss)
2829 silly packumentCache full:https://registry.npmjs.org/env-paths set size:undefined disposed:false
2830 http fetch GET 200 https://registry.npmjs.org/which 37ms (cache miss)
2831 silly packumentCache full:https://registry.npmjs.org/which set size:undefined disposed:false
2832 http fetch GET 200 https://registry.npmjs.org/@petamoriken%2ffloat16 411ms (cache miss)
2833 silly packumentCache full:https://registry.npmjs.org/@petamoriken%2ffloat16 set size:undefined disposed:false
2834 silly placeDep ROOT @esbuild-kit/core-utils@3.3.2 OK for: @esbuild-kit/esm-loader@2.6.5 want: ^3.3.2
2835 silly placeDep ROOT get-tsconfig@4.13.6 OK for: @esbuild-kit/esm-loader@2.6.5 want: ^4.7.0
2836 silly fetch manifest esbuild@~0.18.20
2837 silly packumentCache full:https://registry.npmjs.org/esbuild cache-miss
2838 silly fetch manifest source-map-support@^0.5.21
2839 silly packumentCache full:https://registry.npmjs.org/source-map-support cache-miss
2840 silly fetch manifest resolve-pkg-maps@^1.0.0
2841 silly packumentCache full:https://registry.npmjs.org/resolve-pkg-maps cache-miss
2842 http cache https://registry.npmjs.org/esbuild 13ms (cache hit)
2843 silly packumentCache full:https://registry.npmjs.org/esbuild set size:1242223 disposed:false
2844 http fetch GET 200 https://registry.npmjs.org/resolve-pkg-maps 45ms (cache miss)
2845 silly packumentCache full:https://registry.npmjs.org/resolve-pkg-maps set size:undefined disposed:false
2846 http fetch GET 200 https://registry.npmjs.org/source-map-support 47ms (cache miss)
2847 silly packumentCache full:https://registry.npmjs.org/source-map-support set size:undefined disposed:false
2848 silly placeDep node_modules/@esbuild-kit/core-utils esbuild@0.18.20 OK for: @esbuild-kit/core-utils@3.3.2 want: ~0.18.20
2849 silly placeDep ROOT source-map-support@0.5.21 OK for: @esbuild-kit/core-utils@3.3.2 want: ^0.5.21
2850 silly fetch manifest @esbuild/linux-arm@0.18.20
2851 silly packumentCache full:https://registry.npmjs.org/@esbuild%2flinux-arm cache-hit
2852 silly fetch manifest @esbuild/linux-x64@0.18.20
2853 silly packumentCache full:https://registry.npmjs.org/@esbuild%2flinux-x64 cache-hit
2854 silly fetch manifest @esbuild/sunos-x64@0.18.20
2855 silly packumentCache full:https://registry.npmjs.org/@esbuild%2fsunos-x64 cache-hit
2856 silly fetch manifest @esbuild/win32-x64@0.18.20
2857 silly packumentCache full:https://registry.npmjs.org/@esbuild%2fwin32-x64 cache-hit
2858 silly fetch manifest @esbuild/darwin-x64@0.18.20
2859 silly packumentCache full:https://registry.npmjs.org/@esbuild%2fdarwin-x64 cache-hit
2860 silly fetch manifest @esbuild/linux-ia32@0.18.20
2861 silly packumentCache full:https://registry.npmjs.org/@esbuild%2flinux-ia32 cache-hit
2862 silly fetch manifest @esbuild/netbsd-x64@0.18.20
2863 silly packumentCache full:https://registry.npmjs.org/@esbuild%2fnetbsd-x64 cache-hit
2864 silly fetch manifest @esbuild/win32-ia32@0.18.20
2865 silly packumentCache full:https://registry.npmjs.org/@esbuild%2fwin32-ia32 cache-hit
2866 silly fetch manifest @esbuild/android-arm@0.18.20
2867 silly packumentCache full:https://registry.npmjs.org/@esbuild%2fandroid-arm cache-hit
2868 silly fetch manifest @esbuild/android-x64@0.18.20
2869 silly packumentCache full:https://registry.npmjs.org/@esbuild%2fandroid-x64 cache-hit
2870 silly fetch manifest @esbuild/freebsd-x64@0.18.20
2871 silly packumentCache full:https://registry.npmjs.org/@esbuild%2ffreebsd-x64 cache-hit
2872 silly fetch manifest @esbuild/linux-arm64@0.18.20
2873 silly packumentCache full:https://registry.npmjs.org/@esbuild%2flinux-arm64 cache-hit
2874 silly fetch manifest @esbuild/linux-ppc64@0.18.20
2875 silly packumentCache full:https://registry.npmjs.org/@esbuild%2flinux-ppc64 cache-hit
2876 silly fetch manifest @esbuild/linux-s390x@0.18.20
2877 silly packumentCache full:https://registry.npmjs.org/@esbuild%2flinux-s390x cache-hit
2878 silly fetch manifest @esbuild/openbsd-x64@0.18.20
2879 silly packumentCache full:https://registry.npmjs.org/@esbuild%2fopenbsd-x64 cache-hit
2880 silly fetch manifest @esbuild/win32-arm64@0.18.20
2881 silly packumentCache full:https://registry.npmjs.org/@esbuild%2fwin32-arm64 cache-hit
2882 silly fetch manifest @esbuild/darwin-arm64@0.18.20
2883 silly packumentCache full:https://registry.npmjs.org/@esbuild%2fdarwin-arm64 cache-hit
2884 silly fetch manifest @esbuild/android-arm64@0.18.20
2885 silly packumentCache full:https://registry.npmjs.org/@esbuild%2fandroid-arm64 cache-hit
2886 silly fetch manifest @esbuild/freebsd-arm64@0.18.20
2887 silly packumentCache full:https://registry.npmjs.org/@esbuild%2ffreebsd-arm64 cache-hit
2888 silly fetch manifest @esbuild/linux-loong64@0.18.20
2889 silly packumentCache full:https://registry.npmjs.org/@esbuild%2flinux-loong64 cache-hit
2890 silly fetch manifest @esbuild/linux-riscv64@0.18.20
2891 silly packumentCache full:https://registry.npmjs.org/@esbuild%2flinux-riscv64 cache-hit
2892 silly fetch manifest @esbuild/linux-mips64el@0.18.20
2893 silly packumentCache full:https://registry.npmjs.org/@esbuild%2flinux-mips64el cache-hit
2894 silly fetch manifest buffer-from@^1.0.0
2895 silly packumentCache full:https://registry.npmjs.org/buffer-from cache-miss
2896 silly fetch manifest source-map@^0.6.0
2897 silly packumentCache full:https://registry.npmjs.org/source-map cache-miss
2898 http fetch GET 200 https://registry.npmjs.org/buffer-from 148ms (cache miss)
2899 silly packumentCache full:https://registry.npmjs.org/buffer-from set size:undefined disposed:false
2900 http fetch GET 200 https://registry.npmjs.org/source-map 150ms (cache miss)
2901 silly packumentCache full:https://registry.npmjs.org/source-map set size:undefined disposed:false
2902 silly placeDep ROOT embla-carousel@8.6.0 OK for: embla-carousel-react@8.6.0 want: 8.6.0
2903 silly placeDep ROOT embla-carousel-reactive-utils@8.6.0 OK for: embla-carousel-react@8.6.0 want: 8.6.0
2904 silly placeDep ROOT graceful-fs@4.2.11 OK for: enhanced-resolve@5.19.0 want: ^4.2.4
2905 silly placeDep ROOT tapable@2.3.0 OK for: enhanced-resolve@5.19.0 want: ^2.3.0
2906 silly placeDep ROOT @esbuild/aix-ppc64@0.25.12 OK for: esbuild@0.25.12 want: 0.25.12
2907 silly placeDep ROOT @esbuild/android-arm@0.25.12 OK for: esbuild@0.25.12 want: 0.25.12
2908 silly placeDep ROOT @esbuild/android-arm64@0.25.12 OK for: esbuild@0.25.12 want: 0.25.12
2909 silly placeDep ROOT @esbuild/android-x64@0.25.12 OK for: esbuild@0.25.12 want: 0.25.12
2910 silly placeDep ROOT @esbuild/darwin-arm64@0.25.12 OK for: esbuild@0.25.12 want: 0.25.12
2911 silly placeDep ROOT @esbuild/darwin-x64@0.25.12 OK for: esbuild@0.25.12 want: 0.25.12
2912 silly placeDep ROOT @esbuild/freebsd-arm64@0.25.12 OK for: esbuild@0.25.12 want: 0.25.12
2913 silly placeDep ROOT @esbuild/freebsd-x64@0.25.12 OK for: esbuild@0.25.12 want: 0.25.12
2914 silly placeDep ROOT @esbuild/linux-arm@0.25.12 OK for: esbuild@0.25.12 want: 0.25.12
2915 silly placeDep ROOT @esbuild/linux-arm64@0.25.12 OK for: esbuild@0.25.12 want: 0.25.12
2916 silly placeDep ROOT @esbuild/linux-ia32@0.25.12 OK for: esbuild@0.25.12 want: 0.25.12
2917 silly placeDep ROOT @esbuild/linux-loong64@0.25.12 OK for: esbuild@0.25.12 want: 0.25.12
2918 silly placeDep ROOT @esbuild/linux-mips64el@0.25.12 OK for: esbuild@0.25.12 want: 0.25.12
2919 silly placeDep ROOT @esbuild/linux-ppc64@0.25.12 OK for: esbuild@0.25.12 want: 0.25.12
2920 silly placeDep ROOT @esbuild/linux-riscv64@0.25.12 OK for: esbuild@0.25.12 want: 0.25.12
2921 silly placeDep ROOT @esbuild/linux-s390x@0.25.12 OK for: esbuild@0.25.12 want: 0.25.12
2922 silly placeDep ROOT @esbuild/linux-x64@0.25.12 OK for: esbuild@0.25.12 want: 0.25.12
2923 silly placeDep ROOT @esbuild/netbsd-arm64@0.25.12 OK for: esbuild@0.25.12 want: 0.25.12
2924 silly placeDep ROOT @esbuild/netbsd-x64@0.25.12 OK for: esbuild@0.25.12 want: 0.25.12
2925 silly placeDep ROOT @esbuild/openbsd-arm64@0.25.12 OK for: esbuild@0.25.12 want: 0.25.12
2926 silly placeDep ROOT @esbuild/openbsd-x64@0.25.12 OK for: esbuild@0.25.12 want: 0.25.12
2927 silly placeDep ROOT @esbuild/openharmony-arm64@0.25.12 OK for: esbuild@0.25.12 want: 0.25.12
2928 silly placeDep ROOT @esbuild/sunos-x64@0.25.12 OK for: esbuild@0.25.12 want: 0.25.12
2929 silly placeDep ROOT @esbuild/win32-arm64@0.25.12 OK for: esbuild@0.25.12 want: 0.25.12
2930 silly placeDep ROOT @esbuild/win32-ia32@0.25.12 OK for: esbuild@0.25.12 want: 0.25.12
2931 silly placeDep ROOT @esbuild/win32-x64@0.25.12 OK for: esbuild@0.25.12 want: 0.25.12
2932 silly placeDep ROOT accepts@1.3.8 OK for: express@4.22.1 want: ~1.3.8
2933 silly placeDep ROOT array-flatten@1.1.1 OK for: express@4.22.1 want: 1.1.1
2934 silly placeDep ROOT body-parser@1.20.4 OK for: express@4.22.1 want: ~1.20.3
2935 silly placeDep ROOT content-disposition@0.5.4 OK for: express@4.22.1 want: ~0.5.4
2936 silly placeDep ROOT content-type@1.0.5 OK for: express@4.22.1 want: ~1.0.4
2937 silly placeDep ROOT cookie@0.7.2 OK for: express@4.22.1 want: ~0.7.1
2938 silly placeDep ROOT cookie-signature@1.0.7 OK for: express@4.22.1 want: ~1.0.6
2939 silly placeDep node_modules/express debug@2.6.9 OK for: express@4.22.1 want: 2.6.9
2940 silly placeDep ROOT depd@2.0.0 OK for: express@4.22.1 want: 2.0.0
2941 silly placeDep ROOT encodeurl@2.0.0 OK for: express@4.22.1 want: ~2.0.0
2942 silly placeDep ROOT escape-html@1.0.3 OK for: express@4.22.1 want: ~1.0.3
2943 silly placeDep ROOT etag@1.8.1 OK for: express@4.22.1 want: ~1.8.1
2944 silly placeDep ROOT finalhandler@1.3.2 OK for: express@4.22.1 want: ~1.3.1
2945 silly placeDep ROOT fresh@0.5.2 OK for: express@4.22.1 want: ~0.5.2
2946 silly placeDep ROOT http-errors@2.0.1 OK for: express@4.22.1 want: ~2.0.0
2947 silly placeDep ROOT merge-descriptors@1.0.3 OK for: express@4.22.1 want: 1.0.3
2948 silly placeDep ROOT methods@1.1.2 OK for: express@4.22.1 want: ~1.1.2
2949 silly placeDep ROOT on-finished@2.4.1 OK for: express@4.22.1 want: ~2.4.1
2950 silly placeDep ROOT parseurl@1.3.3 OK for: express@4.22.1 want: ~1.3.3
2951 silly placeDep ROOT path-to-regexp@0.1.12 OK for: express@4.22.1 want: ~0.1.12
2952 silly placeDep ROOT proxy-addr@2.0.7 OK for: express@4.22.1 want: ~2.0.7
2953 silly placeDep ROOT qs@6.14.2 OK for: express@4.22.1 want: ~6.14.0
2954 silly placeDep ROOT range-parser@1.2.1 OK for: express@4.22.1 want: ~1.2.1
2955 silly placeDep ROOT safe-buffer@5.2.1 OK for: express@4.22.1 want: 5.2.1
2956 silly placeDep ROOT send@0.19.2 OK for: express@4.22.1 want: ~0.19.0
2957 silly placeDep ROOT serve-static@1.16.3 OK for: express@4.22.1 want: ~1.16.2
2958 silly placeDep ROOT setprototypeof@1.2.0 OK for: express@4.22.1 want: 1.2.0
2959 silly placeDep ROOT statuses@2.0.2 OK for: express@4.22.1 want: ~2.0.1
2960 silly placeDep ROOT type-is@1.6.18 OK for: express@4.22.1 want: ~1.6.18
2961 silly placeDep ROOT utils-merge@1.0.1 OK for: express@4.22.1 want: 1.0.1
2962 silly fetch manifest mime-types@~2.1.34
2963 silly packumentCache full:https://registry.npmjs.org/mime-types cache-miss
2964 silly fetch manifest negotiator@0.6.3
2965 silly packumentCache full:https://registry.npmjs.org/negotiator cache-miss
2966 silly fetch manifest bytes@~3.1.2
2967 silly packumentCache full:https://registry.npmjs.org/bytes cache-miss
2968 silly fetch manifest unpipe@~1.0.0
2969 silly packumentCache full:https://registry.npmjs.org/unpipe cache-miss
2970 silly fetch manifest destroy@~1.2.0
2971 silly packumentCache full:https://registry.npmjs.org/destroy cache-miss
2972 silly fetch manifest raw-body@~2.5.3
2973 silly packumentCache full:https://registry.npmjs.org/raw-body cache-miss
2974 silly fetch manifest iconv-lite@~0.4.24
2975 silly packumentCache full:https://registry.npmjs.org/iconv-lite cache-miss
2976 http cache https://registry.npmjs.org/mime-types 9ms (cache hit)
2977 silly packumentCache full:https://registry.npmjs.org/mime-types set size:139110 disposed:false
2978 silly fetch manifest http-errors@~2.0.1
2979 silly packumentCache full:https://registry.npmjs.org/http-errors cache-miss
2980 http cache https://registry.npmjs.org/http-errors 3ms (cache hit)
2981 silly packumentCache full:https://registry.npmjs.org/http-errors set size:71987 disposed:false
2982 silly fetch manifest content-type@~1.0.5
2983 silly packumentCache full:https://registry.npmjs.org/content-type cache-miss
2984 http cache https://registry.npmjs.org/content-type 3ms (cache hit)
2985 silly packumentCache full:https://registry.npmjs.org/content-type set size:17311 disposed:false
2986 silly fetch manifest ms@2.0.0
2987 silly packumentCache full:https://registry.npmjs.org/ms cache-miss
2988 http cache https://registry.npmjs.org/ms 3ms (cache hit)
2989 silly packumentCache full:https://registry.npmjs.org/ms set size:92208 disposed:false
2990 silly fetch manifest unpipe@~1.0.0
2991 silly packumentCache full:https://registry.npmjs.org/unpipe cache-miss
2992 http fetch GET 200 https://registry.npmjs.org/negotiator 36ms (cache miss)
2993 silly packumentCache full:https://registry.npmjs.org/negotiator set size:undefined disposed:false
2994 silly fetch manifest statuses@~2.0.2
2995 silly packumentCache full:https://registry.npmjs.org/statuses cache-miss
2996 http fetch GET 200 https://registry.npmjs.org/unpipe 40ms (cache miss)
2997 silly packumentCache full:https://registry.npmjs.org/unpipe set size:undefined disposed:false
2998 silly fetch manifest inherits@~2.0.4
2999 silly packumentCache full:https://registry.npmjs.org/inherits cache-miss
3000 http fetch GET 200 https://registry.npmjs.org/destroy 42ms (cache miss)
3001 silly packumentCache full:https://registry.npmjs.org/destroy set size:undefined disposed:false
3002 silly fetch manifest setprototypeof@~1.2.0
3003 silly packumentCache full:https://registry.npmjs.org/setprototypeof cache-miss
3004 http fetch GET 200 https://registry.npmjs.org/iconv-lite 43ms (cache miss)
3005 silly packumentCache full:https://registry.npmjs.org/iconv-lite set size:undefined disposed:false
3006 silly fetch manifest statuses@~2.0.2
3007 silly packumentCache full:https://registry.npmjs.org/statuses cache-miss
3008 http cache https://registry.npmjs.org/statuses 16ms (cache hit)
3009 silly packumentCache full:https://registry.npmjs.org/statuses set size:37117 disposed:false
3010 silly fetch manifest toidentifier@~1.0.1
3011 silly packumentCache full:https://registry.npmjs.org/toidentifier cache-miss
3012 http fetch GET 200 https://registry.npmjs.org/bytes 56ms (cache miss)
3013 silly packumentCache full:https://registry.npmjs.org/bytes set size:undefined disposed:false
3014 silly fetch manifest ee-first@1.1.1
3015 silly packumentCache full:https://registry.npmjs.org/ee-first cache-miss
3016 http fetch GET 200 https://registry.npmjs.org/unpipe 35ms (cache miss)
3017 silly packumentCache full:https://registry.npmjs.org/unpipe set size:undefined disposed:false
3018 silly fetch manifest forwarded@0.2.0
3019 silly packumentCache full:https://registry.npmjs.org/forwarded cache-miss
3020 http cache https://registry.npmjs.org/setprototypeof 18ms (cache hit)
3021 silly packumentCache full:https://registry.npmjs.org/setprototypeof set size:14532 disposed:false
3022 silly fetch manifest ipaddr.js@1.9.1
3023 silly packumentCache full:https://registry.npmjs.org/ipaddr.js cache-miss
3024 http cache https://registry.npmjs.org/statuses 13ms (cache hit)
3025 silly packumentCache full:https://registry.npmjs.org/statuses set size:37117 disposed:false
3026 silly packumentCache full:https://registry.npmjs.org/statuses dispose
3027 silly fetch manifest side-channel@^1.1.0
3028 silly packumentCache full:https://registry.npmjs.org/side-channel cache-miss
3029 http fetch GET 200 https://registry.npmjs.org/raw-body 69ms (cache miss)
3030 silly packumentCache full:https://registry.npmjs.org/raw-body set size:undefined disposed:false
3031 silly fetch manifest mime@1.6.0
3032 silly packumentCache full:https://registry.npmjs.org/mime cache-miss
3033 http fetch GET 200 https://registry.npmjs.org/inherits 36ms (cache miss)
3034 silly packumentCache full:https://registry.npmjs.org/inherits set size:undefined disposed:false
3035 silly fetch manifest destroy@1.2.0
3036 silly packumentCache full:https://registry.npmjs.org/destroy cache-miss
3037 http cache https://registry.npmjs.org/destroy 5ms (cache hit)
3038 silly packumentCache full:https://registry.npmjs.org/destroy set size:15738 disposed:false
3039 silly fetch manifest mime-types@~2.1.24
3040 silly packumentCache full:https://registry.npmjs.org/mime-types cache-hit
3041 silly fetch manifest media-typer@0.3.0
3042 silly packumentCache full:https://registry.npmjs.org/media-typer cache-miss
3043 http fetch GET 200 https://registry.npmjs.org/ipaddr.js 33ms (cache miss)
3044 silly packumentCache full:https://registry.npmjs.org/ipaddr.js set size:undefined disposed:false
3045 http fetch GET 200 https://registry.npmjs.org/side-channel 32ms (cache miss)
3046 silly packumentCache full:https://registry.npmjs.org/side-channel set size:undefined disposed:false
3047 http fetch GET 200 https://registry.npmjs.org/ee-first 41ms (cache miss)
3048 silly packumentCache full:https://registry.npmjs.org/ee-first set size:undefined disposed:false
3049 http fetch GET 200 https://registry.npmjs.org/toidentifier 43ms (cache miss)
3050 silly packumentCache full:https://registry.npmjs.org/toidentifier set size:undefined disposed:false
3051 http fetch GET 200 https://registry.npmjs.org/forwarded 41ms (cache miss)
3052 silly packumentCache full:https://registry.npmjs.org/forwarded set size:undefined disposed:false
3053 http fetch GET 200 https://registry.npmjs.org/media-typer 27ms (cache miss)
3054 silly packumentCache full:https://registry.npmjs.org/media-typer set size:undefined disposed:false
3055 http fetch GET 200 https://registry.npmjs.org/mime 55ms (cache miss)
3056 silly packumentCache full:https://registry.npmjs.org/mime set size:undefined disposed:false
3057 silly placeDep ROOT mime-types@2.1.35 OK for: accepts@1.3.8 want: ~2.1.34
3058 silly placeDep ROOT negotiator@0.6.3 OK for: accepts@1.3.8 want: 0.6.3
3059 silly fetch manifest mime-db@1.52.0
3060 silly packumentCache full:https://registry.npmjs.org/mime-db cache-miss
3061 http fetch GET 200 https://registry.npmjs.org/mime-db 30ms (cache miss)
3062 silly packumentCache full:https://registry.npmjs.org/mime-db set size:undefined disposed:false
3063 silly placeDep ROOT bytes@3.1.2 OK for: body-parser@1.20.4 want: ~3.1.2
3064 silly placeDep node_modules/body-parser debug@2.6.9 OK for: body-parser@1.20.4 want: 2.6.9
3065 silly placeDep ROOT destroy@1.2.0 OK for: body-parser@1.20.4 want: ~1.2.0
3066 silly placeDep ROOT iconv-lite@0.4.24 OK for: body-parser@1.20.4 want: ~0.4.24
3067 silly placeDep ROOT raw-body@2.5.3 OK for: body-parser@1.20.4 want: ~2.5.3
3068 silly placeDep ROOT unpipe@1.0.0 OK for: body-parser@1.20.4 want: ~1.0.0
3069 silly fetch manifest safer-buffer@>= 2.1.2 < 3
3070 silly packumentCache full:https://registry.npmjs.org/safer-buffer cache-miss
3071 http fetch GET 200 https://registry.npmjs.org/safer-buffer 29ms (cache miss)
3072 silly packumentCache full:https://registry.npmjs.org/safer-buffer set size:undefined disposed:false
3073 silly placeDep node_modules/express-session debug@2.6.9 OK for: express-session@1.19.0 want: ~2.6.9
3074 silly placeDep ROOT on-headers@1.1.0 OK for: express-session@1.19.0 want: ~1.1.0
3075 silly placeDep ROOT uid-safe@2.1.5 OK for: express-session@1.19.0 want: ~2.1.5
3076 silly fetch manifest random-bytes@~1.0.0
3077 silly packumentCache full:https://registry.npmjs.org/random-bytes cache-miss
3078 http fetch GET 200 https://registry.npmjs.org/random-bytes 98ms (cache miss)
3079 silly packumentCache full:https://registry.npmjs.org/random-bytes set size:undefined disposed:false
3080 silly placeDep node_modules/finalhandler debug@2.6.9 OK for: finalhandler@1.3.2 want: 2.6.9
3081 silly fetch manifest @react-native-async-storage/async-storage@^1.18.1
3082 silly packumentCache full:https://registry.npmjs.org/@react-native-async-storage%2fasync-storage cache-miss
3083 http fetch GET 200 https://registry.npmjs.org/@react-native-async-storage%2fasync-storage 50ms (cache miss)
3084 silly packumentCache full:https://registry.npmjs.org/@react-native-async-storage%2fasync-storage set size:undefined disposed:false
3085 silly fetch manifest react-native@^0.0.0-0 || >=0.60 <1.0
3086 silly packumentCache full:https://registry.npmjs.org/react-native cache-miss
3087 http cache https://registry.npmjs.org/react-native 54ms (cache hit)
3088 silly packumentCache full:https://registry.npmjs.org/react-native set size:14837175 disposed:false
3089 silly placeDep ROOT @firebase/ai@1.4.1 OK for: firebase@11.10.0 want: 1.4.1
3090 silly placeDep ROOT @firebase/app@0.13.2 OK for: @firebase/ai@1.4.1 want: 0.x
3091 silly placeDep ROOT @firebase/app-types@0.9.3 OK for: @firebase/ai@1.4.1 want: 0.x
3092 silly placeDep ROOT @firebase/analytics@0.10.17 OK for: firebase@11.10.0 want: 0.10.17
3093 silly placeDep ROOT @firebase/analytics-compat@0.2.23 OK for: firebase@11.10.0 want: 0.2.23
3094 silly placeDep ROOT @firebase/app-compat@0.4.2 OK for: @firebase/analytics-compat@0.2.23 want: 0.x
3095 silly placeDep ROOT @firebase/app-check@0.10.1 OK for: firebase@11.10.0 want: 0.10.1
3096 silly placeDep ROOT @firebase/app-check-compat@0.3.26 OK for: firebase@11.10.0 want: 0.3.26
3097 silly placeDep node_modules/firebase @firebase/auth@1.10.8 OK for: firebase@11.10.0 want: 1.10.8
3098 silly placeDep ROOT @firebase/auth-compat@0.5.28 OK for: firebase@11.10.0 want: 0.5.28
3099 silly placeDep ROOT @firebase/data-connect@0.3.10 OK for: firebase@11.10.0 want: 0.3.10
3100 silly placeDep ROOT @firebase/database@1.0.20 OK for: firebase@11.10.0 want: 1.0.20
3101 silly placeDep ROOT @firebase/database-compat@2.0.11 OK for: firebase@11.10.0 want: 2.0.11
3102 silly placeDep ROOT @firebase/firestore@4.8.0 OK for: firebase@11.10.0 want: 4.8.0
3103 silly placeDep ROOT @firebase/firestore-compat@0.3.53 OK for: firebase@11.10.0 want: 0.3.53
3104 silly placeDep ROOT @firebase/functions@0.12.9 OK for: firebase@11.10.0 want: 0.12.9
3105 silly placeDep ROOT @firebase/functions-compat@0.3.26 OK for: firebase@11.10.0 want: 0.3.26
3106 silly placeDep ROOT @firebase/installations@0.6.18 OK for: firebase@11.10.0 want: 0.6.18
3107 silly placeDep ROOT @firebase/installations-compat@0.2.18 OK for: firebase@11.10.0 want: 0.2.18
3108 silly placeDep ROOT @firebase/messaging@0.12.22 OK for: firebase@11.10.0 want: 0.12.22
3109 silly placeDep ROOT @firebase/messaging-compat@0.2.22 OK for: firebase@11.10.0 want: 0.2.22
3110 silly placeDep ROOT @firebase/performance@0.7.7 OK for: firebase@11.10.0 want: 0.7.7
3111 silly placeDep ROOT @firebase/performance-compat@0.2.20 OK for: firebase@11.10.0 want: 0.2.20
3112 silly placeDep ROOT @firebase/remote-config@0.6.5 OK for: firebase@11.10.0 want: 0.6.5
3113 silly placeDep ROOT @firebase/remote-config-compat@0.2.18 OK for: firebase@11.10.0 want: 0.2.18
3114 silly placeDep ROOT @firebase/storage@0.13.14 OK for: firebase@11.10.0 want: 0.13.14
3115 silly placeDep ROOT @firebase/storage-compat@0.3.24 OK for: firebase@11.10.0 want: 0.3.24
3116 silly placeDep ROOT @firebase/util@1.12.1 OK for: firebase@11.10.0 want: 1.12.1
3117 silly fetch manifest @firebase/logger@0.4.4
3118 silly packumentCache full:https://registry.npmjs.org/@firebase%2flogger cache-miss
3119 silly fetch manifest @firebase/component@0.6.18
3120 silly packumentCache full:https://registry.npmjs.org/@firebase%2fcomponent cache-miss
3121 silly fetch manifest @firebase/app-check-interop-types@0.3.3
3122 silly packumentCache full:https://registry.npmjs.org/@firebase%2fapp-check-interop-types cache-miss
3123 silly fetch manifest idb@7.1.1
3124 silly packumentCache full:https://registry.npmjs.org/idb cache-miss
3125 silly fetch manifest @firebase/logger@0.4.4
3126 silly packumentCache full:https://registry.npmjs.org/@firebase%2flogger cache-miss
3127 silly fetch manifest @firebase/component@0.6.18
3128 silly packumentCache full:https://registry.npmjs.org/@firebase%2fcomponent cache-miss
3129 silly fetch manifest @firebase/logger@0.4.4
3130 silly packumentCache full:https://registry.npmjs.org/@firebase%2flogger cache-miss
3131 http fetch GET 200 https://registry.npmjs.org/idb 31ms (cache miss)
3132 silly packumentCache full:https://registry.npmjs.org/idb set size:undefined disposed:false
3133 silly fetch manifest @firebase/component@0.6.18
3134 silly packumentCache full:https://registry.npmjs.org/@firebase%2fcomponent cache-miss
3135 http fetch GET 200 https://registry.npmjs.org/@firebase%2fcomponent 224ms (cache miss)
3136 silly packumentCache full:https://registry.npmjs.org/@firebase%2fcomponent set size:undefined disposed:false
3137 silly fetch manifest @firebase/analytics-types@0.8.3
3138 silly packumentCache full:https://registry.npmjs.org/@firebase%2fanalytics-types cache-miss
3139 http fetch GET 200 https://registry.npmjs.org/@firebase%2fcomponent 308ms (cache miss)
3140 silly packumentCache full:https://registry.npmjs.org/@firebase%2fcomponent set size:undefined disposed:false
3141 silly fetch manifest @firebase/logger@0.4.4
3142 silly packumentCache full:https://registry.npmjs.org/@firebase%2flogger cache-miss
3143 http fetch GET 200 https://registry.npmjs.org/@firebase%2fcomponent 505ms (cache miss)
3144 silly packumentCache full:https://registry.npmjs.org/@firebase%2fcomponent set size:undefined disposed:false
3145 silly fetch manifest @firebase/logger@0.4.4
3146 silly packumentCache full:https://registry.npmjs.org/@firebase%2flogger cache-miss
3147 http fetch GET 200 https://registry.npmjs.org/@firebase%2fapp-check-interop-types 629ms (cache miss)
3148 silly packumentCache full:https://registry.npmjs.org/@firebase%2fapp-check-interop-types set size:undefined disposed:false
3149 silly fetch manifest @firebase/logger@0.4.4
3150 silly packumentCache full:https://registry.npmjs.org/@firebase%2flogger cache-miss
3151 http fetch GET 200 https://registry.npmjs.org/@firebase%2fanalytics-types 651ms (cache miss)
3152 silly packumentCache full:https://registry.npmjs.org/@firebase%2fanalytics-types set size:undefined disposed:false
3153 silly fetch manifest @firebase/app-check-types@0.5.3
3154 silly packumentCache full:https://registry.npmjs.org/@firebase%2fapp-check-types cache-miss
3155 http fetch GET 200 https://registry.npmjs.org/@firebase%2flogger 1017ms (cache miss)
3156 silly packumentCache full:https://registry.npmjs.org/@firebase%2flogger set size:undefined disposed:false
3157 silly fetch manifest @firebase/auth-types@0.13.0
3158 silly packumentCache full:https://registry.npmjs.org/@firebase%2fauth-types cache-miss
3159 http fetch GET 200 https://registry.npmjs.org/@firebase%2flogger 1088ms (cache miss)
3160 silly packumentCache full:https://registry.npmjs.org/@firebase%2flogger set size:undefined disposed:false
3161 silly fetch manifest @firebase/auth-interop-types@0.2.4
3162 silly packumentCache full:https://registry.npmjs.org/@firebase%2fauth-interop-types cache-miss
3163 http fetch GET 200 https://registry.npmjs.org/@firebase%2flogger 1157ms (cache miss)
3164 silly packumentCache full:https://registry.npmjs.org/@firebase%2flogger set size:undefined disposed:false
3165 silly fetch manifest faye-websocket@0.11.4
3166 silly packumentCache full:https://registry.npmjs.org/faye-websocket cache-miss
3167 http fetch GET 200 https://registry.npmjs.org/faye-websocket 35ms (cache miss)
3168 silly packumentCache full:https://registry.npmjs.org/faye-websocket set size:undefined disposed:false
3169 silly fetch manifest @firebase/auth-interop-types@0.2.4
3170 silly packumentCache full:https://registry.npmjs.org/@firebase%2fauth-interop-types cache-miss
3171 http fetch GET 200 https://registry.npmjs.org/@firebase%2flogger 907ms (cache miss)
3172 silly packumentCache full:https://registry.npmjs.org/@firebase%2flogger set size:undefined disposed:false
3173 silly fetch manifest @firebase/database-types@1.0.15
3174 silly packumentCache full:https://registry.npmjs.org/@firebase%2fdatabase-types cache-miss
3175 http cache https://registry.npmjs.org/@firebase%2fdatabase-types 49ms (cache hit)
3176 silly packumentCache full:https://registry.npmjs.org/@firebase%2fdatabase-types set size:9087771 disposed:false
3177 silly fetch manifest @grpc/grpc-js@~1.9.0
3178 silly packumentCache full:https://registry.npmjs.org/@grpc%2fgrpc-js cache-miss
3179 http fetch GET 200 https://registry.npmjs.org/@firebase%2fapp-check-types 615ms (cache miss)
3180 silly packumentCache full:https://registry.npmjs.org/@firebase%2fapp-check-types set size:undefined disposed:false
3181 silly fetch manifest @grpc/proto-loader@^0.7.8
3182 silly packumentCache full:https://registry.npmjs.org/@grpc%2fproto-loader cache-miss
3183 http fetch GET 200 https://registry.npmjs.org/@grpc%2fgrpc-js 100ms (cache miss)
3184 silly packumentCache full:https://registry.npmjs.org/@grpc%2fgrpc-js set size:undefined disposed:false
3185 silly fetch manifest @firebase/webchannel-wrapper@1.0.3
3186 silly packumentCache full:https://registry.npmjs.org/@firebase%2fwebchannel-wrapper cache-miss
3187 http fetch GET 200 https://registry.npmjs.org/@firebase%2flogger 1041ms (cache miss)
3188 silly packumentCache full:https://registry.npmjs.org/@firebase%2flogger set size:undefined disposed:false
3189 silly fetch manifest @firebase/firestore-types@3.0.3
3190 silly packumentCache full:https://registry.npmjs.org/@firebase%2ffirestore-types cache-miss
3191 http fetch GET 200 https://registry.npmjs.org/@grpc%2fproto-loader 125ms (cache miss)
3192 silly packumentCache full:https://registry.npmjs.org/@grpc%2fproto-loader set size:undefined disposed:false
3193 silly fetch manifest @firebase/auth-interop-types@0.2.4
3194 silly packumentCache full:https://registry.npmjs.org/@firebase%2fauth-interop-types cache-miss
3195 http fetch GET 200 https://registry.npmjs.org/@firebase%2flogger 1093ms (cache miss)
3196 silly packumentCache full:https://registry.npmjs.org/@firebase%2flogger set size:undefined disposed:false
3197 silly fetch manifest @firebase/messaging-interop-types@0.2.3
3198 silly packumentCache full:https://registry.npmjs.org/@firebase%2fmessaging-interop-types cache-miss
3199 http fetch GET 200 https://registry.npmjs.org/@firebase%2fauth-interop-types 860ms (cache miss)
3200 silly packumentCache full:https://registry.npmjs.org/@firebase%2fauth-interop-types set size:undefined disposed:false
3201 silly fetch manifest @firebase/functions-types@0.6.3
3202 silly packumentCache full:https://registry.npmjs.org/@firebase%2ffunctions-types cache-miss
3203 http fetch GET 200 https://registry.npmjs.org/@firebase%2fauth-interop-types 843ms (cache miss)
3204 silly packumentCache full:https://registry.npmjs.org/@firebase%2fauth-interop-types set size:undefined disposed:false
3205 silly fetch manifest @firebase/installations-types@0.5.3
3206 silly packumentCache full:https://registry.npmjs.org/@firebase%2finstallations-types cache-miss
3207 http fetch GET 200 https://registry.npmjs.org/@firebase%2fauth-types 1113ms (cache miss)
3208 silly packumentCache full:https://registry.npmjs.org/@firebase%2fauth-types set size:undefined disposed:false
3209 silly fetch manifest @firebase/messaging-interop-types@0.2.3
3210 silly packumentCache full:https://registry.npmjs.org/@firebase%2fmessaging-interop-types cache-miss
3211 http fetch GET 200 https://registry.npmjs.org/@firebase%2fmessaging-interop-types 459ms (cache miss)
3212 silly packumentCache full:https://registry.npmjs.org/@firebase%2fmessaging-interop-types set size:undefined disposed:false
3213 silly fetch manifest web-vitals@^4.2.4
3214 silly packumentCache full:https://registry.npmjs.org/web-vitals cache-miss
3215 http fetch GET 200 https://registry.npmjs.org/@firebase%2fauth-interop-types 566ms (cache miss)
3216 silly packumentCache full:https://registry.npmjs.org/@firebase%2fauth-interop-types set size:undefined disposed:false
3217 silly fetch manifest @firebase/performance-types@0.2.3
3218 silly packumentCache full:https://registry.npmjs.org/@firebase%2fperformance-types cache-miss
3219 http fetch GET 200 https://registry.npmjs.org/web-vitals 127ms (cache miss)
3220 silly packumentCache full:https://registry.npmjs.org/web-vitals set size:undefined disposed:false
3221 silly fetch manifest @firebase/remote-config-types@0.4.0
3222 silly packumentCache full:https://registry.npmjs.org/@firebase%2fremote-config-types cache-miss
3223 http fetch GET 200 https://registry.npmjs.org/@firebase%2fmessaging-interop-types 291ms (cache miss)
3224 silly packumentCache full:https://registry.npmjs.org/@firebase%2fmessaging-interop-types set size:undefined disposed:false
3225 silly fetch manifest @firebase/storage-types@0.8.3
3226 silly packumentCache full:https://registry.npmjs.org/@firebase%2fstorage-types cache-miss
3227 http fetch GET 200 https://registry.npmjs.org/@firebase%2ffirestore-types 876ms (cache miss)
3228 silly packumentCache full:https://registry.npmjs.org/@firebase%2ffirestore-types set size:undefined disposed:false
3229 http fetch GET 200 https://registry.npmjs.org/@firebase%2fwebchannel-wrapper 1035ms (cache miss)
3230 silly packumentCache full:https://registry.npmjs.org/@firebase%2fwebchannel-wrapper set size:undefined disposed:false
3231 http fetch GET 200 https://registry.npmjs.org/@firebase%2finstallations-types 742ms (cache miss)
3232 silly packumentCache full:https://registry.npmjs.org/@firebase%2finstallations-types set size:undefined disposed:false
3233 http fetch GET 200 https://registry.npmjs.org/@firebase%2ffunctions-types 956ms (cache miss)
3234 silly packumentCache full:https://registry.npmjs.org/@firebase%2ffunctions-types set size:undefined disposed:false
3235 http fetch GET 200 https://registry.npmjs.org/@firebase%2fperformance-types 743ms (cache miss)
3236 silly packumentCache full:https://registry.npmjs.org/@firebase%2fperformance-types set size:undefined disposed:false
3237 http fetch GET 200 https://registry.npmjs.org/@firebase%2fremote-config-types 723ms (cache miss)
3238 silly packumentCache full:https://registry.npmjs.org/@firebase%2fremote-config-types set size:undefined disposed:false
3239 http fetch GET 200 https://registry.npmjs.org/@firebase%2fstorage-types 654ms (cache miss)
3240 silly packumentCache full:https://registry.npmjs.org/@firebase%2fstorage-types set size:undefined disposed:false
3241 silly placeDep ROOT @firebase/app-check-interop-types@0.3.3 OK for: @firebase/ai@1.4.1 want: 0.3.3
3242 silly placeDep ROOT @firebase/component@0.6.18 OK for: @firebase/ai@1.4.1 want: 0.6.18
3243 silly placeDep ROOT @firebase/logger@0.4.4 OK for: @firebase/ai@1.4.1 want: 0.4.4
3244 silly placeDep ROOT @firebase/analytics-types@0.8.3 OK for: @firebase/analytics-compat@0.2.23 want: 0.8.3
3245 silly placeDep ROOT idb@7.1.1 OK for: @firebase/app@0.13.2 want: 7.1.1
3246 silly placeDep ROOT @firebase/app-check-types@0.5.3 OK for: @firebase/app-check-compat@0.3.26 want: 0.5.3
3247 silly fetch manifest @firebase/app@0.x
3248 silly packumentCache full:https://registry.npmjs.org/@firebase%2fapp cache-miss
3249 http cache https://registry.npmjs.org/@firebase%2fapp 52ms (cache hit)
3250 silly packumentCache full:https://registry.npmjs.org/@firebase%2fapp set size:14942403 disposed:false
3251 silly fetch manifest @firebase/app-types@0.x
3252 silly packumentCache full:https://registry.npmjs.org/@firebase%2fapp-types cache-miss
3253 http cache https://registry.npmjs.org/@firebase%2fapp-types 36ms (cache hit)
3254 silly packumentCache full:https://registry.npmjs.org/@firebase%2fapp-types set size:8544431 disposed:false
3255 silly placeDep node_modules/@firebase/auth-compat @firebase/auth@1.10.8 OK for: @firebase/auth-compat@0.5.28 want: 1.10.8
3256 silly placeDep ROOT @firebase/auth-types@0.13.0 OK for: @firebase/auth-compat@0.5.28 want: 0.13.0
3257 silly placeDep ROOT @firebase/auth-interop-types@0.2.4 OK for: @firebase/data-connect@0.3.10 want: 0.2.4
3258 silly placeDep ROOT faye-websocket@0.11.4 OK for: @firebase/database@1.0.20 want: 0.11.4
3259 silly fetch manifest websocket-driver@>=0.5.1
3260 silly packumentCache full:https://registry.npmjs.org/websocket-driver cache-miss
3261 http fetch GET 200 https://registry.npmjs.org/websocket-driver 45ms (cache miss)
3262 silly packumentCache full:https://registry.npmjs.org/websocket-driver set size:undefined disposed:false
3263 silly placeDep ROOT @firebase/database-types@1.0.15 OK for: @firebase/database-compat@2.0.11 want: 1.0.15
3264 silly placeDep ROOT @firebase/webchannel-wrapper@1.0.3 OK for: @firebase/firestore@4.8.0 want: 1.0.3
3265 silly placeDep ROOT @grpc/grpc-js@1.9.15 OK for: @firebase/firestore@4.8.0 want: ~1.9.0
3266 silly placeDep ROOT @grpc/proto-loader@0.7.15 OK for: @firebase/firestore@4.8.0 want: ^0.7.8
3267 silly fetch manifest long@^5.0.0
3268 silly packumentCache full:https://registry.npmjs.org/long cache-miss
3269 silly fetch manifest yargs@^17.7.2
3270 silly packumentCache full:https://registry.npmjs.org/yargs cache-miss
3271 silly fetch manifest protobufjs@^7.2.5
3272 silly packumentCache full:https://registry.npmjs.org/protobufjs cache-miss
3273 silly fetch manifest lodash.camelcase@^4.3.0
3274 silly packumentCache full:https://registry.npmjs.org/lodash.camelcase cache-miss
3275 http cache https://registry.npmjs.org/yargs 7ms (cache hit)
3276 silly packumentCache full:https://registry.npmjs.org/yargs set size:743056 disposed:false
3277 http fetch GET 200 https://registry.npmjs.org/lodash.camelcase 29ms (cache miss)
3278 silly packumentCache full:https://registry.npmjs.org/lodash.camelcase set size:undefined disposed:false
3279 http fetch GET 200 https://registry.npmjs.org/long 35ms (cache miss)
3280 silly packumentCache full:https://registry.npmjs.org/long set size:undefined disposed:false
3281 http fetch GET 200 https://registry.npmjs.org/protobufjs 39ms (cache miss)
3282 silly packumentCache full:https://registry.npmjs.org/protobufjs set size:undefined disposed:false
3283 silly placeDep ROOT @firebase/firestore-types@3.0.3 OK for: @firebase/firestore-compat@0.3.53 want: 3.0.3
3284 silly placeDep ROOT @firebase/messaging-interop-types@0.2.3 OK for: @firebase/functions@0.12.9 want: 0.2.3
3285 silly placeDep ROOT @firebase/functions-types@0.6.3 OK for: @firebase/functions-compat@0.3.26 want: 0.6.3
3286 silly placeDep ROOT @firebase/installations-types@0.5.3 OK for: @firebase/installations-compat@0.2.18 want: 0.5.3
3287 silly placeDep ROOT web-vitals@4.2.4 OK for: @firebase/performance@0.7.7 want: ^4.2.4
3288 silly placeDep ROOT @firebase/performance-types@0.2.3 OK for: @firebase/performance-compat@0.2.20 want: 0.2.3
3289 silly placeDep ROOT @firebase/remote-config-types@0.4.0 OK for: @firebase/remote-config-compat@0.2.18 want: 0.4.0
3290 silly placeDep ROOT @firebase/storage-types@0.8.3 OK for: @firebase/storage-compat@0.3.24 want: 0.8.3
3291 silly placeDep ROOT lodash.camelcase@4.3.0 OK for: @grpc/proto-loader@0.7.15 want: ^4.3.0
3292 silly placeDep ROOT long@5.3.2 OK for: @grpc/proto-loader@0.7.15 want: ^5.0.0
3293 silly placeDep ROOT protobufjs@7.5.4 OK for: @grpc/proto-loader@0.7.15 want: ^7.2.5
3294 silly placeDep ROOT yargs@17.7.2 OK for: @grpc/proto-loader@0.7.15 want: ^17.7.2
3295 silly fetch manifest @protobufjs/path@^1.1.2
3296 silly packumentCache full:https://registry.npmjs.org/@protobufjs%2fpath cache-miss
3297 silly fetch manifest @protobufjs/pool@^1.1.0
3298 silly packumentCache full:https://registry.npmjs.org/@protobufjs%2fpool cache-miss
3299 silly fetch manifest @protobufjs/utf8@^1.1.0
3300 silly packumentCache full:https://registry.npmjs.org/@protobufjs%2futf8 cache-miss
3301 silly fetch manifest @protobufjs/fetch@^1.1.0
3302 silly packumentCache full:https://registry.npmjs.org/@protobufjs%2ffetch cache-miss
3303 silly fetch manifest @protobufjs/float@^1.0.2
3304 silly packumentCache full:https://registry.npmjs.org/@protobufjs%2ffloat cache-miss
3305 silly fetch manifest @protobufjs/base64@^1.1.2
3306 silly packumentCache full:https://registry.npmjs.org/@protobufjs%2fbase64 cache-miss
3307 silly fetch manifest @protobufjs/codegen@^2.0.4
3308 silly packumentCache full:https://registry.npmjs.org/@protobufjs%2fcodegen cache-miss
3309 http fetch GET 200 https://registry.npmjs.org/@protobufjs%2fpath 48ms (cache miss)
3310 silly packumentCache full:https://registry.npmjs.org/@protobufjs%2fpath set size:undefined disposed:false
3311 silly fetch manifest @protobufjs/inquire@^1.1.0
3312 silly packumentCache full:https://registry.npmjs.org/@protobufjs%2finquire cache-miss
3313 http fetch GET 200 https://registry.npmjs.org/@protobufjs%2fcodegen 49ms (cache miss)
3314 silly packumentCache full:https://registry.npmjs.org/@protobufjs%2fcodegen set size:undefined disposed:false
3315 silly fetch manifest @protobufjs/aspromise@^1.1.2
3316 silly packumentCache full:https://registry.npmjs.org/@protobufjs%2faspromise cache-miss
3317 http fetch GET 200 https://registry.npmjs.org/@protobufjs%2fbase64 53ms (cache miss)
3318 silly packumentCache full:https://registry.npmjs.org/@protobufjs%2fbase64 set size:undefined disposed:false
3319 silly fetch manifest @protobufjs/eventemitter@^1.1.0
3320 silly packumentCache full:https://registry.npmjs.org/@protobufjs%2feventemitter cache-miss
3321 http fetch GET 200 https://registry.npmjs.org/@protobufjs%2futf8 56ms (cache miss)
3322 silly packumentCache full:https://registry.npmjs.org/@protobufjs%2futf8 set size:undefined disposed:false
3323 silly fetch manifest y18n@^5.0.5
3324 silly packumentCache full:https://registry.npmjs.org/y18n cache-miss
3325 http fetch GET 200 https://registry.npmjs.org/@protobufjs%2fpool 58ms (cache miss)
3326 silly packumentCache full:https://registry.npmjs.org/@protobufjs%2fpool set size:undefined disposed:false
3327 silly fetch manifest cliui@^8.0.1
3328 silly packumentCache full:https://registry.npmjs.org/cliui cache-miss
3329 http fetch GET 200 https://registry.npmjs.org/y18n 28ms (cache miss)
3330 silly packumentCache full:https://registry.npmjs.org/y18n set size:undefined disposed:false
3331 silly fetch manifest escalade@^3.1.1
3332 silly packumentCache full:https://registry.npmjs.org/escalade cache-miss
3333 http fetch GET 200 https://registry.npmjs.org/@protobufjs%2ffetch 86ms (cache miss)
3334 silly packumentCache full:https://registry.npmjs.org/@protobufjs%2ffetch set size:undefined disposed:false
3335 silly fetch manifest string-width@^4.2.3
3336 silly packumentCache full:https://registry.npmjs.org/string-width cache-miss
3337 http fetch GET 200 https://registry.npmjs.org/cliui 31ms (cache miss)
3338 silly packumentCache full:https://registry.npmjs.org/cliui set size:undefined disposed:false
3339 silly fetch manifest yargs-parser@^21.1.1
3340 silly packumentCache full:https://registry.npmjs.org/yargs-parser cache-miss
3341 http cache https://registry.npmjs.org/escalade 9ms (cache hit)
3342 silly packumentCache full:https://registry.npmjs.org/escalade set size:33724 disposed:false
3343 silly fetch manifest get-caller-file@^2.0.5
3344 silly packumentCache full:https://registry.npmjs.org/get-caller-file cache-miss
3345 http fetch GET 200 https://registry.npmjs.org/@protobufjs%2faspromise 45ms (cache miss)
3346 silly packumentCache full:https://registry.npmjs.org/@protobufjs%2faspromise set size:undefined disposed:false
3347 silly fetch manifest require-directory@^2.1.1
3348 silly packumentCache full:https://registry.npmjs.org/require-directory cache-miss
3349 http fetch GET 200 https://registry.npmjs.org/@protobufjs%2finquire 51ms (cache miss)
3350 silly packumentCache full:https://registry.npmjs.org/@protobufjs%2finquire set size:undefined disposed:false
3351 http fetch GET 200 https://registry.npmjs.org/@protobufjs%2feventemitter 55ms (cache miss)
3352 silly packumentCache full:https://registry.npmjs.org/@protobufjs%2feventemitter set size:undefined disposed:false
3353 http fetch GET 200 https://registry.npmjs.org/yargs-parser 27ms (cache miss)
3354 silly packumentCache full:https://registry.npmjs.org/yargs-parser set size:undefined disposed:false
3355 http fetch GET 200 https://registry.npmjs.org/@protobufjs%2ffloat 123ms (cache miss)
3356 silly packumentCache full:https://registry.npmjs.org/@protobufjs%2ffloat set size:undefined disposed:false
3357 http fetch GET 200 https://registry.npmjs.org/get-caller-file 28ms (cache miss)
3358 silly packumentCache full:https://registry.npmjs.org/get-caller-file set size:undefined disposed:false
3359 http fetch GET 200 https://registry.npmjs.org/string-width 39ms (cache miss)
3360 silly packumentCache full:https://registry.npmjs.org/string-width set size:undefined disposed:false
3361 http fetch GET 200 https://registry.npmjs.org/require-directory 31ms (cache miss)
3362 silly packumentCache full:https://registry.npmjs.org/require-directory set size:undefined disposed:false
3363 silly placeDep ROOT websocket-driver@0.7.4 OK for: faye-websocket@0.11.4 want: >=0.5.1
3364 silly fetch manifest http-parser-js@>=0.5.1
3365 silly packumentCache full:https://registry.npmjs.org/http-parser-js cache-miss
3366 silly fetch manifest websocket-extensions@>=0.1.1
3367 silly packumentCache full:https://registry.npmjs.org/websocket-extensions cache-miss
3368 http fetch GET 200 https://registry.npmjs.org/websocket-extensions 30ms (cache miss)
3369 silly packumentCache full:https://registry.npmjs.org/websocket-extensions set size:undefined disposed:false
3370 http fetch GET 200 https://registry.npmjs.org/http-parser-js 31ms (cache miss)
3371 silly packumentCache full:https://registry.npmjs.org/http-parser-js set size:undefined disposed:false
3372 silly placeDep ROOT @fastify/busboy@3.2.0 OK for: firebase-admin@13.6.1 want: ^3.0.0
3373 silly placeDep ROOT @google-cloud/firestore@7.11.6 OK for: firebase-admin@13.6.1 want: ^7.11.0
3374 silly placeDep ROOT @google-cloud/storage@7.19.0 OK for: firebase-admin@13.6.1 want: ^7.14.0
3375 silly placeDep node_modules/firebase-admin @types/node@22.19.11 OK for: firebase-admin@13.6.1 want: ^22.8.7
3376 silly placeDep ROOT farmhash-modern@1.1.0 OK for: firebase-admin@13.6.1 want: ^1.1.0
3377 silly placeDep ROOT fast-deep-equal@3.1.3 OK for: firebase-admin@13.6.1 want: ^3.1.1
3378 silly placeDep ROOT google-auth-library@9.15.1 OK for: firebase-admin@13.6.1 want: ^9.14.2
3379 silly placeDep ROOT jsonwebtoken@9.0.3 OK for: firebase-admin@13.6.1 want: ^9.0.0
3380 silly placeDep ROOT jwks-rsa@3.2.2 OK for: firebase-admin@13.6.1 want: ^3.1.0
3381 silly placeDep ROOT node-forge@1.3.3 OK for: firebase-admin@13.6.1 want: ^1.3.1
3382 silly fetch manifest google-gax@^4.3.3
3383 silly packumentCache full:https://registry.npmjs.org/google-gax cache-miss
3384 silly fetch manifest @opentelemetry/api@^1.3.0
3385 silly packumentCache full:https://registry.npmjs.org/@opentelemetry%2fapi cache-miss
3386 silly fetch manifest functional-red-black-tree@^1.0.1
3387 silly packumentCache full:https://registry.npmjs.org/functional-red-black-tree cache-miss
3388 silly fetch manifest @google-cloud/paginator@^5.0.0
3389 silly packumentCache full:https://registry.npmjs.org/@google-cloud%2fpaginator cache-miss
3390 silly fetch manifest @google-cloud/projectify@^4.0.0
3391 silly packumentCache full:https://registry.npmjs.org/@google-cloud%2fprojectify cache-miss
3392 silly fetch manifest @google-cloud/promisify@<4.1.0
3393 silly packumentCache full:https://registry.npmjs.org/@google-cloud%2fpromisify cache-miss
3394 silly fetch manifest abort-controller@^3.0.0
3395 silly packumentCache full:https://registry.npmjs.org/abort-controller cache-miss
3396 http cache https://registry.npmjs.org/@opentelemetry%2fapi 12ms (cache hit)
3397 silly packumentCache full:https://registry.npmjs.org/@opentelemetry%2fapi set size:455567 disposed:false
3398 silly fetch manifest async-retry@^1.3.3
3399 silly packumentCache full:https://registry.npmjs.org/async-retry cache-miss
3400 http fetch GET 200 https://registry.npmjs.org/functional-red-black-tree 27ms (cache miss)
3401 silly packumentCache full:https://registry.npmjs.org/functional-red-black-tree set size:undefined disposed:false
3402 silly fetch manifest duplexify@^4.1.3
3403 silly packumentCache full:https://registry.npmjs.org/duplexify cache-miss
3404 http fetch GET 200 https://registry.npmjs.org/@google-cloud%2fpromisify 55ms (cache miss)
3405 silly packumentCache full:https://registry.npmjs.org/@google-cloud%2fpromisify set size:undefined disposed:false
3406 silly fetch manifest fast-xml-parser@^5.3.4
3407 silly packumentCache full:https://registry.npmjs.org/fast-xml-parser cache-miss
3408 http fetch GET 200 https://registry.npmjs.org/abort-controller 56ms (cache miss)
3409 silly packumentCache full:https://registry.npmjs.org/abort-controller set size:undefined disposed:false
3410 silly fetch manifest gaxios@^6.0.2
3411 silly packumentCache full:https://registry.npmjs.org/gaxios cache-miss
3412 http fetch GET 200 https://registry.npmjs.org/duplexify 37ms (cache miss)
3413 silly packumentCache full:https://registry.npmjs.org/duplexify set size:undefined disposed:false
3414 silly fetch manifest google-auth-library@^9.6.3
3415 silly packumentCache full:https://registry.npmjs.org/google-auth-library cache-miss
3416 http fetch GET 200 https://registry.npmjs.org/@google-cloud%2fpaginator 66ms (cache miss)
3417 silly packumentCache full:https://registry.npmjs.org/@google-cloud%2fpaginator set size:undefined disposed:false
3418 silly fetch manifest html-entities@^2.5.2
3419 silly packumentCache full:https://registry.npmjs.org/html-entities cache-miss
3420 http fetch GET 200 https://registry.npmjs.org/async-retry 56ms (cache miss)
3421 silly packumentCache full:https://registry.npmjs.org/async-retry set size:undefined disposed:false
3422 silly fetch manifest mime@^3.0.0
3423 silly packumentCache full:https://registry.npmjs.org/mime cache-miss
3424 http cache https://registry.npmjs.org/mime 5ms (cache hit)
3425 silly packumentCache full:https://registry.npmjs.org/mime set size:119236 disposed:false
3426 silly fetch manifest p-limit@^3.0.1
3427 silly packumentCache full:https://registry.npmjs.org/p-limit cache-miss
3428 http cache https://registry.npmjs.org/google-auth-library 14ms (cache hit)
3429 silly packumentCache full:https://registry.npmjs.org/google-auth-library set size:717468 disposed:false
3430 silly fetch manifest retry-request@^7.0.0
3431 silly packumentCache full:https://registry.npmjs.org/retry-request cache-miss
3432 http fetch GET 200 https://registry.npmjs.org/google-gax 95ms (cache miss)
3433 silly packumentCache full:https://registry.npmjs.org/google-gax set size:undefined disposed:false
3434 silly fetch manifest teeny-request@^9.0.0
3435 silly packumentCache full:https://registry.npmjs.org/teeny-request cache-miss
3436 http fetch GET 200 https://registry.npmjs.org/p-limit 48ms (cache miss)
3437 silly packumentCache full:https://registry.npmjs.org/p-limit set size:undefined disposed:false
3438 silly fetch manifest uuid@^8.0.0
3439 silly packumentCache full:https://registry.npmjs.org/uuid cache-hit
3440 silly fetch manifest undici-types@~6.21.0
3441 silly packumentCache full:https://registry.npmjs.org/undici-types cache-miss
3442 http fetch GET 200 https://registry.npmjs.org/@google-cloud%2fprojectify 129ms (cache miss)
3443 silly packumentCache full:https://registry.npmjs.org/@google-cloud%2fprojectify set size:undefined disposed:false
3444 silly fetch manifest jws@^4.0.0
3445 silly packumentCache full:https://registry.npmjs.org/jws cache-miss
3446 http fetch GET 200 https://registry.npmjs.org/html-entities 63ms (cache miss)
3447 silly packumentCache full:https://registry.npmjs.org/html-entities set size:undefined disposed:false
3448 silly fetch manifest gaxios@^6.1.1
3449 silly packumentCache full:https://registry.npmjs.org/gaxios cache-miss
3450 http fetch GET 200 https://registry.npmjs.org/gaxios 80ms (cache miss)
3451 silly packumentCache full:https://registry.npmjs.org/gaxios set size:undefined disposed:false
3452 silly fetch manifest gtoken@^7.0.0
3453 silly packumentCache full:https://registry.npmjs.org/gtoken cache-miss
3454 http fetch GET 200 https://registry.npmjs.org/fast-xml-parser 92ms (cache miss)
3455 silly packumentCache full:https://registry.npmjs.org/fast-xml-parser set size:undefined disposed:false
3456 silly fetch manifest base64-js@^1.3.0
3457 silly packumentCache full:https://registry.npmjs.org/base64-js cache-miss
3458 http cache https://registry.npmjs.org/undici-types 27ms (cache hit)
3459 silly packumentCache full:https://registry.npmjs.org/undici-types set size:171546 disposed:false
3460 silly fetch manifest gcp-metadata@^6.1.0
3461 silly packumentCache full:https://registry.npmjs.org/gcp-metadata cache-miss
3462 http fetch GET 200 https://registry.npmjs.org/retry-request 73ms (cache miss)
3463 silly packumentCache full:https://registry.npmjs.org/retry-request set size:undefined disposed:false
3464 silly fetch manifest ecdsa-sig-formatter@^1.0.11
3465 silly packumentCache full:https://registry.npmjs.org/ecdsa-sig-formatter cache-miss
3466 http fetch GET 200 https://registry.npmjs.org/teeny-request 53ms (cache miss)
3467 silly packumentCache full:https://registry.npmjs.org/teeny-request set size:undefined disposed:false
3468 silly fetch manifest jws@^4.0.1
3469 silly packumentCache full:https://registry.npmjs.org/jws cache-miss
3470 http fetch GET 200 https://registry.npmjs.org/jws 41ms (cache miss)
3471 silly packumentCache full:https://registry.npmjs.org/jws set size:undefined disposed:false
3472 silly fetch manifest semver@^7.5.4
3473 silly packumentCache full:https://registry.npmjs.org/semver cache-hit
3474 silly fetch manifest lodash.once@^4.0.0
3475 silly packumentCache full:https://registry.npmjs.org/lodash.once cache-miss
3476 http cache https://registry.npmjs.org/jws 10ms (cache hit)
3477 silly packumentCache full:https://registry.npmjs.org/jws set size:48919 disposed:false
3478 silly fetch manifest lodash.includes@^4.3.0
3479 silly packumentCache full:https://registry.npmjs.org/lodash.includes cache-miss
3480 http fetch GET 200 https://registry.npmjs.org/gtoken 42ms (cache miss)
3481 silly packumentCache full:https://registry.npmjs.org/gtoken set size:undefined disposed:false
3482 silly fetch manifest lodash.isnumber@^3.0.3
3483 silly packumentCache full:https://registry.npmjs.org/lodash.isnumber cache-miss
3484 http fetch GET 200 https://registry.npmjs.org/gaxios 55ms (cache miss)
3485 silly packumentCache full:https://registry.npmjs.org/gaxios set size:undefined disposed:false
3486 silly fetch manifest lodash.isstring@^4.0.1
3487 silly packumentCache full:https://registry.npmjs.org/lodash.isstring cache-miss
3488 http fetch GET 200 https://registry.npmjs.org/base64-js 44ms (cache miss)
3489 silly packumentCache full:https://registry.npmjs.org/base64-js set size:undefined disposed:false
3490 silly fetch manifest lodash.isboolean@^3.0.3
3491 silly packumentCache full:https://registry.npmjs.org/lodash.isboolean cache-miss
3492 http fetch GET 200 https://registry.npmjs.org/ecdsa-sig-formatter 37ms (cache miss)
3493 silly packumentCache full:https://registry.npmjs.org/ecdsa-sig-formatter set size:undefined disposed:false
3494 silly fetch manifest lodash.isinteger@^4.0.4
3495 silly packumentCache full:https://registry.npmjs.org/lodash.isinteger cache-miss
3496 http fetch GET 200 https://registry.npmjs.org/lodash.once 39ms (cache miss)
3497 silly packumentCache full:https://registry.npmjs.org/lodash.once set size:undefined disposed:false
3498 silly fetch manifest lodash.isplainobject@^4.0.6
3499 silly packumentCache full:https://registry.npmjs.org/lodash.isplainobject cache-miss
3500 http fetch GET 200 https://registry.npmjs.org/lodash.includes 31ms (cache miss)
3501 silly packumentCache full:https://registry.npmjs.org/lodash.includes set size:undefined disposed:false
3502 silly fetch manifest jose@^4.15.4
3503 silly packumentCache full:https://registry.npmjs.org/jose cache-miss
3504 http fetch GET 200 https://registry.npmjs.org/gcp-metadata 113ms (cache miss)
3505 silly packumentCache full:https://registry.npmjs.org/gcp-metadata set size:undefined disposed:false
3506 silly fetch manifest limiter@^1.1.5
3507 silly packumentCache full:https://registry.npmjs.org/limiter cache-miss
3508 http fetch GET 200 https://registry.npmjs.org/lodash.isnumber 95ms (cache miss)
3509 silly packumentCache full:https://registry.npmjs.org/lodash.isnumber set size:undefined disposed:false
3510 silly fetch manifest lru-memoizer@^2.2.0
3511 silly packumentCache full:https://registry.npmjs.org/lru-memoizer cache-miss
3512 http fetch GET 200 https://registry.npmjs.org/lodash.isstring 101ms (cache miss)
3513 silly packumentCache full:https://registry.npmjs.org/lodash.isstring set size:undefined disposed:false
3514 silly fetch manifest @types/jsonwebtoken@^9.0.4
3515 silly packumentCache full:https://registry.npmjs.org/@types%2fjsonwebtoken cache-miss
3516 http cache https://registry.npmjs.org/jose 86ms (cache hit)
3517 silly packumentCache full:https://registry.npmjs.org/jose set size:1390941 disposed:false
3518 http fetch GET 200 https://registry.npmjs.org/lodash.isboolean 137ms (cache miss)
3519 silly packumentCache full:https://registry.npmjs.org/lodash.isboolean set size:undefined disposed:false
3520 http fetch GET 200 https://registry.npmjs.org/lodash.isinteger 137ms (cache miss)
3521 silly packumentCache full:https://registry.npmjs.org/lodash.isinteger set size:undefined disposed:false
3522 http fetch GET 200 https://registry.npmjs.org/lodash.isplainobject 127ms (cache miss)
3523 silly packumentCache full:https://registry.npmjs.org/lodash.isplainobject set size:undefined disposed:false
3524 http fetch GET 200 https://registry.npmjs.org/limiter 64ms (cache miss)
3525 silly packumentCache full:https://registry.npmjs.org/limiter set size:undefined disposed:false
3526 http fetch GET 200 https://registry.npmjs.org/lru-memoizer 57ms (cache miss)
3527 silly packumentCache full:https://registry.npmjs.org/lru-memoizer set size:undefined disposed:false
3528 http fetch GET 200 https://registry.npmjs.org/@types%2fjsonwebtoken 78ms (cache miss)
3529 silly packumentCache full:https://registry.npmjs.org/@types%2fjsonwebtoken set size:undefined disposed:false
3530 silly placeDep ROOT @opentelemetry/api@1.9.0 OK for: @google-cloud/firestore@7.11.6 want: ^1.3.0
3531 silly placeDep ROOT functional-red-black-tree@1.0.1 OK for: @google-cloud/firestore@7.11.6 want: ^1.0.1
3532 silly placeDep ROOT google-gax@4.6.1 OK for: @google-cloud/firestore@7.11.6 want: ^4.3.3
3533 silly fetch manifest uuid@^9.0.1
3534 silly packumentCache full:https://registry.npmjs.org/uuid cache-hit
3535 silly fetch manifest duplexify@^4.0.0
3536 silly packumentCache full:https://registry.npmjs.org/duplexify cache-miss
3537 silly fetch manifest node-fetch@^2.7.0
3538 silly packumentCache full:https://registry.npmjs.org/node-fetch cache-miss
3539 silly fetch manifest @types/long@^4.0.0
3540 silly packumentCache full:https://registry.npmjs.org/@types%2flong cache-miss
3541 silly fetch manifest @grpc/grpc-js@^1.10.9
3542 silly packumentCache full:https://registry.npmjs.org/@grpc%2fgrpc-js cache-miss
3543 silly fetch manifest proto3-json-serializer@^2.0.2
3544 silly packumentCache full:https://registry.npmjs.org/proto3-json-serializer cache-miss
3545 http cache https://registry.npmjs.org/duplexify 7ms (cache hit)
3546 silly packumentCache full:https://registry.npmjs.org/duplexify set size:73064 disposed:false
3547 http cache https://registry.npmjs.org/@grpc%2fgrpc-js 9ms (cache hit)
3548 silly packumentCache full:https://registry.npmjs.org/@grpc%2fgrpc-js set size:658277 disposed:false
3549 http cache https://registry.npmjs.org/node-fetch 17ms (cache hit)
3550 silly packumentCache full:https://registry.npmjs.org/node-fetch set size:896010 disposed:false
3551 http fetch GET 200 https://registry.npmjs.org/@types%2flong 39ms (cache miss)
3552 silly packumentCache full:https://registry.npmjs.org/@types%2flong set size:undefined disposed:false
3553 http fetch GET 200 https://registry.npmjs.org/proto3-json-serializer 2212ms (cache miss)
3554 silly packumentCache full:https://registry.npmjs.org/proto3-json-serializer set size:undefined disposed:false
3555 silly placeDep ROOT @google-cloud/paginator@5.0.2 OK for: @google-cloud/storage@7.19.0 want: ^5.0.0
3556 silly placeDep ROOT @google-cloud/projectify@4.0.0 OK for: @google-cloud/storage@7.19.0 want: ^4.0.0
3557 silly placeDep ROOT @google-cloud/promisify@4.0.0 OK for: @google-cloud/storage@7.19.0 want: <4.1.0
3558 silly placeDep ROOT abort-controller@3.0.0 OK for: @google-cloud/storage@7.19.0 want: ^3.0.0
3559 silly placeDep ROOT async-retry@1.3.3 OK for: @google-cloud/storage@7.19.0 want: ^1.3.3
3560 silly placeDep ROOT duplexify@4.1.3 OK for: @google-cloud/storage@7.19.0 want: ^4.1.3
3561 silly placeDep ROOT fast-xml-parser@5.3.7 OK for: @google-cloud/storage@7.19.0 want: ^5.3.4
3562 silly placeDep ROOT gaxios@6.7.1 OK for: @google-cloud/storage@7.19.0 want: ^6.0.2
3563 silly placeDep ROOT html-entities@2.6.0 OK for: @google-cloud/storage@7.19.0 want: ^2.5.2
3564 silly placeDep ROOT mime@3.0.0 OK for: @google-cloud/storage@7.19.0 want: ^3.0.0
3565 silly placeDep ROOT p-limit@3.1.0 OK for: @google-cloud/storage@7.19.0 want: ^3.0.1
3566 silly placeDep ROOT retry-request@7.0.2 OK for: @google-cloud/storage@7.19.0 want: ^7.0.0
3567 silly placeDep ROOT teeny-request@9.0.0 OK for: @google-cloud/storage@7.19.0 want: ^9.0.0
3568 silly placeDep node_modules/@google-cloud/storage uuid@8.3.2 OK for: @google-cloud/storage@7.19.0 want: ^8.0.0
3569 silly fetch manifest arrify@^2.0.0
3570 silly packumentCache full:https://registry.npmjs.org/arrify cache-miss
3571 silly fetch manifest extend@^3.0.2
3572 silly packumentCache full:https://registry.npmjs.org/extend cache-miss
3573 silly fetch manifest event-target-shim@^5.0.0
3574 silly packumentCache full:https://registry.npmjs.org/event-target-shim cache-miss
3575 silly fetch manifest retry@0.13.1
3576 silly packumentCache full:https://registry.npmjs.org/retry cache-miss
3577 silly fetch manifest end-of-stream@^1.4.1
3578 silly packumentCache full:https://registry.npmjs.org/end-of-stream cache-miss
3579 silly fetch manifest inherits@^2.0.3
3580 silly packumentCache full:https://registry.npmjs.org/inherits cache-miss
3581 silly fetch manifest readable-stream@^3.1.1
3582 silly packumentCache full:https://registry.npmjs.org/readable-stream cache-miss
3583 http cache https://registry.npmjs.org/inherits 6ms (cache hit)
3584 silly packumentCache full:https://registry.npmjs.org/inherits set size:12925 disposed:false
3585 silly fetch manifest stream-shift@^1.0.2
3586 silly packumentCache full:https://registry.npmjs.org/stream-shift cache-miss
3587 http fetch GET 200 https://registry.npmjs.org/arrify 27ms (cache miss)
3588 silly packumentCache full:https://registry.npmjs.org/arrify set size:undefined disposed:false
3589 silly fetch manifest strnum@^2.1.2
3590 silly packumentCache full:https://registry.npmjs.org/strnum cache-miss
3591 http fetch GET 200 https://registry.npmjs.org/end-of-stream 37ms (cache miss)
3592 silly packumentCache full:https://registry.npmjs.org/end-of-stream set size:undefined disposed:false
3593 silly fetch manifest extend@^3.0.2
3594 silly packumentCache full:https://registry.npmjs.org/extend cache-miss
3595 http fetch GET 200 https://registry.npmjs.org/readable-stream 40ms (cache miss)
3596 silly packumentCache full:https://registry.npmjs.org/readable-stream set size:undefined disposed:false
3597 silly fetch manifest is-stream@^2.0.0
3598 silly packumentCache full:https://registry.npmjs.org/is-stream cache-miss
3599 http fetch GET 200 https://registry.npmjs.org/extend 45ms (cache miss)
3600 silly packumentCache full:https://registry.npmjs.org/extend set size:undefined disposed:false
3601 silly fetch manifest node-fetch@^2.6.9
3602 silly packumentCache full:https://registry.npmjs.org/node-fetch cache-hit
3603 silly fetch manifest yocto-queue@^0.1.0
3604 silly packumentCache full:https://registry.npmjs.org/yocto-queue cache-miss
3605 http fetch GET 200 https://registry.npmjs.org/retry 54ms (cache miss)
3606 silly packumentCache full:https://registry.npmjs.org/retry set size:undefined disposed:false
3607 silly fetch manifest @types/request@^2.48.8
3608 silly packumentCache full:https://registry.npmjs.org/@types%2frequest cache-miss
3609 http fetch GET 200 https://registry.npmjs.org/stream-shift 49ms (cache miss)
3610 silly packumentCache full:https://registry.npmjs.org/stream-shift set size:undefined disposed:false
3611 silly fetch manifest uuid@^9.0.0
3612 silly packumentCache full:https://registry.npmjs.org/uuid cache-hit
3613 silly fetch manifest stream-events@^1.0.5
3614 silly packumentCache full:https://registry.npmjs.org/stream-events cache-miss
3615 http fetch GET 200 https://registry.npmjs.org/event-target-shim 57ms (cache miss)
3616 silly packumentCache full:https://registry.npmjs.org/event-target-shim set size:undefined disposed:false
3617 silly fetch manifest http-proxy-agent@^5.0.0
3618 silly packumentCache full:https://registry.npmjs.org/http-proxy-agent cache-miss
3619 http fetch GET 200 https://registry.npmjs.org/strnum 33ms (cache miss)
3620 silly packumentCache full:https://registry.npmjs.org/strnum set size:undefined disposed:false
3621 silly fetch manifest https-proxy-agent@^5.0.0
3622 silly packumentCache full:https://registry.npmjs.org/https-proxy-agent cache-miss
3623 http cache https://registry.npmjs.org/http-proxy-agent 4ms (cache hit)
3624 silly packumentCache full:https://registry.npmjs.org/http-proxy-agent set size:50096 disposed:false
3625 http cache https://registry.npmjs.org/https-proxy-agent 3ms (cache hit)
3626 silly packumentCache full:https://registry.npmjs.org/https-proxy-agent set size:76241 disposed:false
3627 http fetch GET 200 https://registry.npmjs.org/is-stream 29ms (cache miss)
3628 silly packumentCache full:https://registry.npmjs.org/is-stream set size:undefined disposed:false
3629 http fetch GET 200 https://registry.npmjs.org/yocto-queue 35ms (cache miss)
3630 silly packumentCache full:https://registry.npmjs.org/yocto-queue set size:undefined disposed:false
3631 http fetch GET 200 https://registry.npmjs.org/extend 44ms (cache miss)
3632 silly packumentCache full:https://registry.npmjs.org/extend set size:undefined disposed:false
3633 http fetch GET 200 https://registry.npmjs.org/stream-events 40ms (cache miss)
3634 silly packumentCache full:https://registry.npmjs.org/stream-events set size:undefined disposed:false
3635 http fetch GET 200 https://registry.npmjs.org/@types%2frequest 42ms (cache miss)
3636 silly packumentCache full:https://registry.npmjs.org/@types%2frequest set size:undefined disposed:false
3637 silly placeDep ROOT arrify@2.0.1 OK for: @google-cloud/paginator@5.0.2 want: ^2.0.0
3638 silly placeDep ROOT extend@3.0.2 OK for: @google-cloud/paginator@5.0.2 want: ^3.0.2
3639 silly placeDep ROOT event-target-shim@5.0.1 OK for: abort-controller@3.0.0 want: ^5.0.0
3640 silly placeDep ROOT retry@0.13.1 OK for: async-retry@1.3.3 want: 0.13.1
3641 silly placeDep ROOT end-of-stream@1.4.5 OK for: duplexify@4.1.3 want: ^1.4.1
3642 silly placeDep ROOT inherits@2.0.4 OK for: duplexify@4.1.3 want: ^2.0.3
3643 silly placeDep ROOT readable-stream@3.6.2 OK for: duplexify@4.1.3 want: ^3.1.1
3644 silly placeDep ROOT stream-shift@1.0.3 OK for: duplexify@4.1.3 want: ^1.0.2
3645 silly fetch manifest once@^1.4.0
3646 silly packumentCache full:https://registry.npmjs.org/once cache-miss
3647 silly fetch manifest string_decoder@^1.1.1
3648 silly packumentCache full:https://registry.npmjs.org/string_decoder cache-miss
3649 silly fetch manifest util-deprecate@^1.0.1
3650 silly packumentCache full:https://registry.npmjs.org/util-deprecate cache-miss
3651 http cache https://registry.npmjs.org/util-deprecate 3ms (cache hit)
3652 silly packumentCache full:https://registry.npmjs.org/util-deprecate set size:6674 disposed:false
3653 http fetch GET 200 https://registry.npmjs.org/string_decoder 29ms (cache miss)
3654 silly packumentCache full:https://registry.npmjs.org/string_decoder set size:undefined disposed:false
3655 http fetch GET 200 https://registry.npmjs.org/once 34ms (cache miss)
3656 silly packumentCache full:https://registry.npmjs.org/once set size:undefined disposed:false
3657 silly placeDep ROOT once@1.4.0 OK for: end-of-stream@1.4.5 want: ^1.4.0
3658 silly fetch manifest wrappy@1
3659 silly packumentCache full:https://registry.npmjs.org/wrappy cache-miss
3660 http fetch GET 200 https://registry.npmjs.org/wrappy 32ms (cache miss)
3661 silly packumentCache full:https://registry.npmjs.org/wrappy set size:undefined disposed:false
3662 silly placeDep ROOT strnum@2.1.2 OK for: fast-xml-parser@5.3.7 want: ^2.1.2
3663 silly placeDep ROOT asynckit@0.4.0 OK for: form-data@4.0.5 want: ^0.4.0
3664 silly placeDep ROOT combined-stream@1.0.8 OK for: form-data@4.0.5 want: ^1.0.8
3665 silly placeDep ROOT es-set-tostringtag@2.1.0 OK for: form-data@4.0.5 want: ^2.1.0
3666 silly placeDep ROOT hasown@2.0.2 OK for: form-data@4.0.5 want: ^2.0.2
3667 silly fetch manifest delayed-stream@~1.0.0
3668 silly packumentCache full:https://registry.npmjs.org/delayed-stream cache-miss
3669 silly fetch manifest es-errors@^1.3.0
3670 silly packumentCache full:https://registry.npmjs.org/es-errors cache-miss
3671 silly fetch manifest get-intrinsic@^1.2.6
3672 silly packumentCache full:https://registry.npmjs.org/get-intrinsic cache-miss
3673 silly fetch manifest has-tostringtag@^1.0.2
3674 silly packumentCache full:https://registry.npmjs.org/has-tostringtag cache-miss
3675 silly fetch manifest function-bind@^1.1.2
3676 silly packumentCache full:https://registry.npmjs.org/function-bind cache-miss
3677 http fetch GET 200 https://registry.npmjs.org/function-bind 31ms (cache miss)
3678 silly packumentCache full:https://registry.npmjs.org/function-bind set size:undefined disposed:false
3679 http fetch GET 200 https://registry.npmjs.org/es-errors 38ms (cache miss)
3680 silly packumentCache full:https://registry.npmjs.org/es-errors set size:undefined disposed:false
3681 http fetch GET 200 https://registry.npmjs.org/delayed-stream 39ms (cache miss)
3682 silly packumentCache full:https://registry.npmjs.org/delayed-stream set size:undefined disposed:false
3683 http fetch GET 200 https://registry.npmjs.org/get-intrinsic 40ms (cache miss)
3684 silly packumentCache full:https://registry.npmjs.org/get-intrinsic set size:undefined disposed:false
3685 http fetch GET 200 https://registry.npmjs.org/has-tostringtag 42ms (cache miss)
3686 silly packumentCache full:https://registry.npmjs.org/has-tostringtag set size:undefined disposed:false
3687 silly placeDep ROOT delayed-stream@1.0.0 OK for: combined-stream@1.0.8 want: ~1.0.0
3688 silly placeDep ROOT es-errors@1.3.0 OK for: es-set-tostringtag@2.1.0 want: ^1.3.0
3689 silly placeDep ROOT get-intrinsic@1.3.0 OK for: es-set-tostringtag@2.1.0 want: ^1.2.6
3690 silly placeDep ROOT has-tostringtag@1.0.2 OK for: es-set-tostringtag@2.1.0 want: ^1.0.2
3691 silly fetch manifest gopd@^1.2.0
3692 silly packumentCache full:https://registry.npmjs.org/gopd cache-miss
3693 silly fetch manifest get-proto@^1.0.1
3694 silly packumentCache full:https://registry.npmjs.org/get-proto cache-miss
3695 silly fetch manifest has-symbols@^1.1.0
3696 silly packumentCache full:https://registry.npmjs.org/has-symbols cache-miss
3697 silly fetch manifest es-object-atoms@^1.1.1
3698 silly packumentCache full:https://registry.npmjs.org/es-object-atoms cache-miss
3699 silly fetch manifest math-intrinsics@^1.1.0
3700 silly packumentCache full:https://registry.npmjs.org/math-intrinsics cache-miss
3701 silly fetch manifest es-define-property@^1.0.1
3702 silly packumentCache full:https://registry.npmjs.org/es-define-property cache-miss
3703 silly fetch manifest call-bind-apply-helpers@^1.0.2
3704 silly packumentCache full:https://registry.npmjs.org/call-bind-apply-helpers cache-miss
3705 http fetch GET 200 https://registry.npmjs.org/es-object-atoms 31ms (cache miss)
3706 silly packumentCache full:https://registry.npmjs.org/es-object-atoms set size:undefined disposed:false
3707 silly fetch manifest has-symbols@^1.0.3
3708 silly packumentCache full:https://registry.npmjs.org/has-symbols cache-miss
3709 http fetch GET 200 https://registry.npmjs.org/get-proto 33ms (cache miss)
3710 silly packumentCache full:https://registry.npmjs.org/get-proto set size:undefined disposed:false
3711 http fetch GET 200 https://registry.npmjs.org/math-intrinsics 38ms (cache miss)
3712 silly packumentCache full:https://registry.npmjs.org/math-intrinsics set size:undefined disposed:false
3713 http fetch GET 200 https://registry.npmjs.org/gopd 43ms (cache miss)
3714 silly packumentCache full:https://registry.npmjs.org/gopd set size:undefined disposed:false
3715 http fetch GET 200 https://registry.npmjs.org/has-symbols 43ms (cache miss)
3716 silly packumentCache full:https://registry.npmjs.org/has-symbols set size:undefined disposed:false
3717 http fetch GET 200 https://registry.npmjs.org/call-bind-apply-helpers 43ms (cache miss)
3718 silly packumentCache full:https://registry.npmjs.org/call-bind-apply-helpers set size:undefined disposed:false
3719 http fetch GET 200 https://registry.npmjs.org/es-define-property 44ms (cache miss)
3720 silly packumentCache full:https://registry.npmjs.org/es-define-property set size:undefined disposed:false
3721 http fetch GET 200 https://registry.npmjs.org/has-symbols 36ms (cache miss)
3722 silly packumentCache full:https://registry.npmjs.org/has-symbols set size:undefined disposed:false
3723 silly placeDep ROOT motion-dom@11.18.1 OK for: framer-motion@11.18.2 want: ^11.18.1
3724 silly placeDep ROOT motion-utils@11.18.1 OK for: framer-motion@11.18.2 want: ^11.18.1
3725 silly fetch manifest encoding@^0.1.0
3726 silly packumentCache full:https://registry.npmjs.org/encoding cache-miss
3727 http fetch GET 200 https://registry.npmjs.org/encoding 29ms (cache miss)
3728 silly packumentCache full:https://registry.npmjs.org/encoding set size:undefined disposed:false
3729 silly placeDep ROOT is-stream@2.0.1 OK for: gaxios@6.7.1 want: ^2.0.0
3730 silly placeDep node_modules/gaxios node-fetch@2.7.0 OK for: gaxios@6.7.1 want: ^2.6.9
3731 silly placeDep node_modules/gaxios uuid@9.0.1 OK for: gaxios@6.7.1 want: ^9.0.1
3732 silly fetch manifest whatwg-url@^5.0.0
3733 silly packumentCache full:https://registry.npmjs.org/whatwg-url cache-miss
3734 http fetch GET 200 https://registry.npmjs.org/whatwg-url 30ms (cache miss)
3735 silly packumentCache full:https://registry.npmjs.org/whatwg-url set size:undefined disposed:false
3736 silly placeDep ROOT @petamoriken/float16@3.9.3 OK for: gel@2.2.0 want: ^3.8.7
3737 silly placeDep ROOT env-paths@3.0.0 OK for: gel@2.2.0 want: ^3.0.0
3738 silly placeDep node_modules/gel semver@7.7.4 OK for: gel@2.2.0 want: ^7.6.2
3739 silly placeDep ROOT shell-quote@1.8.3 OK for: gel@2.2.0 want: ^1.8.1
3740 silly placeDep ROOT which@4.0.0 OK for: gel@2.2.0 want: ^4.0.0
3741 silly fetch manifest isexe@^3.1.1
3742 silly packumentCache full:https://registry.npmjs.org/isexe cache-miss
3743 http fetch GET 200 https://registry.npmjs.org/isexe 32ms (cache miss)
3744 silly packumentCache full:https://registry.npmjs.org/isexe set size:undefined disposed:false
3745 silly placeDep ROOT call-bind-apply-helpers@1.0.2 OK for: get-intrinsic@1.3.0 want: ^1.0.2
3746 silly placeDep ROOT es-define-property@1.0.1 OK for: get-intrinsic@1.3.0 want: ^1.0.1
3747 silly placeDep ROOT es-object-atoms@1.1.1 OK for: get-intrinsic@1.3.0 want: ^1.1.1
3748 silly placeDep ROOT function-bind@1.1.2 OK for: get-intrinsic@1.3.0 want: ^1.1.2
3749 silly placeDep ROOT get-proto@1.0.1 OK for: get-intrinsic@1.3.0 want: ^1.0.1
3750 silly placeDep ROOT gopd@1.2.0 OK for: get-intrinsic@1.3.0 want: ^1.2.0
3751 silly placeDep ROOT has-symbols@1.1.0 OK for: get-intrinsic@1.3.0 want: ^1.1.0
3752 silly placeDep ROOT math-intrinsics@1.1.0 OK for: get-intrinsic@1.3.0 want: ^1.1.0
3753 silly fetch manifest dunder-proto@^1.0.1
3754 silly packumentCache full:https://registry.npmjs.org/dunder-proto cache-miss
3755 http fetch GET 200 https://registry.npmjs.org/dunder-proto 32ms (cache miss)
3756 silly packumentCache full:https://registry.npmjs.org/dunder-proto set size:undefined disposed:false
3757 silly placeDep ROOT dunder-proto@1.0.1 OK for: get-proto@1.0.1 want: ^1.0.1
3758 silly placeDep ROOT resolve-pkg-maps@1.0.0 OK for: get-tsconfig@4.13.6 want: ^1.0.0
3759 silly placeDep ROOT base64-js@1.5.1 OK for: google-auth-library@9.15.1 want: ^1.3.0
3760 silly placeDep ROOT ecdsa-sig-formatter@1.0.11 OK for: google-auth-library@9.15.1 want: ^1.0.11
3761 silly placeDep ROOT gcp-metadata@6.1.1 OK for: google-auth-library@9.15.1 want: ^6.1.0
3762 silly placeDep ROOT gtoken@7.1.0 OK for: google-auth-library@9.15.1 want: ^7.0.0
3763 silly placeDep ROOT jws@4.0.1 OK for: google-auth-library@9.15.1 want: ^4.0.0
3764 silly fetch manifest json-bigint@^1.0.0
3765 silly packumentCache full:https://registry.npmjs.org/json-bigint cache-miss
3766 silly fetch manifest google-logging-utils@^0.0.2
3767 silly packumentCache full:https://registry.npmjs.org/google-logging-utils cache-miss
3768 silly fetch manifest jwa@^2.0.1
3769 silly packumentCache full:https://registry.npmjs.org/jwa cache-miss
3770 http fetch GET 200 https://registry.npmjs.org/json-bigint 36ms (cache miss)
3771 silly packumentCache full:https://registry.npmjs.org/json-bigint set size:undefined disposed:false
3772 http fetch GET 200 https://registry.npmjs.org/jwa 38ms (cache miss)
3773 silly packumentCache full:https://registry.npmjs.org/jwa set size:undefined disposed:false
3774 http fetch GET 200 https://registry.npmjs.org/google-logging-utils 49ms (cache miss)
3775 silly packumentCache full:https://registry.npmjs.org/google-logging-utils set size:undefined disposed:false
3776 silly placeDep ROOT google-logging-utils@0.0.2 OK for: gcp-metadata@6.1.1 want: ^0.0.2
3777 silly placeDep ROOT json-bigint@1.0.0 OK for: gcp-metadata@6.1.1 want: ^1.0.0
3778 silly fetch manifest bignumber.js@^9.0.0
3779 silly packumentCache full:https://registry.npmjs.org/bignumber.js cache-miss
3780 http fetch GET 200 https://registry.npmjs.org/bignumber.js 36ms (cache miss)
3781 silly packumentCache full:https://registry.npmjs.org/bignumber.js set size:undefined disposed:false
3782 silly placeDep node_modules/google-gax @grpc/grpc-js@1.14.3 OK for: google-gax@4.6.1 want: ^1.10.9
3783 silly placeDep ROOT @types/long@4.0.2 OK for: google-gax@4.6.1 want: ^4.0.0
3784 silly placeDep node_modules/google-gax node-fetch@2.7.0 OK for: google-gax@4.6.1 want: ^2.7.0
3785 silly placeDep ROOT object-hash@3.0.0 OK for: google-gax@4.6.1 want: ^3.0.0
3786 silly placeDep ROOT proto3-json-serializer@2.0.2 OK for: google-gax@4.6.1 want: ^2.0.2
3787 silly placeDep node_modules/google-gax uuid@9.0.1 OK for: google-gax@4.6.1 want: ^9.0.1
3788 silly fetch manifest @grpc/proto-loader@^0.8.0
3789 silly packumentCache full:https://registry.npmjs.org/@grpc%2fproto-loader cache-miss
3790 silly fetch manifest @js-sdsl/ordered-map@^4.4.2
3791 silly packumentCache full:https://registry.npmjs.org/@js-sdsl%2fordered-map cache-miss
3792 http cache https://registry.npmjs.org/@grpc%2fproto-loader 6ms (cache hit)
3793 silly packumentCache full:https://registry.npmjs.org/@grpc%2fproto-loader set size:215394 disposed:false
3794 http fetch GET 200 https://registry.npmjs.org/@js-sdsl%2fordered-map 45ms (cache miss)
3795 silly packumentCache full:https://registry.npmjs.org/@js-sdsl%2fordered-map set size:undefined disposed:false
3796 silly placeDep ROOT toidentifier@1.0.1 OK for: http-errors@2.0.1 want: ~1.0.1
3797 silly placeDep ROOT agent-base@7.1.4 OK for: http-proxy-agent@7.0.2 want: ^7.1.0
3798 silly placeDep ROOT safer-buffer@2.1.2 OK for: iconv-lite@0.4.24 want: >= 2.1.2 < 3
3799 silly placeDep ROOT nanoid@3.3.11 OK for: ics@3.8.1 want: ^3.1.23
3800 silly placeDep ROOT runes2@1.1.4 OK for: ics@3.8.1 want: ^1.1.2
3801 silly placeDep ROOT yup@1.7.1 OK for: ics@3.8.1 want: ^1.2.0
3802 silly fetch manifest property-expr@^2.0.5
3803 silly packumentCache full:https://registry.npmjs.org/property-expr cache-miss
3804 silly fetch manifest tiny-case@^1.0.3
3805 silly packumentCache full:https://registry.npmjs.org/tiny-case cache-miss
3806 silly fetch manifest toposort@^2.0.2
3807 silly packumentCache full:https://registry.npmjs.org/toposort cache-miss
3808 silly fetch manifest type-fest@^2.19.0
3809 silly packumentCache full:https://registry.npmjs.org/type-fest cache-miss
3810 http fetch GET 200 https://registry.npmjs.org/property-expr 35ms (cache miss)
3811 silly packumentCache full:https://registry.npmjs.org/property-expr set size:undefined disposed:false
3812 http fetch GET 200 https://registry.npmjs.org/toposort 37ms (cache miss)
3813 silly packumentCache full:https://registry.npmjs.org/toposort set size:undefined disposed:false
3814 http fetch GET 200 https://registry.npmjs.org/tiny-case 38ms (cache miss)
3815 silly packumentCache full:https://registry.npmjs.org/tiny-case set size:undefined disposed:false
3816 http fetch GET 200 https://registry.npmjs.org/type-fest 45ms (cache miss)
3817 silly packumentCache full:https://registry.npmjs.org/type-fest set size:undefined disposed:false
3818 silly placeDep ROOT bignumber.js@9.3.1 OK for: json-bigint@1.0.0 want: ^9.0.0
3819 silly placeDep ROOT lodash.includes@4.3.0 OK for: jsonwebtoken@9.0.3 want: ^4.3.0
3820 silly placeDep ROOT lodash.isboolean@3.0.3 OK for: jsonwebtoken@9.0.3 want: ^3.0.3
3821 silly placeDep ROOT lodash.isinteger@4.0.4 OK for: jsonwebtoken@9.0.3 want: ^4.0.4
3822 silly placeDep ROOT lodash.isnumber@3.0.3 OK for: jsonwebtoken@9.0.3 want: ^3.0.3
3823 silly placeDep ROOT lodash.isplainobject@4.0.6 OK for: jsonwebtoken@9.0.3 want: ^4.0.6
3824 silly placeDep ROOT lodash.isstring@4.0.1 OK for: jsonwebtoken@9.0.3 want: ^4.0.1
3825 silly placeDep ROOT lodash.once@4.1.1 OK for: jsonwebtoken@9.0.3 want: ^4.0.0
3826 silly placeDep node_modules/jsonwebtoken semver@7.7.4 OK for: jsonwebtoken@9.0.3 want: ^7.5.4
3827 silly placeDep ROOT @types/jsonwebtoken@9.0.10 OK for: jwks-rsa@3.2.2 want: ^9.0.4
3828 silly placeDep ROOT jose@4.15.9 OK for: jwks-rsa@3.2.2 want: ^4.15.4
3829 silly placeDep ROOT limiter@1.1.5 OK for: jwks-rsa@3.2.2 want: ^1.1.5
3830 silly placeDep ROOT lru-memoizer@2.3.0 OK for: jwks-rsa@3.2.2 want: ^2.2.0
3831 silly fetch manifest @types/ms@*
3832 silly packumentCache full:https://registry.npmjs.org/@types%2fms cache-miss
3833 silly fetch manifest lru-cache@6.0.0
3834 silly packumentCache full:https://registry.npmjs.org/lru-cache cache-hit
3835 silly fetch manifest lodash.clonedeep@^4.5.0
3836 silly packumentCache full:https://registry.npmjs.org/lodash.clonedeep cache-miss
3837 http fetch GET 200 https://registry.npmjs.org/lodash.clonedeep 26ms (cache miss)
3838 silly packumentCache full:https://registry.npmjs.org/lodash.clonedeep set size:undefined disposed:false
3839 http fetch GET 200 https://registry.npmjs.org/@types%2fms 39ms (cache miss)
3840 silly packumentCache full:https://registry.npmjs.org/@types%2fms set size:undefined disposed:false
3841 silly placeDep ROOT @types/ms@2.1.0 OK for: @types/jsonwebtoken@9.0.10 want: *
3842 silly placeDep ROOT jwa@2.0.1 OK for: jws@4.0.1 want: ^2.0.1
3843 silly fetch manifest buffer-equal-constant-time@^1.0.1
3844 silly packumentCache full:https://registry.npmjs.org/buffer-equal-constant-time cache-miss
3845 http fetch GET 200 https://registry.npmjs.org/buffer-equal-constant-time 43ms (cache miss)
3846 silly packumentCache full:https://registry.npmjs.org/buffer-equal-constant-time set size:undefined disposed:false
3847 silly placeDep ROOT buffer-equal-constant-time@1.0.1 OK for: jwa@2.0.1 want: ^1.0.1
3848 silly placeDep ROOT detect-libc@2.1.2 OK for: lightningcss@1.31.1 want: ^2.0.3
3849 silly placeDep ROOT lightningcss-android-arm64@1.31.1 OK for: lightningcss@1.31.1 want: 1.31.1
3850 silly placeDep ROOT lightningcss-darwin-arm64@1.31.1 OK for: lightningcss@1.31.1 want: 1.31.1
3851 silly placeDep ROOT lightningcss-darwin-x64@1.31.1 OK for: lightningcss@1.31.1 want: 1.31.1
3852 silly placeDep ROOT lightningcss-freebsd-x64@1.31.1 OK for: lightningcss@1.31.1 want: 1.31.1
3853 silly placeDep ROOT lightningcss-linux-arm-gnueabihf@1.31.1 OK for: lightningcss@1.31.1 want: 1.31.1
3854 silly placeDep ROOT lightningcss-linux-arm64-gnu@1.31.1 OK for: lightningcss@1.31.1 want: 1.31.1
3855 silly placeDep ROOT lightningcss-linux-arm64-musl@1.31.1 OK for: lightningcss@1.31.1 want: 1.31.1
3856 silly placeDep ROOT lightningcss-linux-x64-gnu@1.31.1 OK for: lightningcss@1.31.1 want: 1.31.1
3857 silly placeDep ROOT lightningcss-linux-x64-musl@1.31.1 OK for: lightningcss@1.31.1 want: 1.31.1
3858 silly placeDep ROOT lightningcss-win32-arm64-msvc@1.31.1 OK for: lightningcss@1.31.1 want: 1.31.1
3859 silly placeDep ROOT lightningcss-win32-x64-msvc@1.31.1 OK for: lightningcss@1.31.1 want: 1.31.1
3860 silly placeDep ROOT yallist@3.1.1 OK for: lru-cache@5.1.1 want: ^3.0.2
3861 silly placeDep ROOT lodash.clonedeep@4.5.0 OK for: lru-memoizer@2.3.0 want: ^4.5.0
3862 silly placeDep node_modules/lru-memoizer lru-cache@6.0.0 OK for: lru-memoizer@2.3.0 want: 6.0.0
3863 silly fetch manifest yallist@^4.0.0
3864 silly packumentCache full:https://registry.npmjs.org/yallist cache-miss
3865 http cache https://registry.npmjs.org/yallist 6ms (cache hit)
3866 silly packumentCache full:https://registry.npmjs.org/yallist set size:34610 disposed:false
3867 silly placeDep ROOT d@1.0.2 OK for: memoizee@0.4.17 want: ^1.0.2
3868 silly placeDep ROOT es5-ext@0.10.64 OK for: memoizee@0.4.17 want: ^0.10.64
3869 silly placeDep ROOT es6-weak-map@2.0.3 OK for: memoizee@0.4.17 want: ^2.0.3
3870 silly placeDep ROOT event-emitter@0.3.5 OK for: memoizee@0.4.17 want: ^0.3.5
3871 silly placeDep ROOT is-promise@2.2.2 OK for: memoizee@0.4.17 want: ^2.2.2
3872 silly placeDep ROOT lru-queue@0.1.0 OK for: memoizee@0.4.17 want: ^0.1.0
3873 silly placeDep ROOT next-tick@1.1.0 OK for: memoizee@0.4.17 want: ^1.1.0
3874 silly placeDep ROOT timers-ext@0.1.8 OK for: memoizee@0.4.17 want: ^0.1.7
3875 silly fetch manifest type@^2.7.2
3876 silly packumentCache full:https://registry.npmjs.org/type cache-miss
3877 silly fetch manifest es6-iterator@^2.0.3
3878 silly packumentCache full:https://registry.npmjs.org/es6-iterator cache-miss
3879 silly fetch manifest es6-symbol@^3.1.3
3880 silly packumentCache full:https://registry.npmjs.org/es6-symbol cache-miss
3881 silly fetch manifest esniff@^2.0.1
3882 silly packumentCache full:https://registry.npmjs.org/esniff cache-miss
3883 silly fetch manifest es6-iterator@^2.0.3
3884 silly packumentCache full:https://registry.npmjs.org/es6-iterator cache-miss
3885 silly fetch manifest es6-symbol@^3.1.1
3886 silly packumentCache full:https://registry.npmjs.org/es6-symbol cache-miss
3887 http fetch GET 200 https://registry.npmjs.org/es6-symbol 28ms (cache miss)
3888 silly packumentCache full:https://registry.npmjs.org/es6-symbol set size:undefined disposed:false
3889 http fetch GET 200 https://registry.npmjs.org/es6-symbol 38ms (cache miss)
3890 silly packumentCache full:https://registry.npmjs.org/es6-symbol set size:undefined disposed:false
3891 http fetch GET 200 https://registry.npmjs.org/es6-iterator 41ms (cache miss)
3892 silly packumentCache full:https://registry.npmjs.org/es6-iterator set size:undefined disposed:false
3893 http fetch GET 200 https://registry.npmjs.org/es6-iterator 40ms (cache miss)
3894 silly packumentCache full:https://registry.npmjs.org/es6-iterator set size:undefined disposed:false
3895 http fetch GET 200 https://registry.npmjs.org/type 53ms (cache miss)
3896 silly packumentCache full:https://registry.npmjs.org/type set size:undefined disposed:false
3897 http fetch GET 200 https://registry.npmjs.org/esniff 104ms (cache miss)
3898 silly packumentCache full:https://registry.npmjs.org/esniff set size:undefined disposed:false
3899 silly placeDep ROOT type@2.7.3 OK for: d@1.0.2 want: ^2.7.2
3900 silly placeDep ROOT es6-iterator@2.0.3 OK for: es5-ext@0.10.64 want: ^2.0.3
3901 silly placeDep ROOT es6-symbol@3.1.4 OK for: es5-ext@0.10.64 want: ^3.1.3
3902 silly placeDep ROOT esniff@2.0.1 OK for: es5-ext@0.10.64 want: ^2.0.1
3903 silly fetch manifest ext@^1.7.0
3904 silly packumentCache full:https://registry.npmjs.org/ext cache-miss
3905 http fetch GET 200 https://registry.npmjs.org/ext 29ms (cache miss)
3906 silly packumentCache full:https://registry.npmjs.org/ext set size:undefined disposed:false
3907 silly placeDep ROOT ext@1.7.0 OK for: es6-symbol@3.1.4 want: ^1.7.0
3908 silly placeDep node_modules/memorystore lru-cache@4.1.5 OK for: memorystore@1.6.7 want: ^4.0.3
3909 silly fetch manifest yallist@^2.1.2
3910 silly packumentCache full:https://registry.npmjs.org/yallist cache-hit
3911 silly fetch manifest pseudomap@^1.0.2
3912 silly packumentCache full:https://registry.npmjs.org/pseudomap cache-miss
3913 http fetch GET 200 https://registry.npmjs.org/pseudomap 31ms (cache miss)
3914 silly packumentCache full:https://registry.npmjs.org/pseudomap set size:undefined disposed:false
3915 silly placeDep ROOT mime-db@1.52.0 OK for: mime-types@2.1.35 want: 1.52.0
3916 silly placeDep ROOT append-field@1.0.0 OK for: multer@2.0.2 want: ^1.0.0
3917 silly placeDep ROOT busboy@1.6.0 OK for: multer@2.0.2 want: ^1.6.0
3918 silly placeDep ROOT concat-stream@2.0.0 OK for: multer@2.0.2 want: ^2.0.0
3919 silly placeDep ROOT mkdirp@0.5.6 OK for: multer@2.0.2 want: ^0.5.6
3920 silly placeDep ROOT xtend@4.0.2 OK for: multer@2.0.2 want: ^4.0.2
3921 silly fetch manifest streamsearch@^1.1.0
3922 silly packumentCache full:https://registry.npmjs.org/streamsearch cache-miss
3923 silly fetch manifest typedarray@^0.0.6
3924 silly packumentCache full:https://registry.npmjs.org/typedarray cache-miss
3925 silly fetch manifest minimist@^1.2.6
3926 silly packumentCache full:https://registry.npmjs.org/minimist cache-miss
3927 http fetch GET 200 https://registry.npmjs.org/typedarray 32ms (cache miss)
3928 silly packumentCache full:https://registry.npmjs.org/typedarray set size:undefined disposed:false
3929 http fetch GET 200 https://registry.npmjs.org/minimist 33ms (cache miss)
3930 silly packumentCache full:https://registry.npmjs.org/minimist set size:undefined disposed:false
3931 http fetch GET 200 https://registry.npmjs.org/streamsearch 40ms (cache miss)
3932 silly packumentCache full:https://registry.npmjs.org/streamsearch set size:undefined disposed:false
3933 silly placeDep ROOT streamsearch@1.1.0 OK for: busboy@1.6.0 want: ^1.1.0
3934 silly placeDep ROOT buffer-from@1.1.2 OK for: concat-stream@2.0.0 want: ^1.0.0
3935 silly placeDep ROOT typedarray@0.0.6 OK for: concat-stream@2.0.0 want: ^0.0.6
3936 silly placeDep ROOT minimist@1.2.8 OK for: mkdirp@0.5.6 want: ^1.2.6
3937 silly placeDep ROOT data-uri-to-buffer@4.0.1 OK for: node-fetch@3.3.2 want: ^4.0.0
3938 silly placeDep ROOT fetch-blob@3.2.0 OK for: node-fetch@3.3.2 want: ^3.1.4
3939 silly placeDep ROOT formdata-polyfill@4.0.10 OK for: node-fetch@3.3.2 want: ^4.0.10
3940 silly fetch manifest node-domexception@^1.0.0
3941 silly packumentCache full:https://registry.npmjs.org/node-domexception cache-miss
3942 silly fetch manifest web-streams-polyfill@^3.0.3
3943 silly packumentCache full:https://registry.npmjs.org/web-streams-polyfill cache-miss
3944 http fetch GET 200 https://registry.npmjs.org/node-domexception 32ms (cache miss)
3945 silly packumentCache full:https://registry.npmjs.org/node-domexception set size:undefined disposed:false
3946 http fetch GET 200 https://registry.npmjs.org/web-streams-polyfill 39ms (cache miss)
3947 silly packumentCache full:https://registry.npmjs.org/web-streams-polyfill set size:undefined disposed:false
3948 silly placeDep ROOT node-domexception@1.0.0 OK for: fetch-blob@3.2.0 want: ^1.0.0
3949 silly placeDep ROOT web-streams-polyfill@3.3.3 OK for: fetch-blob@3.2.0 want: ^3.0.3
3950 silly placeDep ROOT nodemailer-shared@1.1.0 OK for: nodemailer-smtp-transport@2.7.4 want: 1.1.0
3951 silly placeDep ROOT nodemailer-wellknown@0.1.10 OK for: nodemailer-smtp-transport@2.7.4 want: 0.1.10
3952 silly placeDep ROOT smtp-connection@2.12.0 OK for: nodemailer-smtp-transport@2.7.4 want: 2.12.0
3953 silly fetch manifest nodemailer-fetch@1.6.0
3954 silly packumentCache full:https://registry.npmjs.org/nodemailer-fetch cache-miss
3955 silly fetch manifest httpntlm@1.6.1
3956 silly packumentCache full:https://registry.npmjs.org/httpntlm cache-miss
3957 http fetch GET 200 https://registry.npmjs.org/nodemailer-fetch 36ms (cache miss)
3958 silly packumentCache full:https://registry.npmjs.org/nodemailer-fetch set size:undefined disposed:false
3959 http fetch GET 200 https://registry.npmjs.org/httpntlm 40ms (cache miss)
3960 silly packumentCache full:https://registry.npmjs.org/httpntlm set size:undefined disposed:false
3961 silly placeDep ROOT nodemailer-fetch@1.6.0 OK for: nodemailer-shared@1.1.0 want: 1.6.0
3962 silly placeDep ROOT ee-first@1.1.1 OK for: on-finished@2.4.1 want: 1.1.1
3963 silly placeDep ROOT wrappy@1.0.2 OK for: once@1.4.0 want: 1
3964 silly placeDep node_modules/openid-client jose@6.1.3 OK for: openid-client@6.8.2 want: ^6.1.3
3965 silly placeDep ROOT oauth4webapi@3.8.5 OK for: openid-client@6.8.2 want: ^3.8.4
3966 silly placeDep ROOT yocto-queue@0.1.0 OK for: p-limit@3.1.0 want: ^0.1.0
3967 silly placeDep ROOT passport-strategy@1.0.0 OK for: passport@0.7.0 want: 1.x.x
3968 silly placeDep ROOT pause@0.0.1 OK for: passport@0.7.0 want: 0.0.1
3969 silly fetch manifest pg@>=8.0
3970 silly packumentCache full:https://registry.npmjs.org/pg cache-hit
3971 silly placeDep ROOT pg-cloudflare@1.3.0 OK for: pg@8.18.0 want: ^1.3.0
3972 silly placeDep ROOT pg-connection-string@2.11.0 OK for: pg@8.18.0 want: ^2.11.0
3973 silly placeDep ROOT pg-pool@3.11.0 OK for: pg@8.18.0 want: ^3.11.0
3974 silly placeDep node_modules/pg pg-types@2.2.0 OK for: pg@8.18.0 want: 2.2.0
3975 silly placeDep ROOT pgpass@1.0.5 OK for: pg@8.18.0 want: 1.0.5
3976 silly fetch manifest postgres-date@~1.0.4
3977 silly packumentCache full:https://registry.npmjs.org/postgres-date cache-miss
3978 silly fetch manifest postgres-array@~2.0.0
3979 silly packumentCache full:https://registry.npmjs.org/postgres-array cache-miss
3980 silly fetch manifest postgres-bytea@~1.0.0
3981 silly packumentCache full:https://registry.npmjs.org/postgres-bytea cache-miss
3982 silly fetch manifest postgres-interval@^1.1.0
3983 silly packumentCache full:https://registry.npmjs.org/postgres-interval cache-miss
3984 silly fetch manifest split2@^4.1.0
3985 silly packumentCache full:https://registry.npmjs.org/split2 cache-miss
3986 http cache https://registry.npmjs.org/postgres-date 7ms (cache hit)
3987 silly packumentCache full:https://registry.npmjs.org/postgres-date set size:27126 disposed:false
3988 http cache https://registry.npmjs.org/postgres-array 7ms (cache hit)
3989 silly packumentCache full:https://registry.npmjs.org/postgres-array set size:21967 disposed:false
3990 http cache https://registry.npmjs.org/postgres-bytea 7ms (cache hit)
3991 silly packumentCache full:https://registry.npmjs.org/postgres-bytea set size:8854 disposed:false
3992 http cache https://registry.npmjs.org/postgres-interval 8ms (cache hit)
3993 silly packumentCache full:https://registry.npmjs.org/postgres-interval set size:30514 disposed:false
3994 http fetch GET 200 https://registry.npmjs.org/split2 39ms (cache miss)
3995 silly packumentCache full:https://registry.npmjs.org/split2 set size:undefined disposed:false
3996 silly placeDep ROOT pg-int8@1.0.1 OK for: pg-types@4.1.0 want: 1.0.1
3997 silly placeDep ROOT pg-numeric@1.0.2 OK for: pg-types@4.1.0 want: 1.0.2
3998 silly placeDep ROOT postgres-array@3.0.4 OK for: pg-types@4.1.0 want: ~3.0.1
3999 silly placeDep ROOT postgres-bytea@3.0.0 OK for: pg-types@4.1.0 want: ~3.0.0
4000 silly placeDep ROOT postgres-date@2.1.0 OK for: pg-types@4.1.0 want: ~2.1.0
4001 silly placeDep ROOT postgres-interval@3.0.0 OK for: pg-types@4.1.0 want: ^3.0.0
4002 silly placeDep ROOT postgres-range@1.1.4 OK for: pg-types@4.1.0 want: ^1.1.1
4003 silly fetch manifest obuf@~1.1.2
4004 silly packumentCache full:https://registry.npmjs.org/obuf cache-miss
4005 http fetch GET 200 https://registry.npmjs.org/obuf 40ms (cache miss)
4006 silly packumentCache full:https://registry.npmjs.org/obuf set size:undefined disposed:false
4007 silly placeDep ROOT split2@4.2.0 OK for: pgpass@1.0.5 want: ^4.1.0
4008 silly placeDep ROOT cssesc@3.0.0 OK for: postcss-selector-parser@6.0.10 want: ^3.0.0
4009 silly placeDep ROOT util-deprecate@1.0.2 OK for: postcss-selector-parser@6.0.10 want: ^1.0.2
4010 silly placeDep ROOT obuf@1.1.2 OK for: postgres-bytea@3.0.0 want: ~1.1.2
4011 silly placeDep ROOT loose-envify@1.4.0 OK for: prop-types@15.8.1 want: ^1.4.0
4012 silly placeDep ROOT react-is@16.13.1 OK for: prop-types@15.8.1 want: ^16.13.1
4013 silly placeDep ROOT @protobufjs/aspromise@1.1.2 OK for: protobufjs@7.5.4 want: ^1.1.2
4014 silly placeDep ROOT @protobufjs/base64@1.1.2 OK for: protobufjs@7.5.4 want: ^1.1.2
4015 silly placeDep ROOT @protobufjs/codegen@2.0.4 OK for: protobufjs@7.5.4 want: ^2.0.4
4016 silly placeDep ROOT @protobufjs/eventemitter@1.1.0 OK for: protobufjs@7.5.4 want: ^1.1.0
4017 silly placeDep ROOT @protobufjs/fetch@1.1.0 OK for: protobufjs@7.5.4 want: ^1.1.0
4018 silly placeDep ROOT @protobufjs/float@1.0.2 OK for: protobufjs@7.5.4 want: ^1.0.2
4019 silly placeDep ROOT @protobufjs/inquire@1.1.0 OK for: protobufjs@7.5.4 want: ^1.1.0
4020 silly placeDep ROOT @protobufjs/path@1.1.2 OK for: protobufjs@7.5.4 want: ^1.1.2
4021 silly placeDep ROOT @protobufjs/pool@1.1.0 OK for: protobufjs@7.5.4 want: ^1.1.0
4022 silly placeDep ROOT @protobufjs/utf8@1.1.0 OK for: protobufjs@7.5.4 want: ^1.1.0
4023 silly placeDep ROOT forwarded@0.2.0 OK for: proxy-addr@2.0.7 want: 0.2.0
4024 silly placeDep ROOT ipaddr.js@1.9.1 OK for: proxy-addr@2.0.7 want: 1.9.1
4025 silly placeDep ROOT @types/offscreencanvas@2019.7.3 OK for: qr-scanner@1.4.2 want: ^2019.6.4
4026 silly placeDep ROOT dijkstrajs@1.0.3 OK for: qrcode@1.5.4 want: ^1.0.1
4027 silly placeDep ROOT pngjs@5.0.0 OK for: qrcode@1.5.4 want: ^5.0.0
4028 silly placeDep node_modules/qrcode yargs@15.4.1 OK for: qrcode@1.5.4 want: ^15.3.1
4029 silly fetch manifest y18n@^4.0.0
4030 silly packumentCache full:https://registry.npmjs.org/y18n cache-miss
4031 silly fetch manifest cliui@^6.0.0
4032 silly packumentCache full:https://registry.npmjs.org/cliui cache-miss
4033 silly fetch manifest find-up@^4.1.0
4034 silly packumentCache full:https://registry.npmjs.org/find-up cache-miss
4035 silly fetch manifest decamelize@^1.2.0
4036 silly packumentCache full:https://registry.npmjs.org/decamelize cache-miss
4037 silly fetch manifest set-blocking@^2.0.0
4038 silly packumentCache full:https://registry.npmjs.org/set-blocking cache-miss
4039 silly fetch manifest string-width@^4.2.0
4040 silly packumentCache full:https://registry.npmjs.org/string-width cache-miss
4041 silly fetch manifest which-module@^2.0.0
4042 silly packumentCache full:https://registry.npmjs.org/which-module cache-miss
4043 http cache https://registry.npmjs.org/y18n 9ms (cache hit)
4044 silly packumentCache full:https://registry.npmjs.org/y18n set size:76155 disposed:false
4045 silly fetch manifest yargs-parser@^18.1.2
4046 silly packumentCache full:https://registry.npmjs.org/yargs-parser cache-miss
4047 http cache https://registry.npmjs.org/cliui 10ms (cache hit)
4048 silly packumentCache full:https://registry.npmjs.org/cliui set size:69089 disposed:false
4049 silly fetch manifest get-caller-file@^2.0.1
4050 silly packumentCache full:https://registry.npmjs.org/get-caller-file cache-miss
4051 http cache https://registry.npmjs.org/string-width 11ms (cache hit)
4052 silly packumentCache full:https://registry.npmjs.org/string-width set size:68305 disposed:false
4053 silly fetch manifest require-main-filename@^2.0.0
4054 silly packumentCache full:https://registry.npmjs.org/require-main-filename cache-miss
4055 http cache https://registry.npmjs.org/get-caller-file 5ms (cache hit)
4056 silly packumentCache full:https://registry.npmjs.org/get-caller-file set size:26456 disposed:false
4057 http cache https://registry.npmjs.org/yargs-parser 8ms (cache hit)
4058 silly packumentCache full:https://registry.npmjs.org/yargs-parser set size:238630 disposed:false
4059 http fetch GET 200 https://registry.npmjs.org/decamelize 32ms (cache miss)
4060 silly packumentCache full:https://registry.npmjs.org/decamelize set size:undefined disposed:false
4061 http fetch GET 200 https://registry.npmjs.org/which-module 32ms (cache miss)
4062 silly packumentCache full:https://registry.npmjs.org/which-module set size:undefined disposed:false
4063 http fetch GET 200 https://registry.npmjs.org/set-blocking 35ms (cache miss)
4064 silly packumentCache full:https://registry.npmjs.org/set-blocking set size:undefined disposed:false
4065 http fetch GET 200 https://registry.npmjs.org/find-up 39ms (cache miss)
4066 silly packumentCache full:https://registry.npmjs.org/find-up set size:undefined disposed:false
4067 http fetch GET 200 https://registry.npmjs.org/require-main-filename 37ms (cache miss)
4068 silly packumentCache full:https://registry.npmjs.org/require-main-filename set size:undefined disposed:false
4069 silly placeDep ROOT side-channel@1.1.0 OK for: qs@6.14.2 want: ^1.1.0
4070 silly fetch manifest object-inspect@^1.13.3
4071 silly packumentCache full:https://registry.npmjs.org/object-inspect cache-miss
4072 silly fetch manifest side-channel-list@^1.0.0
4073 silly packumentCache full:https://registry.npmjs.org/side-channel-list cache-miss
4074 silly fetch manifest side-channel-map@^1.0.1
4075 silly packumentCache full:https://registry.npmjs.org/side-channel-map cache-miss
4076 silly fetch manifest side-channel-weakmap@^1.0.2
4077 silly packumentCache full:https://registry.npmjs.org/side-channel-weakmap cache-miss
4078 http fetch GET 200 https://registry.npmjs.org/side-channel-weakmap 30ms (cache miss)
4079 silly packumentCache full:https://registry.npmjs.org/side-channel-weakmap set size:undefined disposed:false
4080 http fetch GET 200 https://registry.npmjs.org/side-channel-map 30ms (cache miss)
4081 silly packumentCache full:https://registry.npmjs.org/side-channel-map set size:undefined disposed:false
4082 http fetch GET 200 https://registry.npmjs.org/object-inspect 32ms (cache miss)
4083 silly packumentCache full:https://registry.npmjs.org/object-inspect set size:undefined disposed:false
4084 http fetch GET 200 https://registry.npmjs.org/side-channel-list 36ms (cache miss)
4085 silly packumentCache full:https://registry.npmjs.org/side-channel-list set size:undefined disposed:false
4086 silly placeDep ROOT scheduler@0.23.2 OK for: react-dom@18.3.1 want: ^0.23.2
4087 silly fetch manifest react@>=16.3.0
4088 silly packumentCache full:https://registry.npmjs.org/react cache-miss
4089 http cache https://registry.npmjs.org/react 21ms (cache hit)
4090 silly packumentCache full:https://registry.npmjs.org/react set size:6504076 disposed:false
4091 silly fetch manifest react@^16.3.0 || ^17.0.0 || ^18.0.0
4092 silly packumentCache full:https://registry.npmjs.org/react cache-miss
4093 http cache https://registry.npmjs.org/react 20ms (cache hit)
4094 silly packumentCache full:https://registry.npmjs.org/react set size:6504076 disposed:false
4095 silly placeDep ROOT react-fast-compare@3.2.2 OK for: react-helmet@6.1.0 want: ^3.1.1
4096 silly placeDep ROOT react-side-effect@2.1.2 OK for: react-helmet@6.1.0 want: ^2.1.0
4097 silly placeDep ROOT @zxing/library@0.19.3 OK for: react-qr-scanner@1.0.0-alpha.11 want: ^0.19.1
4098 silly fetch manifest ts-custom-error@^3.2.1
4099 silly packumentCache full:https://registry.npmjs.org/ts-custom-error cache-miss
4100 silly fetch manifest @zxing/text-encoding@~0.9.0
4101 silly packumentCache full:https://registry.npmjs.org/@zxing%2ftext-encoding cache-miss
4102 http fetch GET 200 https://registry.npmjs.org/ts-custom-error 101ms (cache miss)
4103 silly packumentCache full:https://registry.npmjs.org/ts-custom-error set size:undefined disposed:false
4104 http fetch GET 200 https://registry.npmjs.org/@zxing%2ftext-encoding 114ms (cache miss)
4105 silly packumentCache full:https://registry.npmjs.org/@zxing%2ftext-encoding set size:undefined disposed:false
4106 silly placeDep ROOT @zxing/text-encoding@0.9.0 OK for: @zxing/library@0.19.3 want: ~0.9.0
4107 silly placeDep ROOT ts-custom-error@3.3.1 OK for: @zxing/library@0.19.3 want: ^3.2.1
4108 silly fetch manifest react@^16.8.0 || ^17.0.0 || ^18.0.0 || ^19.0.0 || ^19.0.0-rc
4109 silly packumentCache full:https://registry.npmjs.org/react cache-miss
4110 http cache https://registry.npmjs.org/react 17ms (cache hit)
4111 silly packumentCache full:https://registry.npmjs.org/react set size:6504076 disposed:false
4112 silly placeDep ROOT react-remove-scroll-bar@2.3.8 OK for: react-remove-scroll@2.7.2 want: ^2.3.7
4113 silly placeDep ROOT react-style-singleton@2.2.3 OK for: react-remove-scroll@2.7.2 want: ^2.2.3
4114 silly placeDep ROOT use-callback-ref@1.3.3 OK for: react-remove-scroll@2.7.2 want: ^1.3.3
4115 silly placeDep ROOT use-sidecar@1.1.3 OK for: react-remove-scroll@2.7.2 want: ^1.1.3
4116 silly fetch manifest react-style-singleton@^2.2.2
4117 silly packumentCache full:https://registry.npmjs.org/react-style-singleton cache-miss
4118 silly fetch manifest get-nonce@^1.0.0
4119 silly packumentCache full:https://registry.npmjs.org/get-nonce cache-miss
4120 silly fetch manifest detect-node-es@^1.1.0
4121 silly packumentCache full:https://registry.npmjs.org/detect-node-es cache-miss
4122 http cache https://registry.npmjs.org/react-style-singleton 17ms (cache hit)
4123 silly packumentCache full:https://registry.npmjs.org/react-style-singleton set size:33682 disposed:false
4124 http fetch GET 200 https://registry.npmjs.org/detect-node-es 37ms (cache miss)
4125 silly packumentCache full:https://registry.npmjs.org/detect-node-es set size:undefined disposed:false
4126 http fetch GET 200 https://registry.npmjs.org/get-nonce 46ms (cache miss)
4127 silly packumentCache full:https://registry.npmjs.org/get-nonce set size:undefined disposed:false
4128 silly placeDep ROOT get-nonce@1.0.1 OK for: react-style-singleton@2.2.3 want: ^1.0.0
4129 silly placeDep ROOT string_decoder@1.3.0 OK for: readable-stream@3.6.2 want: ^1.1.1
4130 silly fetch manifest react@^16.0.0 || ^17.0.0 || ^18.0.0 || ^19.0.0
4131 silly packumentCache full:https://registry.npmjs.org/react cache-miss
4132 http cache https://registry.npmjs.org/react 19ms (cache hit)
4133 silly packumentCache full:https://registry.npmjs.org/react set size:6504076 disposed:false
4134 silly fetch manifest react-dom@^16.0.0 || ^17.0.0 || ^18.0.0 || ^19.0.0
4135 silly packumentCache full:https://registry.npmjs.org/react-dom cache-miss
4136 http cache https://registry.npmjs.org/react-dom 24ms (cache hit)
4137 silly packumentCache full:https://registry.npmjs.org/react-dom set size:8617570 disposed:false
4138 silly placeDep ROOT eventemitter3@4.0.7 OK for: recharts@2.15.4 want: ^4.0.1
4139 silly placeDep ROOT lodash@4.17.23 OK for: recharts@2.15.4 want: ^4.17.21
4140 silly placeDep node_modules/recharts react-is@18.3.1 OK for: recharts@2.15.4 want: ^18.3.1
4141 silly placeDep ROOT react-smooth@4.0.4 OK for: recharts@2.15.4 want: ^4.0.4
4142 silly placeDep ROOT recharts-scale@0.4.5 OK for: recharts@2.15.4 want: ^0.4.4
4143 silly placeDep ROOT tiny-invariant@1.3.3 OK for: recharts@2.15.4 want: ^1.3.1
4144 silly placeDep ROOT victory-vendor@36.9.2 OK for: recharts@2.15.4 want: ^36.6.8
4145 silly fetch manifest fast-equals@^5.0.1
4146 silly packumentCache full:https://registry.npmjs.org/fast-equals cache-miss
4147 silly fetch manifest react-transition-group@^4.4.5
4148 silly packumentCache full:https://registry.npmjs.org/react-transition-group cache-miss
4149 silly fetch manifest decimal.js-light@^2.4.1
4150 silly packumentCache full:https://registry.npmjs.org/decimal.js-light cache-miss
4151 silly fetch manifest d3-ease@^3.0.1
4152 silly packumentCache full:https://registry.npmjs.org/d3-ease cache-miss
4153 silly fetch manifest d3-time@^3.0.0
4154 silly packumentCache full:https://registry.npmjs.org/d3-time cache-miss
4155 silly fetch manifest d3-array@^3.1.6
4156 silly packumentCache full:https://registry.npmjs.org/d3-array cache-miss
4157 silly fetch manifest d3-scale@^4.0.2
4158 silly packumentCache full:https://registry.npmjs.org/d3-scale cache-miss
4159 http fetch GET 200 https://registry.npmjs.org/d3-ease 32ms (cache miss)
4160 silly packumentCache full:https://registry.npmjs.org/d3-ease set size:undefined disposed:false
4161 silly fetch manifest d3-shape@^3.1.0
4162 silly packumentCache full:https://registry.npmjs.org/d3-shape cache-miss
4163 http fetch GET 200 https://registry.npmjs.org/react-transition-group 43ms (cache miss)
4164 silly packumentCache full:https://registry.npmjs.org/react-transition-group set size:undefined disposed:false
4165 silly fetch manifest d3-timer@^3.0.1
4166 silly packumentCache full:https://registry.npmjs.org/d3-timer cache-miss
4167 http fetch GET 200 https://registry.npmjs.org/decimal.js-light 45ms (cache miss)
4168 silly packumentCache full:https://registry.npmjs.org/decimal.js-light set size:undefined disposed:false
4169 silly fetch manifest @types/d3-ease@^3.0.0
4170 silly packumentCache full:https://registry.npmjs.org/@types%2fd3-ease cache-miss
4171 http fetch GET 200 https://registry.npmjs.org/d3-array 50ms (cache miss)
4172 silly packumentCache full:https://registry.npmjs.org/d3-array set size:undefined disposed:false
4173 silly fetch manifest @types/d3-time@^3.0.0
4174 silly packumentCache full:https://registry.npmjs.org/@types%2fd3-time cache-miss
4175 http fetch GET 200 https://registry.npmjs.org/d3-scale 54ms (cache miss)
4176 silly packumentCache full:https://registry.npmjs.org/d3-scale set size:undefined disposed:false
4177 silly fetch manifest d3-interpolate@^3.0.1
4178 silly packumentCache full:https://registry.npmjs.org/d3-interpolate cache-miss
4179 http fetch GET 200 https://registry.npmjs.org/d3-time 69ms (cache miss)
4180 silly packumentCache full:https://registry.npmjs.org/d3-time set size:undefined disposed:false
4181 silly fetch manifest @types/d3-array@^3.0.3
4182 silly packumentCache full:https://registry.npmjs.org/@types%2fd3-array cache-miss
4183 http fetch GET 200 https://registry.npmjs.org/d3-shape 37ms (cache miss)
4184 silly packumentCache full:https://registry.npmjs.org/d3-shape set size:undefined disposed:false
4185 silly fetch manifest @types/d3-scale@^4.0.2
4186 silly packumentCache full:https://registry.npmjs.org/@types%2fd3-scale cache-miss
4187 http fetch GET 200 https://registry.npmjs.org/@types%2fd3-ease 35ms (cache miss)
4188 silly packumentCache full:https://registry.npmjs.org/@types%2fd3-ease set size:undefined disposed:false
4189 silly fetch manifest @types/d3-shape@^3.1.0
4190 silly packumentCache full:https://registry.npmjs.org/@types%2fd3-shape cache-miss
4191 http fetch GET 200 https://registry.npmjs.org/d3-timer 38ms (cache miss)
4192 silly packumentCache full:https://registry.npmjs.org/d3-timer set size:undefined disposed:false
4193 silly fetch manifest @types/d3-timer@^3.0.0
4194 silly packumentCache full:https://registry.npmjs.org/@types%2fd3-timer cache-miss
4195 http fetch GET 200 https://registry.npmjs.org/@types%2fd3-time 43ms (cache miss)
4196 silly packumentCache full:https://registry.npmjs.org/@types%2fd3-time set size:undefined disposed:false
4197 silly fetch manifest @types/d3-interpolate@^3.0.1
4198 silly packumentCache full:https://registry.npmjs.org/@types%2fd3-interpolate cache-miss
4199 http fetch GET 200 https://registry.npmjs.org/d3-interpolate 46ms (cache miss)
4200 silly packumentCache full:https://registry.npmjs.org/d3-interpolate set size:undefined disposed:false
4201 http fetch GET 200 https://registry.npmjs.org/fast-equals 111ms (cache miss)
4202 silly packumentCache full:https://registry.npmjs.org/fast-equals set size:undefined disposed:false
4203 http fetch GET 200 https://registry.npmjs.org/@types%2fd3-array 47ms (cache miss)
4204 silly packumentCache full:https://registry.npmjs.org/@types%2fd3-array set size:undefined disposed:false
4205 http fetch GET 200 https://registry.npmjs.org/@types%2fd3-timer 43ms (cache miss)
4206 silly packumentCache full:https://registry.npmjs.org/@types%2fd3-timer set size:undefined disposed:false
4207 http fetch GET 200 https://registry.npmjs.org/@types%2fd3-shape 47ms (cache miss)
4208 silly packumentCache full:https://registry.npmjs.org/@types%2fd3-shape set size:undefined disposed:false
4209 http fetch GET 200 https://registry.npmjs.org/@types%2fd3-scale 57ms (cache miss)
4210 silly packumentCache full:https://registry.npmjs.org/@types%2fd3-scale set size:undefined disposed:false
4211 http fetch GET 200 https://registry.npmjs.org/@types%2fd3-interpolate 46ms (cache miss)
4212 silly packumentCache full:https://registry.npmjs.org/@types%2fd3-interpolate set size:undefined disposed:false
4213 silly fetch manifest react@^16.8.0 || ^17.0.0 || ^18.0.0 || ^19.0.0
4214 silly packumentCache full:https://registry.npmjs.org/react cache-miss
4215 http cache https://registry.npmjs.org/react 16ms (cache hit)
4216 silly packumentCache full:https://registry.npmjs.org/react set size:6504076 disposed:false
4217 silly fetch manifest react-dom@^16.8.0 || ^17.0.0 || ^18.0.0 || ^19.0.0
4218 silly packumentCache full:https://registry.npmjs.org/react-dom cache-miss
4219 http cache https://registry.npmjs.org/react-dom 24ms (cache hit)
4220 silly packumentCache full:https://registry.npmjs.org/react-dom set size:8617570 disposed:false
4221 silly placeDep ROOT fast-equals@5.4.0 OK for: react-smooth@4.0.4 want: ^5.0.1
4222 silly placeDep ROOT react-transition-group@4.4.5 OK for: react-smooth@4.0.4 want: ^4.4.5
4223 silly fetch manifest @babel/runtime@^7.5.5
4224 silly packumentCache full:https://registry.npmjs.org/@babel%2fruntime cache-miss
4225 silly fetch manifest dom-helpers@^5.0.1
4226 silly packumentCache full:https://registry.npmjs.org/dom-helpers cache-miss
4227 http fetch GET 200 https://registry.npmjs.org/dom-helpers 32ms (cache miss)
4228 silly packumentCache full:https://registry.npmjs.org/dom-helpers set size:undefined disposed:false
4229 http fetch GET 200 https://registry.npmjs.org/@babel%2fruntime 104ms (cache miss)
4230 silly packumentCache full:https://registry.npmjs.org/@babel%2fruntime set size:undefined disposed:false
4231 silly placeDep ROOT @babel/runtime@7.28.6 OK for: react-transition-group@4.4.5 want: ^7.5.5
4232 silly placeDep ROOT dom-helpers@5.2.1 OK for: react-transition-group@4.4.5 want: ^5.0.1
4233 silly placeDep ROOT decimal.js-light@2.5.1 OK for: recharts-scale@0.4.5 want: ^2.4.1
4234 silly placeDep ROOT @types/request@2.48.13 OK for: retry-request@7.0.2 want: ^2.48.8
4235 silly fetch manifest form-data@^2.5.5
4236 silly packumentCache full:https://registry.npmjs.org/form-data cache-hit
4237 silly fetch manifest @types/caseless@*
4238 silly packumentCache full:https://registry.npmjs.org/@types%2fcaseless cache-miss
4239 silly fetch manifest @types/tough-cookie@*
4240 silly packumentCache full:https://registry.npmjs.org/@types%2ftough-cookie cache-miss
4241 http fetch GET 200 https://registry.npmjs.org/@types%2ftough-cookie 41ms (cache miss)
4242 silly packumentCache full:https://registry.npmjs.org/@types%2ftough-cookie set size:undefined disposed:false
4243 http fetch GET 200 https://registry.npmjs.org/@types%2fcaseless 112ms (cache miss)
4244 silly packumentCache full:https://registry.npmjs.org/@types%2fcaseless set size:undefined disposed:false
4245 silly placeDep ROOT @types/caseless@0.12.5 OK for: @types/request@2.48.13 want: *
4246 silly placeDep ROOT @types/tough-cookie@4.0.5 OK for: @types/request@2.48.13 want: *
4247 silly placeDep node_modules/@types/request form-data@2.5.5 OK for: @types/request@2.48.13 want: ^2.5.5
4248 silly placeDep node_modules/send debug@2.6.9 OK for: send@0.19.2 want: 2.6.9
4249 silly placeDep node_modules/send mime@1.6.0 OK for: send@0.19.2 want: 1.6.0
4250 silly placeDep ROOT object-inspect@1.13.4 OK for: side-channel@1.1.0 want: ^1.13.3
4251 silly placeDep ROOT side-channel-list@1.0.0 OK for: side-channel@1.1.0 want: ^1.0.0
4252 silly placeDep ROOT side-channel-map@1.0.1 OK for: side-channel@1.1.0 want: ^1.0.1
4253 silly placeDep ROOT side-channel-weakmap@1.0.2 OK for: side-channel@1.1.0 want: ^1.0.2
4254 silly fetch manifest call-bound@^1.0.2
4255 silly packumentCache full:https://registry.npmjs.org/call-bound cache-miss
4256 silly fetch manifest call-bound@^1.0.2
4257 silly packumentCache full:https://registry.npmjs.org/call-bound cache-miss
4258 http fetch GET 200 https://registry.npmjs.org/call-bound 30ms (cache miss)
4259 silly packumentCache full:https://registry.npmjs.org/call-bound set size:undefined disposed:false
4260 http fetch GET 200 https://registry.npmjs.org/call-bound 36ms (cache miss)
4261 silly packumentCache full:https://registry.npmjs.org/call-bound set size:undefined disposed:false
4262 silly placeDep ROOT call-bound@1.0.4 OK for: side-channel-map@1.0.1 want: ^1.0.2
4263 silly placeDep ROOT httpntlm@1.6.1 OK for: smtp-connection@2.12.0 want: 1.6.1
4264 silly fetch manifest httpreq@>=0.4.22
4265 silly packumentCache full:https://registry.npmjs.org/httpreq cache-miss
4266 silly fetch manifest underscore@~1.7.0
4267 silly packumentCache full:https://registry.npmjs.org/underscore cache-miss
4268 http fetch GET 200 https://registry.npmjs.org/underscore 40ms (cache miss)
4269 silly packumentCache full:https://registry.npmjs.org/underscore set size:undefined disposed:false
4270 http fetch GET 200 https://registry.npmjs.org/httpreq 55ms (cache miss)
4271 silly packumentCache full:https://registry.npmjs.org/httpreq set size:undefined disposed:false
4272 silly placeDep ROOT httpreq@1.1.1 OK for: httpntlm@1.6.1 want: >=0.4.22
4273 silly placeDep ROOT underscore@1.7.0 OK for: httpntlm@1.6.1 want: ~1.7.0
4274 silly placeDep ROOT source-map@0.6.1 OK for: source-map-support@0.5.21 want: ^0.6.0
4275 silly fetch manifest tsx@^4.8.1
4276 silly packumentCache full:https://registry.npmjs.org/tsx cache-miss
4277 http cache https://registry.npmjs.org/tsx 4ms (cache hit)
4278 silly packumentCache full:https://registry.npmjs.org/tsx set size:289592 disposed:false
4279 silly fetch manifest yaml@^2.4.2
4280 silly packumentCache full:https://registry.npmjs.org/yaml cache-miss
4281 http fetch GET 200 https://registry.npmjs.org/yaml 32ms (cache miss)
4282 silly packumentCache full:https://registry.npmjs.org/yaml set size:undefined disposed:false
4283 silly placeDep ROOT @alloc/quick-lru@5.2.0 OK for: tailwindcss@3.4.19 want: ^5.2.0
4284 silly placeDep ROOT arg@5.0.2 OK for: tailwindcss@3.4.19 want: ^5.0.2
4285 silly placeDep ROOT chokidar@3.6.0 OK for: tailwindcss@3.4.19 want: ^3.6.0
4286 silly placeDep ROOT didyoumean@1.2.2 OK for: tailwindcss@3.4.19 want: ^1.2.2
4287 silly placeDep ROOT dlv@1.1.3 OK for: tailwindcss@3.4.19 want: ^1.1.3
4288 silly placeDep ROOT fast-glob@3.3.3 OK for: tailwindcss@3.4.19 want: ^3.3.2
4289 silly placeDep ROOT glob-parent@6.0.2 OK for: tailwindcss@3.4.19 want: ^6.0.2
4290 silly placeDep ROOT is-glob@4.0.3 OK for: tailwindcss@3.4.19 want: ^4.0.3
4291 silly placeDep node_modules/tailwindcss jiti@1.21.7 OK for: tailwindcss@3.4.19 want: ^1.21.7
4292 silly placeDep ROOT lilconfig@3.1.3 OK for: tailwindcss@3.4.19 want: ^3.1.3
4293 silly placeDep ROOT micromatch@4.0.8 OK for: tailwindcss@3.4.19 want: ^4.0.8
4294 silly placeDep ROOT normalize-path@3.0.0 OK for: tailwindcss@3.4.19 want: ^3.0.0
4295 silly placeDep ROOT postcss-import@15.1.0 OK for: tailwindcss@3.4.19 want: ^15.1.0
4296 silly placeDep ROOT postcss-js@4.1.0 OK for: tailwindcss@3.4.19 want: ^4.0.1
4297 silly placeDep ROOT postcss-load-config@6.0.1 OK for: tailwindcss@3.4.19 want: ^4.0.2 || ^5.0 || ^6.0
4298 silly placeDep ROOT postcss-nested@6.2.0 OK for: tailwindcss@3.4.19 want: ^6.2.0
4299 silly placeDep node_modules/tailwindcss postcss-selector-parser@6.1.2 OK for: tailwindcss@3.4.19 want: ^6.1.2
4300 silly placeDep ROOT resolve@1.22.11 OK for: tailwindcss@3.4.19 want: ^1.22.8
4301 silly placeDep ROOT sucrase@3.35.1 OK for: tailwindcss@3.4.19 want: ^3.35.0
4302 silly fetch manifest braces@~3.0.2
4303 silly packumentCache full:https://registry.npmjs.org/braces cache-miss
4304 silly fetch manifest is-glob@~4.0.1
4305 silly packumentCache full:https://registry.npmjs.org/is-glob cache-miss
4306 silly fetch manifest anymatch@~3.1.2
4307 silly packumentCache full:https://registry.npmjs.org/anymatch cache-miss
4308 silly fetch manifest readdirp@~3.6.0
4309 silly packumentCache full:https://registry.npmjs.org/readdirp cache-miss
4310 silly fetch manifest glob-parent@~5.1.2
4311 silly packumentCache full:https://registry.npmjs.org/glob-parent cache-miss
4312 silly fetch manifest is-binary-path@~2.1.0
4313 silly packumentCache full:https://registry.npmjs.org/is-binary-path cache-miss
4314 silly fetch manifest normalize-path@~3.0.0
4315 silly packumentCache full:https://registry.npmjs.org/normalize-path cache-miss
4316 http cache https://registry.npmjs.org/normalize-path 7ms (cache hit)
4317 silly packumentCache full:https://registry.npmjs.org/normalize-path set size:28713 disposed:false
4318 silly fetch manifest fsevents@~2.3.2
4319 silly packumentCache full:https://registry.npmjs.org/fsevents cache-miss
4320 http cache https://registry.npmjs.org/is-glob 10ms (cache hit)
4321 silly packumentCache full:https://registry.npmjs.org/is-glob set size:40530 disposed:false
4322 silly fetch manifest @nodelib/fs.stat@^2.0.2
4323 silly packumentCache full:https://registry.npmjs.org/@nodelib%2ffs.stat cache-miss
4324 http cache https://registry.npmjs.org/glob-parent 11ms (cache hit)
4325 silly packumentCache full:https://registry.npmjs.org/glob-parent set size:42445 disposed:false
4326 silly fetch manifest @nodelib/fs.walk@^1.2.3
4327 silly packumentCache full:https://registry.npmjs.org/@nodelib%2ffs.walk cache-miss
4328 http cache https://registry.npmjs.org/fsevents 11ms (cache hit)
4329 silly packumentCache full:https://registry.npmjs.org/fsevents set size:182472 disposed:false
4330 silly fetch manifest glob-parent@^5.1.2
4331 silly packumentCache full:https://registry.npmjs.org/glob-parent cache-hit
4332 silly fetch manifest merge2@^1.3.0
4333 silly packumentCache full:https://registry.npmjs.org/merge2 cache-miss
4334 http fetch GET 200 https://registry.npmjs.org/is-binary-path 35ms (cache miss)
4335 silly packumentCache full:https://registry.npmjs.org/is-binary-path set size:undefined disposed:false
4336 silly fetch manifest is-extglob@^2.1.1
4337 silly packumentCache full:https://registry.npmjs.org/is-extglob cache-miss
4338 http fetch GET 200 https://registry.npmjs.org/readdirp 38ms (cache miss)
4339 silly packumentCache full:https://registry.npmjs.org/readdirp set size:undefined disposed:false
4340 silly fetch manifest braces@^3.0.3
4341 silly packumentCache full:https://registry.npmjs.org/braces cache-miss
4342 http fetch GET 200 https://registry.npmjs.org/braces 40ms (cache miss)
4343 silly packumentCache full:https://registry.npmjs.org/braces set size:undefined disposed:false
4344 silly fetch manifest picomatch@^2.3.1
4345 silly packumentCache full:https://registry.npmjs.org/picomatch cache-miss
4346 http cache https://registry.npmjs.org/braces 9ms (cache hit)
4347 silly packumentCache full:https://registry.npmjs.org/braces set size:114529 disposed:false
4348 silly fetch manifest resolve@^1.1.7
4349 silly packumentCache full:https://registry.npmjs.org/resolve cache-miss
4350 http fetch GET 200 https://registry.npmjs.org/anymatch 51ms (cache miss)
4351 silly packumentCache full:https://registry.npmjs.org/anymatch set size:undefined disposed:false
4352 silly fetch manifest read-cache@^1.0.0
4353 silly packumentCache full:https://registry.npmjs.org/read-cache cache-miss
4354 http fetch GET 200 https://registry.npmjs.org/merge2 34ms (cache miss)
4355 silly packumentCache full:https://registry.npmjs.org/merge2 set size:undefined disposed:false
4356 silly fetch manifest camelcase-css@^2.0.1
4357 silly packumentCache full:https://registry.npmjs.org/camelcase-css cache-miss
4358 http cache https://registry.npmjs.org/resolve 12ms (cache hit)
4359 silly packumentCache full:https://registry.npmjs.org/resolve set size:238156 disposed:false
4360 silly fetch manifest postcss-selector-parser@^6.1.1
4361 silly packumentCache full:https://registry.npmjs.org/postcss-selector-parser cache-hit
4362 silly fetch manifest path-parse@^1.0.7
4363 silly packumentCache full:https://registry.npmjs.org/path-parse cache-miss
4364 http fetch GET 200 https://registry.npmjs.org/@nodelib%2ffs.stat 54ms (cache miss)
4365 silly packumentCache full:https://registry.npmjs.org/@nodelib%2ffs.stat set size:undefined disposed:false
4366 silly fetch manifest is-core-module@^2.16.1
4367 silly packumentCache full:https://registry.npmjs.org/is-core-module cache-miss
4368 http fetch GET 200 https://registry.npmjs.org/is-extglob 38ms (cache miss)
4369 silly packumentCache full:https://registry.npmjs.org/is-extglob set size:undefined disposed:false
4370 silly fetch manifest supports-preserve-symlinks-flag@^1.0.0
4371 silly packumentCache full:https://registry.npmjs.org/supports-preserve-symlinks-flag cache-miss
4372 http fetch GET 200 https://registry.npmjs.org/picomatch 35ms (cache miss)
4373 silly packumentCache full:https://registry.npmjs.org/picomatch set size:undefined disposed:false
4374 silly fetch manifest commander@^4.0.0
4375 silly packumentCache full:https://registry.npmjs.org/commander cache-miss
4376 http fetch GET 200 https://registry.npmjs.org/@nodelib%2ffs.walk 66ms (cache miss)
4377 silly packumentCache full:https://registry.npmjs.org/@nodelib%2ffs.walk set size:undefined disposed:false
4378 silly fetch manifest lines-and-columns@^1.1.6
4379 silly packumentCache full:https://registry.npmjs.org/lines-and-columns cache-miss
4380 http fetch GET 200 https://registry.npmjs.org/read-cache 36ms (cache miss)
4381 silly packumentCache full:https://registry.npmjs.org/read-cache set size:undefined disposed:false
4382 silly fetch manifest mz@^2.7.0
4383 silly packumentCache full:https://registry.npmjs.org/mz cache-miss
4384 http fetch GET 200 https://registry.npmjs.org/path-parse 29ms (cache miss)
4385 silly packumentCache full:https://registry.npmjs.org/path-parse set size:undefined disposed:false
4386 silly fetch manifest pirates@^4.0.1
4387 silly packumentCache full:https://registry.npmjs.org/pirates cache-miss
4388 http fetch GET 200 https://registry.npmjs.org/camelcase-css 38ms (cache miss)
4389 silly packumentCache full:https://registry.npmjs.org/camelcase-css set size:undefined disposed:false
4390 silly fetch manifest tinyglobby@^0.2.11
4391 silly packumentCache full:https://registry.npmjs.org/tinyglobby cache-miss
4392 http fetch GET 200 https://registry.npmjs.org/is-core-module 34ms (cache miss)
4393 silly packumentCache full:https://registry.npmjs.org/is-core-module set size:undefined disposed:false
4394 silly fetch manifest ts-interface-checker@^0.1.9
4395 silly packumentCache full:https://registry.npmjs.org/ts-interface-checker cache-miss
4396 http fetch GET 200 https://registry.npmjs.org/supports-preserve-symlinks-flag 40ms (cache miss)
4397 silly packumentCache full:https://registry.npmjs.org/supports-preserve-symlinks-flag set size:undefined disposed:false
4398 http fetch GET 200 https://registry.npmjs.org/lines-and-columns 40ms (cache miss)
4399 silly packumentCache full:https://registry.npmjs.org/lines-and-columns set size:undefined disposed:false
4400 http fetch GET 200 https://registry.npmjs.org/pirates 33ms (cache miss)
4401 silly packumentCache full:https://registry.npmjs.org/pirates set size:undefined disposed:false
4402 http fetch GET 200 https://registry.npmjs.org/mz 42ms (cache miss)
4403 silly packumentCache full:https://registry.npmjs.org/mz set size:undefined disposed:false
4404 http fetch GET 200 https://registry.npmjs.org/ts-interface-checker 30ms (cache miss)
4405 silly packumentCache full:https://registry.npmjs.org/ts-interface-checker set size:undefined disposed:false
4406 http fetch GET 200 https://registry.npmjs.org/tinyglobby 35ms (cache miss)
4407 silly packumentCache full:https://registry.npmjs.org/tinyglobby set size:undefined disposed:false
4408 http fetch GET 200 https://registry.npmjs.org/commander 354ms (cache miss)
4409 silly packumentCache full:https://registry.npmjs.org/commander set size:undefined disposed:false
4410 silly placeDep ROOT anymatch@3.1.3 OK for: chokidar@3.6.0 want: ~3.1.2
4411 silly placeDep ROOT braces@3.0.3 OK for: chokidar@3.6.0 want: ~3.0.2
4412 silly placeDep ROOT fsevents@2.3.3 OK for: chokidar@3.6.0 want: ~2.3.2
4413 silly placeDep node_modules/chokidar glob-parent@5.1.2 OK for: chokidar@3.6.0 want: ~5.1.2
4414 silly placeDep ROOT is-binary-path@2.1.0 OK for: chokidar@3.6.0 want: ~2.1.0
4415 silly placeDep ROOT readdirp@3.6.0 OK for: chokidar@3.6.0 want: ~3.6.0
4416 silly fetch manifest picomatch@^2.0.4
4417 silly packumentCache full:https://registry.npmjs.org/picomatch cache-miss
4418 silly fetch manifest fill-range@^7.1.1
4419 silly packumentCache full:https://registry.npmjs.org/fill-range cache-miss
4420 silly fetch manifest binary-extensions@^2.0.0
4421 silly packumentCache full:https://registry.npmjs.org/binary-extensions cache-miss
4422 silly fetch manifest picomatch@^2.2.1
4423 silly packumentCache full:https://registry.npmjs.org/picomatch cache-miss
4424 http cache https://registry.npmjs.org/picomatch 8ms (cache hit)
4425 silly packumentCache full:https://registry.npmjs.org/picomatch set size:118818 disposed:false
4426 http cache https://registry.npmjs.org/picomatch 10ms (cache hit)
4427 silly packumentCache full:https://registry.npmjs.org/picomatch set size:118818 disposed:false
4428 silly packumentCache full:https://registry.npmjs.org/picomatch dispose
4429 http fetch GET 200 https://registry.npmjs.org/fill-range 35ms (cache miss)
4430 silly packumentCache full:https://registry.npmjs.org/fill-range set size:undefined disposed:false
4431 http fetch GET 200 https://registry.npmjs.org/binary-extensions 39ms (cache miss)
4432 silly packumentCache full:https://registry.npmjs.org/binary-extensions set size:undefined disposed:false
4433 silly placeDep ROOT picomatch@2.3.1 OK for: anymatch@3.1.3 want: ^2.0.4
4434 silly placeDep ROOT fill-range@7.1.1 OK for: braces@3.0.3 want: ^7.1.1
4435 silly fetch manifest to-regex-range@^5.0.1
4436 silly packumentCache full:https://registry.npmjs.org/to-regex-range cache-miss
4437 http fetch GET 200 https://registry.npmjs.org/to-regex-range 24ms (cache miss)
4438 silly packumentCache full:https://registry.npmjs.org/to-regex-range set size:undefined disposed:false
4439 silly placeDep ROOT @nodelib/fs.stat@2.0.5 OK for: fast-glob@3.3.3 want: ^2.0.2
4440 silly placeDep ROOT @nodelib/fs.walk@1.2.8 OK for: fast-glob@3.3.3 want: ^1.2.3
4441 silly placeDep node_modules/fast-glob glob-parent@5.1.2 OK for: fast-glob@3.3.3 want: ^5.1.2
4442 silly placeDep ROOT merge2@1.4.1 OK for: fast-glob@3.3.3 want: ^1.3.0
4443 silly fetch manifest fastq@^1.6.0
4444 silly packumentCache full:https://registry.npmjs.org/fastq cache-miss
4445 silly fetch manifest @nodelib/fs.scandir@2.1.5
4446 silly packumentCache full:https://registry.npmjs.org/@nodelib%2ffs.scandir cache-miss
4447 http fetch GET 200 https://registry.npmjs.org/fastq 35ms (cache miss)
4448 silly packumentCache full:https://registry.npmjs.org/fastq set size:undefined disposed:false
4449 http fetch GET 200 https://registry.npmjs.org/@nodelib%2ffs.scandir 38ms (cache miss)
4450 silly packumentCache full:https://registry.npmjs.org/@nodelib%2ffs.scandir set size:undefined disposed:false
4451 silly placeDep ROOT @nodelib/fs.scandir@2.1.5 OK for: @nodelib/fs.walk@1.2.8 want: 2.1.5
4452 silly placeDep ROOT fastq@1.20.1 OK for: @nodelib/fs.walk@1.2.8 want: ^1.6.0
4453 silly fetch manifest run-parallel@^1.1.9
4454 silly packumentCache full:https://registry.npmjs.org/run-parallel cache-miss
4455 silly fetch manifest reusify@^1.0.4
4456 silly packumentCache full:https://registry.npmjs.org/reusify cache-miss
4457 http fetch GET 200 https://registry.npmjs.org/run-parallel 26ms (cache miss)
4458 silly packumentCache full:https://registry.npmjs.org/run-parallel set size:undefined disposed:false
4459 http fetch GET 200 https://registry.npmjs.org/reusify 38ms (cache miss)
4460 silly packumentCache full:https://registry.npmjs.org/reusify set size:undefined disposed:false
4461 silly placeDep ROOT run-parallel@1.2.0 OK for: @nodelib/fs.scandir@2.1.5 want: ^1.1.9
4462 silly fetch manifest queue-microtask@^1.2.2
4463 silly packumentCache full:https://registry.npmjs.org/queue-microtask cache-miss
4464 http fetch GET 200 https://registry.npmjs.org/queue-microtask 30ms (cache miss)
4465 silly packumentCache full:https://registry.npmjs.org/queue-microtask set size:undefined disposed:false
4466 silly placeDep ROOT reusify@1.1.0 OK for: fastq@1.20.1 want: ^1.0.4
4467 silly placeDep ROOT to-regex-range@5.0.1 OK for: fill-range@7.1.1 want: ^5.0.1
4468 silly fetch manifest is-number@^7.0.0
4469 silly packumentCache full:https://registry.npmjs.org/is-number cache-miss
4470 http fetch GET 200 https://registry.npmjs.org/is-number 30ms (cache miss)
4471 silly packumentCache full:https://registry.npmjs.org/is-number set size:undefined disposed:false
4472 silly placeDep ROOT binary-extensions@2.3.0 OK for: is-binary-path@2.1.0 want: ^2.0.0
4473 silly placeDep ROOT is-extglob@2.1.1 OK for: is-glob@4.0.3 want: ^2.1.1
4474 silly placeDep ROOT read-cache@1.0.0 OK for: postcss-import@15.1.0 want: ^1.0.0
4475 silly fetch manifest pify@^2.3.0
4476 silly packumentCache full:https://registry.npmjs.org/pify cache-miss
4477 http fetch GET 200 https://registry.npmjs.org/pify 32ms (cache miss)
4478 silly packumentCache full:https://registry.npmjs.org/pify set size:undefined disposed:false
4479 silly placeDep ROOT camelcase-css@2.0.1 OK for: postcss-js@4.1.0 want: ^2.0.1
4480 silly placeDep node_modules/postcss-nested postcss-selector-parser@6.1.2 OK for: postcss-nested@6.2.0 want: ^6.1.1
4481 silly placeDep ROOT pify@2.3.0 OK for: read-cache@1.0.0 want: ^2.3.0
4482 silly placeDep ROOT is-core-module@2.16.1 OK for: resolve@1.22.11 want: ^2.16.1
4483 silly placeDep ROOT path-parse@1.0.7 OK for: resolve@1.22.11 want: ^1.0.7
4484 silly placeDep ROOT supports-preserve-symlinks-flag@1.0.0 OK for: resolve@1.22.11 want: ^1.0.0
4485 silly placeDep ROOT queue-microtask@1.2.3 OK for: run-parallel@1.2.0 want: ^1.2.2
4486 silly placeDep ROOT commander@4.1.1 OK for: sucrase@3.35.1 want: ^4.0.0
4487 silly placeDep ROOT lines-and-columns@1.2.4 OK for: sucrase@3.35.1 want: ^1.1.6
4488 silly placeDep ROOT mz@2.7.0 OK for: sucrase@3.35.1 want: ^2.7.0
4489 silly placeDep ROOT pirates@4.0.7 OK for: sucrase@3.35.1 want: ^4.0.1
4490 silly placeDep ROOT tinyglobby@0.2.15 OK for: sucrase@3.35.1 want: ^0.2.11
4491 silly placeDep ROOT ts-interface-checker@0.1.13 OK for: sucrase@3.35.1 want: ^0.1.9
4492 silly fetch manifest any-promise@^1.0.0
4493 silly packumentCache full:https://registry.npmjs.org/any-promise cache-miss
4494 silly fetch manifest thenify-all@^1.0.0
4495 silly packumentCache full:https://registry.npmjs.org/thenify-all cache-miss
4496 silly fetch manifest fdir@^6.5.0
4497 silly packumentCache full:https://registry.npmjs.org/fdir cache-miss
4498 silly fetch manifest picomatch@^4.0.3
4499 silly packumentCache full:https://registry.npmjs.org/picomatch cache-hit
4500 http fetch GET 200 https://registry.npmjs.org/thenify-all 33ms (cache miss)
4501 silly packumentCache full:https://registry.npmjs.org/thenify-all set size:undefined disposed:false
4502 http fetch GET 200 https://registry.npmjs.org/fdir 34ms (cache miss)
4503 silly packumentCache full:https://registry.npmjs.org/fdir set size:undefined disposed:false
4504 http fetch GET 200 https://registry.npmjs.org/any-promise 43ms (cache miss)
4505 silly packumentCache full:https://registry.npmjs.org/any-promise set size:undefined disposed:false
4506 silly placeDep ROOT any-promise@1.3.0 OK for: mz@2.7.0 want: ^1.0.0
4507 silly placeDep ROOT thenify-all@1.6.0 OK for: mz@2.7.0 want: ^1.0.0
4508 silly fetch manifest thenify@>= 3.1.0 < 4
4509 silly packumentCache full:https://registry.npmjs.org/thenify cache-miss
4510 http fetch GET 200 https://registry.npmjs.org/thenify 37ms (cache miss)
4511 silly packumentCache full:https://registry.npmjs.org/thenify set size:undefined disposed:false
4512 silly placeDep node_modules/teeny-request http-proxy-agent@5.0.0 OK for: teeny-request@9.0.0 want: ^5.0.0
4513 silly placeDep node_modules/teeny-request https-proxy-agent@5.0.1 OK for: teeny-request@9.0.0 want: ^5.0.0
4514 silly placeDep node_modules/teeny-request node-fetch@2.7.0 OK for: teeny-request@9.0.0 want: ^2.6.9
4515 silly placeDep ROOT stream-events@1.0.5 OK for: teeny-request@9.0.0 want: ^1.0.5
4516 silly placeDep node_modules/teeny-request uuid@9.0.1 OK for: teeny-request@9.0.0 want: ^9.0.0
4517 silly fetch manifest @tootallnate/once@2
4518 silly packumentCache full:https://registry.npmjs.org/@tootallnate%2fonce cache-miss
4519 silly fetch manifest agent-base@6
4520 silly packumentCache full:https://registry.npmjs.org/agent-base cache-miss
4521 silly fetch manifest agent-base@6
4522 silly packumentCache full:https://registry.npmjs.org/agent-base cache-miss
4523 silly fetch manifest stubs@^3.0.0
4524 silly packumentCache full:https://registry.npmjs.org/stubs cache-miss
4525 http cache https://registry.npmjs.org/agent-base 5ms (cache hit)
4526 silly packumentCache full:https://registry.npmjs.org/agent-base set size:67460 disposed:false
4527 http cache https://registry.npmjs.org/agent-base 5ms (cache hit)
4528 silly packumentCache full:https://registry.npmjs.org/agent-base set size:67460 disposed:false
4529 silly packumentCache full:https://registry.npmjs.org/agent-base dispose
4530 http fetch GET 200 https://registry.npmjs.org/stubs 72ms (cache miss)
4531 silly packumentCache full:https://registry.npmjs.org/stubs set size:undefined disposed:false
4532 http fetch GET 200 https://registry.npmjs.org/@tootallnate%2fonce 92ms (cache miss)
4533 silly packumentCache full:https://registry.npmjs.org/@tootallnate%2fonce set size:undefined disposed:false
4534 silly placeDep ROOT stubs@3.0.0 OK for: stream-events@1.0.5 want: ^3.0.0
4535 silly placeDep ROOT thenify@3.3.1 OK for: thenify-all@1.6.0 want: >= 3.1.0 < 4
4536 silly placeDep node_modules/tinyglobby fdir@6.5.0 OK for: tinyglobby@0.2.15 want: ^6.5.0
4537 silly placeDep node_modules/tinyglobby picomatch@4.0.3 OK for: fdir@6.5.0 want: ^3 || ^4
4538 silly placeDep ROOT is-number@7.0.0 OK for: to-regex-range@5.0.1 want: ^7.0.0
4539 silly placeDep node_modules/tsx esbuild@0.27.3 OK for: tsx@4.21.0 want: ~0.27.0
4540 silly fetch manifest @esbuild/aix-ppc64@0.27.3
4541 silly packumentCache full:https://registry.npmjs.org/@esbuild%2faix-ppc64 cache-hit
4542 silly fetch manifest @esbuild/android-arm@0.27.3
4543 silly packumentCache full:https://registry.npmjs.org/@esbuild%2fandroid-arm cache-hit
4544 silly fetch manifest @esbuild/android-arm64@0.27.3
4545 silly packumentCache full:https://registry.npmjs.org/@esbuild%2fandroid-arm64 cache-hit
4546 silly fetch manifest @esbuild/android-x64@0.27.3
4547 silly packumentCache full:https://registry.npmjs.org/@esbuild%2fandroid-x64 cache-hit
4548 silly fetch manifest @esbuild/darwin-arm64@0.27.3
4549 silly packumentCache full:https://registry.npmjs.org/@esbuild%2fdarwin-arm64 cache-hit
4550 silly fetch manifest @esbuild/darwin-x64@0.27.3
4551 silly packumentCache full:https://registry.npmjs.org/@esbuild%2fdarwin-x64 cache-hit
4552 silly fetch manifest @esbuild/freebsd-arm64@0.27.3
4553 silly packumentCache full:https://registry.npmjs.org/@esbuild%2ffreebsd-arm64 cache-hit
4554 silly fetch manifest @esbuild/freebsd-x64@0.27.3
4555 silly packumentCache full:https://registry.npmjs.org/@esbuild%2ffreebsd-x64 cache-hit
4556 silly fetch manifest @esbuild/linux-arm@0.27.3
4557 silly packumentCache full:https://registry.npmjs.org/@esbuild%2flinux-arm cache-hit
4558 silly fetch manifest @esbuild/linux-arm64@0.27.3
4559 silly packumentCache full:https://registry.npmjs.org/@esbuild%2flinux-arm64 cache-hit
4560 silly fetch manifest @esbuild/linux-ia32@0.27.3
4561 silly packumentCache full:https://registry.npmjs.org/@esbuild%2flinux-ia32 cache-hit
4562 silly fetch manifest @esbuild/linux-loong64@0.27.3
4563 silly packumentCache full:https://registry.npmjs.org/@esbuild%2flinux-loong64 cache-hit
4564 silly fetch manifest @esbuild/linux-mips64el@0.27.3
4565 silly packumentCache full:https://registry.npmjs.org/@esbuild%2flinux-mips64el cache-hit
4566 silly fetch manifest @esbuild/linux-ppc64@0.27.3
4567 silly packumentCache full:https://registry.npmjs.org/@esbuild%2flinux-ppc64 cache-hit
4568 silly fetch manifest @esbuild/linux-riscv64@0.27.3
4569 silly packumentCache full:https://registry.npmjs.org/@esbuild%2flinux-riscv64 cache-hit
4570 silly fetch manifest @esbuild/linux-s390x@0.27.3
4571 silly packumentCache full:https://registry.npmjs.org/@esbuild%2flinux-s390x cache-hit
4572 silly fetch manifest @esbuild/linux-x64@0.27.3
4573 silly packumentCache full:https://registry.npmjs.org/@esbuild%2flinux-x64 cache-hit
4574 silly fetch manifest @esbuild/netbsd-arm64@0.27.3
4575 silly packumentCache full:https://registry.npmjs.org/@esbuild%2fnetbsd-arm64 cache-miss
4576 silly fetch manifest @esbuild/netbsd-x64@0.27.3
4577 silly packumentCache full:https://registry.npmjs.org/@esbuild%2fnetbsd-x64 cache-hit
4578 silly fetch manifest @esbuild/openbsd-arm64@0.27.3
4579 silly packumentCache full:https://registry.npmjs.org/@esbuild%2fopenbsd-arm64 cache-miss
4580 silly fetch manifest @esbuild/openbsd-x64@0.27.3
4581 silly packumentCache full:https://registry.npmjs.org/@esbuild%2fopenbsd-x64 cache-hit
4582 silly fetch manifest @esbuild/openharmony-arm64@0.27.3
4583 silly packumentCache full:https://registry.npmjs.org/@esbuild%2fopenharmony-arm64 cache-miss
4584 silly fetch manifest @esbuild/sunos-x64@0.27.3
4585 silly packumentCache full:https://registry.npmjs.org/@esbuild%2fsunos-x64 cache-hit
4586 silly fetch manifest @esbuild/win32-arm64@0.27.3
4587 silly packumentCache full:https://registry.npmjs.org/@esbuild%2fwin32-arm64 cache-hit
4588 silly fetch manifest @esbuild/win32-ia32@0.27.3
4589 silly packumentCache full:https://registry.npmjs.org/@esbuild%2fwin32-ia32 cache-hit
4590 silly fetch manifest @esbuild/win32-x64@0.27.3
4591 silly packumentCache full:https://registry.npmjs.org/@esbuild%2fwin32-x64 cache-hit
4592 http cache https://registry.npmjs.org/@esbuild%2fnetbsd-arm64 10ms (cache hit)
4593 silly packumentCache full:https://registry.npmjs.org/@esbuild%2fnetbsd-arm64 set size:32428 disposed:false
4594 http cache https://registry.npmjs.org/@esbuild%2fopenbsd-arm64 9ms (cache hit)
4595 silly packumentCache full:https://registry.npmjs.org/@esbuild%2fopenbsd-arm64 set size:37704 disposed:false
4596 http cache https://registry.npmjs.org/@esbuild%2fopenharmony-arm64 10ms (cache hit)
4597 silly packumentCache full:https://registry.npmjs.org/@esbuild%2fopenharmony-arm64 set size:21007 disposed:false
4598 silly placeDep ROOT media-typer@0.3.0 OK for: type-is@1.6.18 want: 0.3.0
4599 silly placeDep ROOT random-bytes@1.0.0 OK for: uid-safe@2.1.5 want: ~1.0.0
4600 silly placeDep ROOT escalade@3.2.0 OK for: update-browserslist-db@1.2.3 want: ^3.2.0
4601 silly placeDep ROOT detect-node-es@1.1.0 OK for: use-sidecar@1.1.3 want: ^1.1.0
4602 silly placeDep ROOT @types/d3-array@3.2.2 OK for: victory-vendor@36.9.2 want: ^3.0.3
4603 silly placeDep ROOT @types/d3-ease@3.0.2 OK for: victory-vendor@36.9.2 want: ^3.0.0
4604 silly placeDep ROOT @types/d3-interpolate@3.0.4 OK for: victory-vendor@36.9.2 want: ^3.0.1
4605 silly placeDep ROOT @types/d3-scale@4.0.9 OK for: victory-vendor@36.9.2 want: ^4.0.2
4606 silly placeDep ROOT @types/d3-shape@3.1.8 OK for: victory-vendor@36.9.2 want: ^3.1.0
4607 silly placeDep ROOT @types/d3-time@3.0.4 OK for: victory-vendor@36.9.2 want: ^3.0.0
4608 silly placeDep ROOT @types/d3-timer@3.0.2 OK for: victory-vendor@36.9.2 want: ^3.0.0
4609 silly placeDep ROOT d3-array@3.2.4 OK for: victory-vendor@36.9.2 want: ^3.1.6
4610 silly placeDep ROOT d3-ease@3.0.1 OK for: victory-vendor@36.9.2 want: ^3.0.1
4611 silly placeDep ROOT d3-interpolate@3.0.1 OK for: victory-vendor@36.9.2 want: ^3.0.1
4612 silly placeDep ROOT d3-scale@4.0.2 OK for: victory-vendor@36.9.2 want: ^4.0.2
4613 silly placeDep ROOT d3-shape@3.2.0 OK for: victory-vendor@36.9.2 want: ^3.1.0
4614 silly placeDep ROOT d3-time@3.1.0 OK for: victory-vendor@36.9.2 want: ^3.0.0
4615 silly placeDep ROOT d3-timer@3.0.1 OK for: victory-vendor@36.9.2 want: ^3.0.1
4616 silly fetch manifest @types/d3-color@*
4617 silly packumentCache full:https://registry.npmjs.org/@types%2fd3-color cache-miss
4618 silly fetch manifest @types/d3-time@*
4619 silly packumentCache full:https://registry.npmjs.org/@types%2fd3-time cache-miss
4620 silly fetch manifest @types/d3-path@*
4621 silly packumentCache full:https://registry.npmjs.org/@types%2fd3-path cache-miss
4622 silly fetch manifest internmap@1 - 2
4623 silly packumentCache full:https://registry.npmjs.org/internmap cache-miss
4624 silly fetch manifest d3-color@1 - 3
4625 silly packumentCache full:https://registry.npmjs.org/d3-color cache-miss
4626 silly fetch manifest d3-format@1 - 3
4627 silly packumentCache full:https://registry.npmjs.org/d3-format cache-miss
4628 silly fetch manifest d3-time@2.1.1 - 3
4629 silly packumentCache full:https://registry.npmjs.org/d3-time cache-miss
4630 http cache https://registry.npmjs.org/d3-time 5ms (cache hit)
4631 silly packumentCache full:https://registry.npmjs.org/d3-time set size:150406 disposed:false
4632 silly fetch manifest d3-time-format@2 - 4
4633 silly packumentCache full:https://registry.npmjs.org/d3-time-format cache-miss
4634 http cache https://registry.npmjs.org/@types%2fd3-time 10ms (cache hit)
4635 silly packumentCache full:https://registry.npmjs.org/@types%2fd3-time set size:52652 disposed:false
4636 silly fetch manifest d3-path@^3.1.0
4637 silly packumentCache full:https://registry.npmjs.org/d3-path cache-miss
4638 http fetch GET 200 https://registry.npmjs.org/internmap 25ms (cache miss)
4639 silly packumentCache full:https://registry.npmjs.org/internmap set size:undefined disposed:false
4640 http fetch GET 200 https://registry.npmjs.org/@types%2fd3-color 43ms (cache miss)
4641 silly packumentCache full:https://registry.npmjs.org/@types%2fd3-color set size:undefined disposed:false
4642 http fetch GET 200 https://registry.npmjs.org/d3-color 43ms (cache miss)
4643 silly packumentCache full:https://registry.npmjs.org/d3-color set size:undefined disposed:false
4644 http fetch GET 200 https://registry.npmjs.org/@types%2fd3-path 45ms (cache miss)
4645 silly packumentCache full:https://registry.npmjs.org/@types%2fd3-path set size:undefined disposed:false
4646 http fetch GET 200 https://registry.npmjs.org/d3-path 40ms (cache miss)
4647 silly packumentCache full:https://registry.npmjs.org/d3-path set size:undefined disposed:false
4648 http fetch GET 200 https://registry.npmjs.org/d3-time-format 53ms (cache miss)
4649 silly packumentCache full:https://registry.npmjs.org/d3-time-format set size:undefined disposed:false
4650 http fetch GET 200 https://registry.npmjs.org/d3-format 125ms (cache miss)
4651 silly packumentCache full:https://registry.npmjs.org/d3-format set size:undefined disposed:false
4652 silly placeDep ROOT @types/d3-color@3.1.3 OK for: @types/d3-interpolate@3.0.4 want: *
4653 silly placeDep ROOT @types/d3-path@3.1.1 OK for: @types/d3-shape@3.1.8 want: *
4654 silly placeDep ROOT internmap@2.0.3 OK for: d3-array@3.2.4 want: 1 - 2
4655 silly placeDep ROOT d3-color@3.1.0 OK for: d3-interpolate@3.0.1 want: 1 - 3
4656 silly placeDep ROOT d3-format@3.1.2 OK for: d3-scale@4.0.2 want: 1 - 3
4657 silly placeDep ROOT d3-time-format@4.1.0 OK for: d3-scale@4.0.2 want: 2 - 4
4658 silly placeDep ROOT d3-path@3.1.0 OK for: d3-shape@3.2.0 want: ^3.1.0
4659 silly placeDep node_modules/vite esbuild@0.21.5 OK for: vite@5.4.21 want: ^0.21.3
4660 silly placeDep ROOT rollup@4.58.0 OK for: vite@5.4.21 want: ^4.20.0
4661 silly fetch manifest @esbuild/aix-ppc64@0.21.5
4662 silly packumentCache full:https://registry.npmjs.org/@esbuild%2faix-ppc64 cache-hit
4663 silly fetch manifest @esbuild/linux-arm@0.21.5
4664 silly packumentCache full:https://registry.npmjs.org/@esbuild%2flinux-arm cache-hit
4665 silly fetch manifest @esbuild/linux-x64@0.21.5
4666 silly packumentCache full:https://registry.npmjs.org/@esbuild%2flinux-x64 cache-hit
4667 silly fetch manifest @esbuild/sunos-x64@0.21.5
4668 silly packumentCache full:https://registry.npmjs.org/@esbuild%2fsunos-x64 cache-hit
4669 silly fetch manifest @esbuild/win32-x64@0.21.5
4670 silly packumentCache full:https://registry.npmjs.org/@esbuild%2fwin32-x64 cache-hit
4671 silly fetch manifest @esbuild/darwin-x64@0.21.5
4672 silly packumentCache full:https://registry.npmjs.org/@esbuild%2fdarwin-x64 cache-hit
4673 silly fetch manifest @esbuild/linux-ia32@0.21.5
4674 silly packumentCache full:https://registry.npmjs.org/@esbuild%2flinux-ia32 cache-hit
4675 silly fetch manifest @esbuild/netbsd-x64@0.21.5
4676 silly packumentCache full:https://registry.npmjs.org/@esbuild%2fnetbsd-x64 cache-hit
4677 silly fetch manifest @esbuild/win32-ia32@0.21.5
4678 silly packumentCache full:https://registry.npmjs.org/@esbuild%2fwin32-ia32 cache-hit
4679 silly fetch manifest @esbuild/android-arm@0.21.5
4680 silly packumentCache full:https://registry.npmjs.org/@esbuild%2fandroid-arm cache-hit
4681 silly fetch manifest @esbuild/android-x64@0.21.5
4682 silly packumentCache full:https://registry.npmjs.org/@esbuild%2fandroid-x64 cache-hit
4683 silly fetch manifest @esbuild/freebsd-x64@0.21.5
4684 silly packumentCache full:https://registry.npmjs.org/@esbuild%2ffreebsd-x64 cache-hit
4685 silly fetch manifest @esbuild/linux-arm64@0.21.5
4686 silly packumentCache full:https://registry.npmjs.org/@esbuild%2flinux-arm64 cache-hit
4687 silly fetch manifest @esbuild/linux-ppc64@0.21.5
4688 silly packumentCache full:https://registry.npmjs.org/@esbuild%2flinux-ppc64 cache-hit
4689 silly fetch manifest @esbuild/linux-s390x@0.21.5
4690 silly packumentCache full:https://registry.npmjs.org/@esbuild%2flinux-s390x cache-hit
4691 silly fetch manifest @esbuild/openbsd-x64@0.21.5
4692 silly packumentCache full:https://registry.npmjs.org/@esbuild%2fopenbsd-x64 cache-hit
4693 silly fetch manifest @esbuild/win32-arm64@0.21.5
4694 silly packumentCache full:https://registry.npmjs.org/@esbuild%2fwin32-arm64 cache-hit
4695 silly fetch manifest @esbuild/darwin-arm64@0.21.5
4696 silly packumentCache full:https://registry.npmjs.org/@esbuild%2fdarwin-arm64 cache-hit
4697 silly fetch manifest @esbuild/android-arm64@0.21.5
4698 silly packumentCache full:https://registry.npmjs.org/@esbuild%2fandroid-arm64 cache-hit
4699 silly fetch manifest @esbuild/freebsd-arm64@0.21.5
4700 silly packumentCache full:https://registry.npmjs.org/@esbuild%2ffreebsd-arm64 cache-hit
4701 silly fetch manifest @esbuild/linux-loong64@0.21.5
4702 silly packumentCache full:https://registry.npmjs.org/@esbuild%2flinux-loong64 cache-hit
4703 silly fetch manifest @esbuild/linux-riscv64@0.21.5
4704 silly packumentCache full:https://registry.npmjs.org/@esbuild%2flinux-riscv64 cache-hit
4705 silly fetch manifest @esbuild/linux-mips64el@0.21.5
4706 silly packumentCache full:https://registry.npmjs.org/@esbuild%2flinux-mips64el cache-hit
4707 silly fetch manifest @types/estree@1.0.8
4708 silly packumentCache full:https://registry.npmjs.org/@types%2festree cache-miss
4709 silly fetch manifest @rollup/rollup-darwin-arm64@4.58.0
4710 silly packumentCache full:https://registry.npmjs.org/@rollup%2frollup-darwin-arm64 cache-miss
4711 silly fetch manifest @rollup/rollup-android-arm64@4.58.0
4712 silly packumentCache full:https://registry.npmjs.org/@rollup%2frollup-android-arm64 cache-miss
4713 silly fetch manifest @rollup/rollup-win32-arm64-msvc@4.58.0
4714 silly packumentCache full:https://registry.npmjs.org/@rollup%2frollup-win32-arm64-msvc cache-miss
4715 silly fetch manifest @rollup/rollup-freebsd-arm64@4.58.0
4716 silly packumentCache full:https://registry.npmjs.org/@rollup%2frollup-freebsd-arm64 cache-miss
4717 silly fetch manifest @rollup/rollup-linux-arm64-gnu@4.58.0
4718 silly packumentCache full:https://registry.npmjs.org/@rollup%2frollup-linux-arm64-gnu cache-miss
4719 silly fetch manifest @rollup/rollup-linux-arm64-musl@4.58.0
4720 silly packumentCache full:https://registry.npmjs.org/@rollup%2frollup-linux-arm64-musl cache-miss
4721 http fetch GET 200 https://registry.npmjs.org/@types%2festree 46ms (cache miss)
4722 silly packumentCache full:https://registry.npmjs.org/@types%2festree set size:undefined disposed:false
4723 silly fetch manifest @rollup/rollup-android-arm-eabi@4.58.0
4724 silly packumentCache full:https://registry.npmjs.org/@rollup%2frollup-android-arm-eabi cache-miss
4725 http fetch GET 200 https://registry.npmjs.org/@rollup%2frollup-darwin-arm64 51ms (cache miss)
4726 silly packumentCache full:https://registry.npmjs.org/@rollup%2frollup-darwin-arm64 set size:undefined disposed:false
4727 silly fetch manifest @rollup/rollup-linux-arm-gnueabihf@4.58.0
4728 silly packumentCache full:https://registry.npmjs.org/@rollup%2frollup-linux-arm-gnueabihf cache-miss
4729 http fetch GET 200 https://registry.npmjs.org/@rollup%2frollup-win32-arm64-msvc 58ms (cache miss)
4730 silly packumentCache full:https://registry.npmjs.org/@rollup%2frollup-win32-arm64-msvc set size:undefined disposed:false
4731 silly fetch manifest @rollup/rollup-linux-arm-musleabihf@4.58.0
4732 silly packumentCache full:https://registry.npmjs.org/@rollup%2frollup-linux-arm-musleabihf cache-miss
4733 http fetch GET 200 https://registry.npmjs.org/@rollup%2frollup-linux-arm64-gnu 66ms (cache miss)
4734 silly packumentCache full:https://registry.npmjs.org/@rollup%2frollup-linux-arm64-gnu set size:undefined disposed:false
4735 silly fetch manifest @rollup/rollup-win32-ia32-msvc@4.58.0
4736 silly packumentCache full:https://registry.npmjs.org/@rollup%2frollup-win32-ia32-msvc cache-miss
4737 http fetch GET 200 https://registry.npmjs.org/@rollup%2frollup-freebsd-arm64 73ms (cache miss)
4738 silly packumentCache full:https://registry.npmjs.org/@rollup%2frollup-freebsd-arm64 set size:undefined disposed:false
4739 silly fetch manifest @rollup/rollup-linux-loong64-gnu@4.58.0
4740 silly packumentCache full:https://registry.npmjs.org/@rollup%2frollup-linux-loong64-gnu cache-miss
4741 http fetch GET 200 https://registry.npmjs.org/@rollup%2frollup-android-arm64 76ms (cache miss)
4742 silly packumentCache full:https://registry.npmjs.org/@rollup%2frollup-android-arm64 set size:undefined disposed:false
4743 silly fetch manifest @rollup/rollup-linux-loong64-musl@4.58.0
4744 silly packumentCache full:https://registry.npmjs.org/@rollup%2frollup-linux-loong64-musl cache-miss
4745 http fetch GET 200 https://registry.npmjs.org/@rollup%2frollup-linux-arm64-musl 87ms (cache miss)
4746 silly packumentCache full:https://registry.npmjs.org/@rollup%2frollup-linux-arm64-musl set size:undefined disposed:false
4747 silly fetch manifest @rollup/rollup-linux-riscv64-gnu@4.58.0
4748 silly packumentCache full:https://registry.npmjs.org/@rollup%2frollup-linux-riscv64-gnu cache-miss
4749 http fetch GET 200 https://registry.npmjs.org/@rollup%2frollup-android-arm-eabi 76ms (cache miss)
4750 silly packumentCache full:https://registry.npmjs.org/@rollup%2frollup-android-arm-eabi set size:undefined disposed:false
4751 silly fetch manifest @rollup/rollup-linux-riscv64-musl@4.58.0
4752 silly packumentCache full:https://registry.npmjs.org/@rollup%2frollup-linux-riscv64-musl cache-miss
4753 http fetch GET 200 https://registry.npmjs.org/@rollup%2frollup-win32-ia32-msvc 61ms (cache miss)
4754 silly packumentCache full:https://registry.npmjs.org/@rollup%2frollup-win32-ia32-msvc set size:undefined disposed:false
4755 silly fetch manifest @rollup/rollup-linux-ppc64-gnu@4.58.0
4756 silly packumentCache full:https://registry.npmjs.org/@rollup%2frollup-linux-ppc64-gnu cache-miss
4757 http fetch GET 200 https://registry.npmjs.org/@rollup%2frollup-linux-arm-musleabihf 73ms (cache miss)
4758 silly packumentCache full:https://registry.npmjs.org/@rollup%2frollup-linux-arm-musleabihf set size:undefined disposed:false
4759 silly fetch manifest @rollup/rollup-linux-ppc64-musl@4.58.0
4760 silly packumentCache full:https://registry.npmjs.org/@rollup%2frollup-linux-ppc64-musl cache-miss
4761 http fetch GET 200 https://registry.npmjs.org/@rollup%2frollup-linux-arm-gnueabihf 84ms (cache miss)
4762 silly packumentCache full:https://registry.npmjs.org/@rollup%2frollup-linux-arm-gnueabihf set size:undefined disposed:false
4763 silly fetch manifest @rollup/rollup-linux-s390x-gnu@4.58.0
4764 silly packumentCache full:https://registry.npmjs.org/@rollup%2frollup-linux-s390x-gnu cache-miss
4765 http fetch GET 200 https://registry.npmjs.org/@rollup%2frollup-linux-loong64-musl 64ms (cache miss)
4766 silly packumentCache full:https://registry.npmjs.org/@rollup%2frollup-linux-loong64-musl set size:undefined disposed:false
4767 silly fetch manifest @rollup/rollup-darwin-x64@4.58.0
4768 silly packumentCache full:https://registry.npmjs.org/@rollup%2frollup-darwin-x64 cache-miss
4769 http fetch GET 200 https://registry.npmjs.org/@rollup%2frollup-linux-riscv64-gnu 87ms (cache miss)
4770 silly packumentCache full:https://registry.npmjs.org/@rollup%2frollup-linux-riscv64-gnu set size:undefined disposed:false
4771 silly fetch manifest @rollup/rollup-win32-x64-gnu@4.58.0
4772 silly packumentCache full:https://registry.npmjs.org/@rollup%2frollup-win32-x64-gnu cache-miss
4773 http fetch GET 200 https://registry.npmjs.org/@rollup%2frollup-linux-ppc64-musl 54ms (cache miss)
4774 silly packumentCache full:https://registry.npmjs.org/@rollup%2frollup-linux-ppc64-musl set size:undefined disposed:false
4775 silly fetch manifest @rollup/rollup-win32-x64-msvc@4.58.0
4776 silly packumentCache full:https://registry.npmjs.org/@rollup%2frollup-win32-x64-msvc cache-miss
4777 http fetch GET 200 https://registry.npmjs.org/@rollup%2frollup-linux-ppc64-gnu 58ms (cache miss)
4778 silly packumentCache full:https://registry.npmjs.org/@rollup%2frollup-linux-ppc64-gnu set size:undefined disposed:false
4779 silly fetch manifest @rollup/rollup-freebsd-x64@4.58.0
4780 silly packumentCache full:https://registry.npmjs.org/@rollup%2frollup-freebsd-x64 cache-miss
4781 http fetch GET 200 https://registry.npmjs.org/@rollup%2frollup-linux-s390x-gnu 55ms (cache miss)
4782 silly packumentCache full:https://registry.npmjs.org/@rollup%2frollup-linux-s390x-gnu set size:undefined disposed:false
4783 silly fetch manifest @rollup/rollup-linux-x64-gnu@4.58.0
4784 silly packumentCache full:https://registry.npmjs.org/@rollup%2frollup-linux-x64-gnu cache-miss
4785 http fetch GET 200 https://registry.npmjs.org/@rollup%2frollup-linux-loong64-gnu 126ms (cache miss)
4786 silly packumentCache full:https://registry.npmjs.org/@rollup%2frollup-linux-loong64-gnu set size:undefined disposed:false
4787 silly fetch manifest @rollup/rollup-linux-x64-musl@4.58.0
4788 silly packumentCache full:https://registry.npmjs.org/@rollup%2frollup-linux-x64-musl cache-miss
4789 http fetch GET 200 https://registry.npmjs.org/@rollup%2frollup-win32-x64-msvc 43ms (cache miss)
4790 silly packumentCache full:https://registry.npmjs.org/@rollup%2frollup-win32-x64-msvc set size:undefined disposed:false
4791 silly fetch manifest @rollup/rollup-openbsd-x64@4.58.0
4792 silly packumentCache full:https://registry.npmjs.org/@rollup%2frollup-openbsd-x64 cache-miss
4793 http fetch GET 200 https://registry.npmjs.org/@rollup%2frollup-win32-x64-gnu 57ms (cache miss)
4794 silly packumentCache full:https://registry.npmjs.org/@rollup%2frollup-win32-x64-gnu set size:undefined disposed:false
4795 silly fetch manifest @rollup/rollup-openharmony-arm64@4.58.0
4796 silly packumentCache full:https://registry.npmjs.org/@rollup%2frollup-openharmony-arm64 cache-miss
4797 http fetch GET 200 https://registry.npmjs.org/@rollup%2frollup-linux-riscv64-musl 124ms (cache miss)
4798 silly packumentCache full:https://registry.npmjs.org/@rollup%2frollup-linux-riscv64-musl set size:undefined disposed:false
4799 http fetch GET 200 https://registry.npmjs.org/@rollup%2frollup-linux-x64-gnu 55ms (cache miss)
4800 silly packumentCache full:https://registry.npmjs.org/@rollup%2frollup-linux-x64-gnu set size:undefined disposed:false
4801 http fetch GET 200 https://registry.npmjs.org/@rollup%2frollup-linux-x64-musl 56ms (cache miss)
4802 silly packumentCache full:https://registry.npmjs.org/@rollup%2frollup-linux-x64-musl set size:undefined disposed:false
4803 http fetch GET 200 https://registry.npmjs.org/@rollup%2frollup-freebsd-x64 68ms (cache miss)
4804 silly packumentCache full:https://registry.npmjs.org/@rollup%2frollup-freebsd-x64 set size:undefined disposed:false
4805 http fetch GET 200 https://registry.npmjs.org/@rollup%2frollup-openbsd-x64 41ms (cache miss)
4806 silly packumentCache full:https://registry.npmjs.org/@rollup%2frollup-openbsd-x64 set size:undefined disposed:false
4807 http fetch GET 200 https://registry.npmjs.org/@rollup%2frollup-darwin-x64 139ms (cache miss)
4808 silly packumentCache full:https://registry.npmjs.org/@rollup%2frollup-darwin-x64 set size:undefined disposed:false
4809 http fetch GET 200 https://registry.npmjs.org/@rollup%2frollup-openharmony-arm64 57ms (cache miss)
4810 silly packumentCache full:https://registry.npmjs.org/@rollup%2frollup-openharmony-arm64 set size:undefined disposed:false
4811 silly placeDep ROOT @rollup/rollup-android-arm-eabi@4.58.0 OK for: rollup@4.58.0 want: 4.58.0
4812 silly placeDep ROOT @rollup/rollup-android-arm64@4.58.0 OK for: rollup@4.58.0 want: 4.58.0
4813 silly placeDep ROOT @rollup/rollup-darwin-arm64@4.58.0 OK for: rollup@4.58.0 want: 4.58.0
4814 silly placeDep ROOT @rollup/rollup-darwin-x64@4.58.0 OK for: rollup@4.58.0 want: 4.58.0
4815 silly placeDep ROOT @rollup/rollup-freebsd-arm64@4.58.0 OK for: rollup@4.58.0 want: 4.58.0
4816 silly placeDep ROOT @rollup/rollup-freebsd-x64@4.58.0 OK for: rollup@4.58.0 want: 4.58.0
4817 silly placeDep ROOT @rollup/rollup-linux-arm-gnueabihf@4.58.0 OK for: rollup@4.58.0 want: 4.58.0
4818 silly placeDep ROOT @rollup/rollup-linux-arm-musleabihf@4.58.0 OK for: rollup@4.58.0 want: 4.58.0
4819 silly placeDep ROOT @rollup/rollup-linux-arm64-gnu@4.58.0 OK for: rollup@4.58.0 want: 4.58.0
4820 silly placeDep ROOT @rollup/rollup-linux-arm64-musl@4.58.0 OK for: rollup@4.58.0 want: 4.58.0
4821 silly placeDep ROOT @rollup/rollup-linux-loong64-gnu@4.58.0 OK for: rollup@4.58.0 want: 4.58.0
4822 silly placeDep ROOT @rollup/rollup-linux-loong64-musl@4.58.0 OK for: rollup@4.58.0 want: 4.58.0
4823 silly placeDep ROOT @rollup/rollup-linux-ppc64-gnu@4.58.0 OK for: rollup@4.58.0 want: 4.58.0
4824 silly placeDep ROOT @rollup/rollup-linux-ppc64-musl@4.58.0 OK for: rollup@4.58.0 want: 4.58.0
4825 silly placeDep ROOT @rollup/rollup-linux-riscv64-gnu@4.58.0 OK for: rollup@4.58.0 want: 4.58.0
4826 silly placeDep ROOT @rollup/rollup-linux-riscv64-musl@4.58.0 OK for: rollup@4.58.0 want: 4.58.0
4827 silly placeDep ROOT @rollup/rollup-linux-s390x-gnu@4.58.0 OK for: rollup@4.58.0 want: 4.58.0
4828 silly placeDep ROOT @rollup/rollup-linux-x64-gnu@4.58.0 OK for: rollup@4.58.0 want: 4.58.0
4829 silly placeDep ROOT @rollup/rollup-linux-x64-musl@4.58.0 OK for: rollup@4.58.0 want: 4.58.0
4830 silly placeDep ROOT @rollup/rollup-openbsd-x64@4.58.0 OK for: rollup@4.58.0 want: 4.58.0
4831 silly placeDep ROOT @rollup/rollup-openharmony-arm64@4.58.0 OK for: rollup@4.58.0 want: 4.58.0
4832 silly placeDep ROOT @rollup/rollup-win32-arm64-msvc@4.58.0 OK for: rollup@4.58.0 want: 4.58.0
4833 silly placeDep ROOT @rollup/rollup-win32-ia32-msvc@4.58.0 OK for: rollup@4.58.0 want: 4.58.0
4834 silly placeDep ROOT @rollup/rollup-win32-x64-gnu@4.58.0 OK for: rollup@4.58.0 want: 4.58.0
4835 silly placeDep ROOT @rollup/rollup-win32-x64-msvc@4.58.0 OK for: rollup@4.58.0 want: 4.58.0
4836 silly placeDep ROOT @types/estree@1.0.8 OK for: rollup@4.58.0 want: 1.0.8
4837 silly placeDep ROOT http-parser-js@0.5.10 OK for: websocket-driver@0.7.4 want: >=0.5.1
4838 silly placeDep ROOT websocket-extensions@0.1.4 OK for: websocket-driver@0.7.4 want: >=0.1.1
4839 silly placeDep ROOT isexe@3.1.5 OK for: which@4.0.0 want: ^3.1.1
4840 silly placeDep ROOT mitt@3.0.1 OK for: wouter@3.9.0 want: ^3.0.1
4841 silly placeDep ROOT regexparam@3.0.0 OK for: wouter@3.9.0 want: ^3.0.0
4842 silly placeDep ROOT cliui@8.0.1 OK for: yargs@17.7.2 want: ^8.0.1
4843 silly placeDep ROOT get-caller-file@2.0.5 OK for: yargs@17.7.2 want: ^2.0.5
4844 silly placeDep ROOT require-directory@2.1.1 OK for: yargs@17.7.2 want: ^2.1.1
4845 silly placeDep ROOT string-width@4.2.3 OK for: yargs@17.7.2 want: ^4.2.3
4846 silly placeDep ROOT y18n@5.0.8 OK for: yargs@17.7.2 want: ^5.0.5
4847 silly placeDep ROOT yargs-parser@21.1.1 OK for: yargs@17.7.2 want: ^21.1.1
4848 silly fetch manifest wrap-ansi@^7.0.0
4849 silly packumentCache full:https://registry.npmjs.org/wrap-ansi cache-miss
4850 silly fetch manifest strip-ansi@^6.0.1
4851 silly packumentCache full:https://registry.npmjs.org/strip-ansi cache-miss
4852 silly fetch manifest strip-ansi@^6.0.1
4853 silly packumentCache full:https://registry.npmjs.org/strip-ansi cache-miss
4854 silly fetch manifest emoji-regex@^8.0.0
4855 silly packumentCache full:https://registry.npmjs.org/emoji-regex cache-miss
4856 silly fetch manifest is-fullwidth-code-point@^3.0.0
4857 silly packumentCache full:https://registry.npmjs.org/is-fullwidth-code-point cache-miss
4858 http fetch GET 200 https://registry.npmjs.org/strip-ansi 28ms (cache miss)
4859 silly packumentCache full:https://registry.npmjs.org/strip-ansi set size:undefined disposed:false
4860 http fetch GET 200 https://registry.npmjs.org/strip-ansi 32ms (cache miss)
4861 silly packumentCache full:https://registry.npmjs.org/strip-ansi set size:undefined disposed:false
4862 http fetch GET 200 https://registry.npmjs.org/is-fullwidth-code-point 32ms (cache miss)
4863 silly packumentCache full:https://registry.npmjs.org/is-fullwidth-code-point set size:undefined disposed:false
4864 http fetch GET 200 https://registry.npmjs.org/wrap-ansi 38ms (cache miss)
4865 silly packumentCache full:https://registry.npmjs.org/wrap-ansi set size:undefined disposed:false
4866 http fetch GET 200 https://registry.npmjs.org/emoji-regex 43ms (cache miss)
4867 silly packumentCache full:https://registry.npmjs.org/emoji-regex set size:undefined disposed:false
4868 silly placeDep ROOT strip-ansi@6.0.1 OK for: cliui@8.0.1 want: ^6.0.1
4869 silly placeDep ROOT wrap-ansi@7.0.0 OK for: cliui@8.0.1 want: ^7.0.0
4870 silly fetch manifest ansi-regex@^5.0.1
4871 silly packumentCache full:https://registry.npmjs.org/ansi-regex cache-miss
4872 silly fetch manifest ansi-styles@^4.0.0
4873 silly packumentCache full:https://registry.npmjs.org/ansi-styles cache-miss
4874 http fetch GET 200 https://registry.npmjs.org/ansi-regex 43ms (cache miss)
4875 silly packumentCache full:https://registry.npmjs.org/ansi-regex set size:undefined disposed:false
4876 http fetch GET 200 https://registry.npmjs.org/ansi-styles 44ms (cache miss)
4877 silly packumentCache full:https://registry.npmjs.org/ansi-styles set size:undefined disposed:false
4878 silly placeDep ROOT emoji-regex@8.0.0 OK for: string-width@4.2.3 want: ^8.0.0
4879 silly placeDep ROOT is-fullwidth-code-point@3.0.0 OK for: string-width@4.2.3 want: ^3.0.0
4880 silly placeDep ROOT ansi-regex@5.0.1 OK for: strip-ansi@6.0.1 want: ^5.0.1
4881 silly placeDep ROOT ansi-styles@4.3.0 OK for: wrap-ansi@7.0.0 want: ^4.0.0
4882 silly fetch manifest color-convert@^2.0.1
4883 silly packumentCache full:https://registry.npmjs.org/color-convert cache-miss
4884 http fetch GET 200 https://registry.npmjs.org/color-convert 33ms (cache miss)
4885 silly packumentCache full:https://registry.npmjs.org/color-convert set size:undefined disposed:false
4886 silly placeDep ROOT color-convert@2.0.1 OK for: ansi-styles@4.3.0 want: ^2.0.1
4887 silly fetch manifest color-name@~1.1.4
4888 silly packumentCache full:https://registry.npmjs.org/color-name cache-miss
4889 http fetch GET 200 https://registry.npmjs.org/color-name 27ms (cache miss)
4890 silly packumentCache full:https://registry.npmjs.org/color-name set size:undefined disposed:false
4891 silly placeDep ROOT color-name@1.1.4 OK for: color-convert@2.0.1 want: ~1.1.4
4892 silly placeDep ROOT property-expr@2.0.6 OK for: yup@1.7.1 want: ^2.0.5
4893 silly placeDep ROOT tiny-case@1.0.3 OK for: yup@1.7.1 want: ^1.0.3
4894 silly placeDep ROOT toposort@2.0.2 OK for: yup@1.7.1 want: ^2.0.2
4895 silly placeDep ROOT type-fest@2.19.0 OK for: yup@1.7.1 want: ^2.19.0
4896 silly placeDep node_modules/@esbuild-kit/core-utils @esbuild/android-arm@0.18.20 OK for: esbuild@0.18.20 want: 0.18.20
4897 silly placeDep node_modules/@esbuild-kit/core-utils @esbuild/android-arm64@0.18.20 OK for: esbuild@0.18.20 want: 0.18.20
4898 silly placeDep node_modules/@esbuild-kit/core-utils @esbuild/android-x64@0.18.20 OK for: esbuild@0.18.20 want: 0.18.20
4899 silly placeDep node_modules/@esbuild-kit/core-utils @esbuild/darwin-arm64@0.18.20 OK for: esbuild@0.18.20 want: 0.18.20
4900 silly placeDep node_modules/@esbuild-kit/core-utils @esbuild/darwin-x64@0.18.20 OK for: esbuild@0.18.20 want: 0.18.20
4901 silly placeDep node_modules/@esbuild-kit/core-utils @esbuild/freebsd-arm64@0.18.20 OK for: esbuild@0.18.20 want: 0.18.20
4902 silly placeDep node_modules/@esbuild-kit/core-utils @esbuild/freebsd-x64@0.18.20 OK for: esbuild@0.18.20 want: 0.18.20
4903 silly placeDep node_modules/@esbuild-kit/core-utils @esbuild/linux-arm@0.18.20 OK for: esbuild@0.18.20 want: 0.18.20
4904 silly placeDep node_modules/@esbuild-kit/core-utils @esbuild/linux-arm64@0.18.20 OK for: esbuild@0.18.20 want: 0.18.20
4905 silly placeDep node_modules/@esbuild-kit/core-utils @esbuild/linux-ia32@0.18.20 OK for: esbuild@0.18.20 want: 0.18.20
4906 silly placeDep node_modules/@esbuild-kit/core-utils @esbuild/linux-loong64@0.18.20 OK for: esbuild@0.18.20 want: 0.18.20
4907 silly placeDep node_modules/@esbuild-kit/core-utils @esbuild/linux-mips64el@0.18.20 OK for: esbuild@0.18.20 want: 0.18.20
4908 silly placeDep node_modules/@esbuild-kit/core-utils @esbuild/linux-ppc64@0.18.20 OK for: esbuild@0.18.20 want: 0.18.20
4909 silly placeDep node_modules/@esbuild-kit/core-utils @esbuild/linux-riscv64@0.18.20 OK for: esbuild@0.18.20 want: 0.18.20
4910 silly placeDep node_modules/@esbuild-kit/core-utils @esbuild/linux-s390x@0.18.20 OK for: esbuild@0.18.20 want: 0.18.20
4911 silly placeDep node_modules/@esbuild-kit/core-utils @esbuild/linux-x64@0.18.20 OK for: esbuild@0.18.20 want: 0.18.20
4912 silly placeDep node_modules/@esbuild-kit/core-utils @esbuild/netbsd-x64@0.18.20 OK for: esbuild@0.18.20 want: 0.18.20
4913 silly placeDep node_modules/@esbuild-kit/core-utils @esbuild/openbsd-x64@0.18.20 OK for: esbuild@0.18.20 want: 0.18.20
4914 silly placeDep node_modules/@esbuild-kit/core-utils @esbuild/sunos-x64@0.18.20 OK for: esbuild@0.18.20 want: 0.18.20
4915 silly placeDep node_modules/@esbuild-kit/core-utils @esbuild/win32-arm64@0.18.20 OK for: esbuild@0.18.20 want: 0.18.20
4916 silly placeDep node_modules/@esbuild-kit/core-utils @esbuild/win32-ia32@0.18.20 OK for: esbuild@0.18.20 want: 0.18.20
4917 silly placeDep node_modules/@esbuild-kit/core-utils @esbuild/win32-x64@0.18.20 OK for: esbuild@0.18.20 want: 0.18.20
4918 silly placeDep node_modules/body-parser ms@2.0.0 OK for: debug@2.6.9 want: 2.0.0
4919 silly placeDep node_modules/drizzle-kit @esbuild/aix-ppc64@0.19.12 OK for: esbuild@0.19.12 want: 0.19.12
4920 silly placeDep node_modules/drizzle-kit @esbuild/android-arm@0.19.12 OK for: esbuild@0.19.12 want: 0.19.12
4921 silly placeDep node_modules/drizzle-kit @esbuild/android-arm64@0.19.12 OK for: esbuild@0.19.12 want: 0.19.12
4922 silly placeDep node_modules/drizzle-kit @esbuild/android-x64@0.19.12 OK for: esbuild@0.19.12 want: 0.19.12
4923 silly placeDep node_modules/drizzle-kit @esbuild/darwin-arm64@0.19.12 OK for: esbuild@0.19.12 want: 0.19.12
4924 silly placeDep node_modules/drizzle-kit @esbuild/darwin-x64@0.19.12 OK for: esbuild@0.19.12 want: 0.19.12
4925 silly placeDep node_modules/drizzle-kit @esbuild/freebsd-arm64@0.19.12 OK for: esbuild@0.19.12 want: 0.19.12
4926 silly placeDep node_modules/drizzle-kit @esbuild/freebsd-x64@0.19.12 OK for: esbuild@0.19.12 want: 0.19.12
4927 silly placeDep node_modules/drizzle-kit @esbuild/linux-arm@0.19.12 OK for: esbuild@0.19.12 want: 0.19.12
4928 silly placeDep node_modules/drizzle-kit @esbuild/linux-arm64@0.19.12 OK for: esbuild@0.19.12 want: 0.19.12
4929 silly placeDep node_modules/drizzle-kit @esbuild/linux-ia32@0.19.12 OK for: esbuild@0.19.12 want: 0.19.12
4930 silly placeDep node_modules/drizzle-kit @esbuild/linux-loong64@0.19.12 OK for: esbuild@0.19.12 want: 0.19.12
4931 silly placeDep node_modules/drizzle-kit @esbuild/linux-mips64el@0.19.12 OK for: esbuild@0.19.12 want: 0.19.12
4932 silly placeDep node_modules/drizzle-kit @esbuild/linux-ppc64@0.19.12 OK for: esbuild@0.19.12 want: 0.19.12
4933 silly placeDep node_modules/drizzle-kit @esbuild/linux-riscv64@0.19.12 OK for: esbuild@0.19.12 want: 0.19.12
4934 silly placeDep node_modules/drizzle-kit @esbuild/linux-s390x@0.19.12 OK for: esbuild@0.19.12 want: 0.19.12
4935 silly placeDep node_modules/drizzle-kit @esbuild/linux-x64@0.19.12 OK for: esbuild@0.19.12 want: 0.19.12
4936 silly placeDep node_modules/drizzle-kit @esbuild/netbsd-x64@0.19.12 OK for: esbuild@0.19.12 want: 0.19.12
4937 silly placeDep node_modules/drizzle-kit @esbuild/openbsd-x64@0.19.12 OK for: esbuild@0.19.12 want: 0.19.12
4938 silly placeDep node_modules/drizzle-kit @esbuild/sunos-x64@0.19.12 OK for: esbuild@0.19.12 want: 0.19.12
4939 silly placeDep node_modules/drizzle-kit @esbuild/win32-arm64@0.19.12 OK for: esbuild@0.19.12 want: 0.19.12
4940 silly placeDep node_modules/drizzle-kit @esbuild/win32-ia32@0.19.12 OK for: esbuild@0.19.12 want: 0.19.12
4941 silly placeDep node_modules/drizzle-kit @esbuild/win32-x64@0.19.12 OK for: esbuild@0.19.12 want: 0.19.12
4942 silly placeDep node_modules/express-session ms@2.0.0 OK for: debug@2.6.9 want: 2.0.0
4943 silly placeDep node_modules/express ms@2.0.0 OK for: debug@2.6.9 want: 2.0.0
4944 silly placeDep node_modules/finalhandler ms@2.0.0 OK for: debug@2.6.9 want: 2.0.0
4945 silly placeDep node_modules/firebase-admin undici-types@6.21.0 OK for: @types/node@22.19.11 want: ~6.21.0
4946 silly placeDep ROOT whatwg-url@5.0.0 OK for: node-fetch@2.7.0 want: ^5.0.0
4947 silly fetch manifest tr46@~0.0.3
4948 silly packumentCache full:https://registry.npmjs.org/tr46 cache-miss
4949 silly fetch manifest webidl-conversions@^3.0.0
4950 silly packumentCache full:https://registry.npmjs.org/webidl-conversions cache-miss
4951 http fetch GET 200 https://registry.npmjs.org/webidl-conversions 35ms (cache miss)
4952 silly packumentCache full:https://registry.npmjs.org/webidl-conversions set size:undefined disposed:false
4953 http fetch GET 200 https://registry.npmjs.org/tr46 39ms (cache miss)
4954 silly packumentCache full:https://registry.npmjs.org/tr46 set size:undefined disposed:false
4955 silly placeDep ROOT tr46@0.0.3 OK for: whatwg-url@5.0.0 want: ~0.0.3
4956 silly placeDep ROOT webidl-conversions@3.0.1 OK for: whatwg-url@5.0.0 want: ^3.0.0
4957 silly placeDep node_modules/google-gax/node_modules/@grpc/grpc-js @grpc/proto-loader@0.8.0 OK for: @grpc/grpc-js@1.14.3 want: ^0.8.0
4958 silly placeDep ROOT @js-sdsl/ordered-map@4.4.2 OK for: @grpc/grpc-js@1.14.3 want: ^4.4.2
4959 silly placeDep node_modules/lru-memoizer yallist@4.0.0 OK for: lru-cache@6.0.0 want: ^4.0.0
4960 silly placeDep ROOT pseudomap@1.0.2 OK for: lru-cache@4.1.5 want: ^1.0.2
4961 silly placeDep node_modules/memorystore yallist@2.1.2 OK for: lru-cache@4.1.5 want: ^2.1.2
4962 silly placeDep node_modules/pg postgres-array@2.0.0 OK for: pg-types@2.2.0 want: ~2.0.0
4963 silly placeDep node_modules/pg postgres-bytea@1.0.1 OK for: pg-types@2.2.0 want: ~1.0.0
4964 silly placeDep node_modules/pg postgres-date@1.0.7 OK for: pg-types@2.2.0 want: ~1.0.4
4965 silly placeDep node_modules/pg postgres-interval@1.2.0 OK for: pg-types@2.2.0 want: ^1.1.0
4966 silly placeDep node_modules/qrcode cliui@6.0.0 OK for: yargs@15.4.1 want: ^6.0.0
4967 silly placeDep ROOT decamelize@1.2.0 OK for: yargs@15.4.1 want: ^1.2.0
4968 silly placeDep ROOT find-up@4.1.0 OK for: yargs@15.4.1 want: ^4.1.0
4969 silly placeDep ROOT require-main-filename@2.0.0 OK for: yargs@15.4.1 want: ^2.0.0
4970 silly placeDep ROOT set-blocking@2.0.0 OK for: yargs@15.4.1 want: ^2.0.0
4971 silly placeDep ROOT which-module@2.0.1 OK for: yargs@15.4.1 want: ^2.0.0
4972 silly placeDep node_modules/qrcode y18n@4.0.3 OK for: yargs@15.4.1 want: ^4.0.0
4973 silly placeDep node_modules/qrcode yargs-parser@18.1.3 OK for: yargs@15.4.1 want: ^18.1.2
4974 silly fetch manifest wrap-ansi@^6.2.0
4975 silly packumentCache full:https://registry.npmjs.org/wrap-ansi cache-miss
4976 silly fetch manifest locate-path@^5.0.0
4977 silly packumentCache full:https://registry.npmjs.org/locate-path cache-miss
4978 silly fetch manifest path-exists@^4.0.0
4979 silly packumentCache full:https://registry.npmjs.org/path-exists cache-miss
4980 silly fetch manifest camelcase@^5.0.0
4981 silly packumentCache full:https://registry.npmjs.org/camelcase cache-miss
4982 http cache https://registry.npmjs.org/wrap-ansi 4ms (cache hit)
4983 silly packumentCache full:https://registry.npmjs.org/wrap-ansi set size:55299 disposed:false
4984 http fetch GET 200 https://registry.npmjs.org/locate-path 28ms (cache miss)
4985 silly packumentCache full:https://registry.npmjs.org/locate-path set size:undefined disposed:false
4986 http fetch GET 200 https://registry.npmjs.org/path-exists 32ms (cache miss)
4987 silly packumentCache full:https://registry.npmjs.org/path-exists set size:undefined disposed:false
4988 http fetch GET 200 https://registry.npmjs.org/camelcase 42ms (cache miss)
4989 silly packumentCache full:https://registry.npmjs.org/camelcase set size:undefined disposed:false
4990 silly placeDep ROOT locate-path@5.0.0 OK for: find-up@4.1.0 want: ^5.0.0
4991 silly placeDep ROOT path-exists@4.0.0 OK for: find-up@4.1.0 want: ^4.0.0
4992 silly fetch manifest p-locate@^4.1.0
4993 silly packumentCache full:https://registry.npmjs.org/p-locate cache-miss
4994 http fetch GET 200 https://registry.npmjs.org/p-locate 40ms (cache miss)
4995 silly packumentCache full:https://registry.npmjs.org/p-locate set size:undefined disposed:false
4996 silly placeDep ROOT p-locate@4.1.0 OK for: locate-path@5.0.0 want: ^4.1.0
4997 silly fetch manifest p-limit@^2.2.0
4998 silly packumentCache full:https://registry.npmjs.org/p-limit cache-miss
4999 http cache https://registry.npmjs.org/p-limit 2ms (cache hit)
5000 silly packumentCache full:https://registry.npmjs.org/p-limit set size:61867 disposed:false
5001 silly placeDep node_modules/p-locate p-limit@2.3.0 OK for: p-locate@4.1.0 want: ^2.2.0
5002 silly fetch manifest p-try@^2.0.0
5003 silly packumentCache full:https://registry.npmjs.org/p-try cache-miss
5004 http fetch GET 200 https://registry.npmjs.org/p-try 32ms (cache miss)
5005 silly packumentCache full:https://registry.npmjs.org/p-try set size:undefined disposed:false
5006 silly placeDep ROOT p-try@2.2.0 OK for: p-limit@2.3.0 want: ^2.0.0
5007 silly placeDep node_modules/qrcode wrap-ansi@6.2.0 OK for: cliui@6.0.0 want: ^6.2.0
5008 silly placeDep ROOT camelcase@5.3.1 OK for: yargs-parser@18.1.3 want: ^5.0.0
5009 silly placeDep node_modules/send/node_modules/debug ms@2.0.0 OK for: debug@2.6.9 want: 2.0.0
5010 silly placeDep ROOT @tootallnate/once@2.0.0 OK for: http-proxy-agent@5.0.0 want: 2
5011 silly placeDep node_modules/teeny-request agent-base@6.0.2 OK for: http-proxy-agent@5.0.0 want: 6
5012 silly placeDep node_modules/tsx @esbuild/aix-ppc64@0.27.3 OK for: esbuild@0.27.3 want: 0.27.3
5013 silly placeDep node_modules/tsx @esbuild/android-arm@0.27.3 OK for: esbuild@0.27.3 want: 0.27.3
5014 silly placeDep node_modules/tsx @esbuild/android-arm64@0.27.3 OK for: esbuild@0.27.3 want: 0.27.3
5015 silly placeDep node_modules/tsx @esbuild/android-x64@0.27.3 OK for: esbuild@0.27.3 want: 0.27.3
5016 silly placeDep node_modules/tsx @esbuild/darwin-arm64@0.27.3 OK for: esbuild@0.27.3 want: 0.27.3
5017 silly placeDep node_modules/tsx @esbuild/darwin-x64@0.27.3 OK for: esbuild@0.27.3 want: 0.27.3
5018 silly placeDep node_modules/tsx @esbuild/freebsd-arm64@0.27.3 OK for: esbuild@0.27.3 want: 0.27.3
5019 silly placeDep node_modules/tsx @esbuild/freebsd-x64@0.27.3 OK for: esbuild@0.27.3 want: 0.27.3
5020 silly placeDep node_modules/tsx @esbuild/linux-arm@0.27.3 OK for: esbuild@0.27.3 want: 0.27.3
5021 silly placeDep node_modules/tsx @esbuild/linux-arm64@0.27.3 OK for: esbuild@0.27.3 want: 0.27.3
5022 silly placeDep node_modules/tsx @esbuild/linux-ia32@0.27.3 OK for: esbuild@0.27.3 want: 0.27.3
5023 silly placeDep node_modules/tsx @esbuild/linux-loong64@0.27.3 OK for: esbuild@0.27.3 want: 0.27.3
5024 silly placeDep node_modules/tsx @esbuild/linux-mips64el@0.27.3 OK for: esbuild@0.27.3 want: 0.27.3
5025 silly placeDep node_modules/tsx @esbuild/linux-ppc64@0.27.3 OK for: esbuild@0.27.3 want: 0.27.3
5026 silly placeDep node_modules/tsx @esbuild/linux-riscv64@0.27.3 OK for: esbuild@0.27.3 want: 0.27.3
5027 silly placeDep node_modules/tsx @esbuild/linux-s390x@0.27.3 OK for: esbuild@0.27.3 want: 0.27.3
5028 silly placeDep node_modules/tsx @esbuild/linux-x64@0.27.3 OK for: esbuild@0.27.3 want: 0.27.3
5029 silly placeDep node_modules/tsx @esbuild/netbsd-arm64@0.27.3 OK for: esbuild@0.27.3 want: 0.27.3
5030 silly placeDep node_modules/tsx @esbuild/netbsd-x64@0.27.3 OK for: esbuild@0.27.3 want: 0.27.3
5031 silly placeDep node_modules/tsx @esbuild/openbsd-arm64@0.27.3 OK for: esbuild@0.27.3 want: 0.27.3
5032 silly placeDep node_modules/tsx @esbuild/openbsd-x64@0.27.3 OK for: esbuild@0.27.3 want: 0.27.3
5033 silly placeDep node_modules/tsx @esbuild/openharmony-arm64@0.27.3 OK for: esbuild@0.27.3 want: 0.27.3
5034 silly placeDep node_modules/tsx @esbuild/sunos-x64@0.27.3 OK for: esbuild@0.27.3 want: 0.27.3
5035 silly placeDep node_modules/tsx @esbuild/win32-arm64@0.27.3 OK for: esbuild@0.27.3 want: 0.27.3
5036 silly placeDep node_modules/tsx @esbuild/win32-ia32@0.27.3 OK for: esbuild@0.27.3 want: 0.27.3
5037 silly placeDep node_modules/tsx @esbuild/win32-x64@0.27.3 OK for: esbuild@0.27.3 want: 0.27.3
5038 silly placeDep node_modules/vite @esbuild/aix-ppc64@0.21.5 OK for: esbuild@0.21.5 want: 0.21.5
5039 silly placeDep node_modules/vite @esbuild/android-arm@0.21.5 OK for: esbuild@0.21.5 want: 0.21.5
5040 silly placeDep node_modules/vite @esbuild/android-arm64@0.21.5 OK for: esbuild@0.21.5 want: 0.21.5
5041 silly placeDep node_modules/vite @esbuild/android-x64@0.21.5 OK for: esbuild@0.21.5 want: 0.21.5
5042 silly placeDep node_modules/vite @esbuild/darwin-arm64@0.21.5 OK for: esbuild@0.21.5 want: 0.21.5
5043 silly placeDep node_modules/vite @esbuild/darwin-x64@0.21.5 OK for: esbuild@0.21.5 want: 0.21.5
5044 silly placeDep node_modules/vite @esbuild/freebsd-arm64@0.21.5 OK for: esbuild@0.21.5 want: 0.21.5
5045 silly placeDep node_modules/vite @esbuild/freebsd-x64@0.21.5 OK for: esbuild@0.21.5 want: 0.21.5
5046 silly placeDep node_modules/vite @esbuild/linux-arm@0.21.5 OK for: esbuild@0.21.5 want: 0.21.5
5047 silly placeDep node_modules/vite @esbuild/linux-arm64@0.21.5 OK for: esbuild@0.21.5 want: 0.21.5
5048 silly placeDep node_modules/vite @esbuild/linux-ia32@0.21.5 OK for: esbuild@0.21.5 want: 0.21.5
5049 silly placeDep node_modules/vite @esbuild/linux-loong64@0.21.5 OK for: esbuild@0.21.5 want: 0.21.5
5050 silly placeDep node_modules/vite @esbuild/linux-mips64el@0.21.5 OK for: esbuild@0.21.5 want: 0.21.5
5051 silly placeDep node_modules/vite @esbuild/linux-ppc64@0.21.5 OK for: esbuild@0.21.5 want: 0.21.5
5052 silly placeDep node_modules/vite @esbuild/linux-riscv64@0.21.5 OK for: esbuild@0.21.5 want: 0.21.5
5053 silly placeDep node_modules/vite @esbuild/linux-s390x@0.21.5 OK for: esbuild@0.21.5 want: 0.21.5
5054 silly placeDep node_modules/vite @esbuild/linux-x64@0.21.5 OK for: esbuild@0.21.5 want: 0.21.5
5055 silly placeDep node_modules/vite @esbuild/netbsd-x64@0.21.5 OK for: esbuild@0.21.5 want: 0.21.5
5056 silly placeDep node_modules/vite @esbuild/openbsd-x64@0.21.5 OK for: esbuild@0.21.5 want: 0.21.5
5057 silly placeDep node_modules/vite @esbuild/sunos-x64@0.21.5 OK for: esbuild@0.21.5 want: 0.21.5
5058 silly placeDep node_modules/vite @esbuild/win32-arm64@0.21.5 OK for: esbuild@0.21.5 want: 0.21.5
5059 silly placeDep node_modules/vite @esbuild/win32-ia32@0.21.5 OK for: esbuild@0.21.5 want: 0.21.5
5060 silly placeDep node_modules/vite @esbuild/win32-x64@0.21.5 OK for: esbuild@0.21.5 want: 0.21.5
5061 silly reify moves {}
5062 verbose stack Error: EPERM: operation not permitted, mkdir '/Users/sg/SavageGentlemen/backend_test/node_modules'
5062 verbose stack     at async mkdir (node:internal/fs/promises:853:10)
5062 verbose stack     at async /Users/sg/.npm-global/lib/node_modules/npm/node_modules/@npmcli/arborist/lib/arborist/reify.js:624:20
5062 verbose stack     at async Promise.allSettled (index 0)
5062 verbose stack     at async [reifyPackages] (/Users/sg/.npm-global/lib/node_modules/npm/node_modules/@npmcli/arborist/lib/arborist/reify.js:325:11)
5062 verbose stack     at async Arborist.reify (/Users/sg/.npm-global/lib/node_modules/npm/node_modules/@npmcli/arborist/lib/arborist/reify.js:142:5)
5062 verbose stack     at async Install.exec (/Users/sg/.npm-global/lib/node_modules/npm/lib/commands/install.js:150:5)
5062 verbose stack     at async Npm.exec (/Users/sg/.npm-global/lib/node_modules/npm/lib/npm.js:207:9)
5062 verbose stack     at async module.exports (/Users/sg/.npm-global/lib/node_modules/npm/lib/cli/entry.js:74:5)
5063 error code EPERM
5064 error syscall mkdir
5065 error path /Users/sg/SavageGentlemen/backend_test/node_modules
5066 error errno -1
5067 error Error: EPERM: operation not permitted, mkdir '/Users/sg/SavageGentlemen/backend_test/node_modules'
5067 error     at async mkdir (node:internal/fs/promises:853:10)
5067 error     at async /Users/sg/.npm-global/lib/node_modules/npm/node_modules/@npmcli/arborist/lib/arborist/reify.js:624:20
5067 error     at async Promise.allSettled (index 0)
5067 error     at async [reifyPackages] (/Users/sg/.npm-global/lib/node_modules/npm/node_modules/@npmcli/arborist/lib/arborist/reify.js:325:11)
5067 error     at async Arborist.reify (/Users/sg/.npm-global/lib/node_modules/npm/node_modules/@npmcli/arborist/lib/arborist/reify.js:142:5)
5067 error     at async Install.exec (/Users/sg/.npm-global/lib/node_modules/npm/lib/commands/install.js:150:5)
5067 error     at async Npm.exec (/Users/sg/.npm-global/lib/node_modules/npm/lib/npm.js:207:9)
5067 error     at async module.exports (/Users/sg/.npm-global/lib/node_modules/npm/lib/cli/entry.js:74:5) {
5067 error   errno: -1,
5067 error   code: 'EPERM',
5067 error   syscall: 'mkdir',
5067 error   path: '/Users/sg/SavageGentlemen/backend_test/node_modules'
5067 error }
5068 error
5068 error The operation was rejected by your operating system.
5068 error It is likely you do not have the permissions to access this file as the current user
5068 error
5068 error If you believe this might be a permissions issue, please double-check the
5068 error permissions of the file and its containing directories, or try running
5068 error the command again as root/Administrator.
5069 silly unfinished npm timer reify 1771618215749
5070 silly unfinished npm timer reify:createSparse 1771618262173
5071 verbose cwd /Users/sg/SavageGentlemen/backend_test
5072 verbose os Darwin 23.6.0
5073 verbose node v23.8.0
5074 verbose npm  v10.9.1
5075 notice
5075 notice New [31mmajor[39m version of npm available! [31m10.9.1[39m -> [34m11.10.1[39m
5075 notice Changelog: [34mhttps://github.com/npm/cli/releases/tag/v11.10.1[39m
5075 notice To update run: [4mnpm install -g npm@11.10.1[24m
5075 notice  { force: true, [Symbol(proc-log.meta)]: true }
5076 verbose exit -1
5077 verbose code -1
5078 error A complete log of this run can be found in: /Users/sg/SavageGentlemen/.npm-cache2/_logs/2026-02-20T20_10_15_226Z-debug-0.log
